{
  "parent": "simplenergy:block/cable_base",
  "textures": {
    "0": "simplenergy:block/advanced_cable",
    "particle": "simplenergy:block/advanced_cable"
  },
  "elements": [
    {
      "from": [
        4,
        4,
        4
      ],
      "to": [
        12,
        12,
        16
      ],
      "faces": {
        "north": {
          "uv": [
            12,
            12,
            16,
            16
          ],
          "texture": "#0"
        },
        "east": {
          "uv": [
            8,
            2,
            12,
            8
          ],
          "rotation": 90,
          "texture": "#0"
        },
        "west": {
          "uv": [
            8,
            0,
            12,
            6
          ],
          "rotation": 90,
          "texture": "#0"
        },
        "up": {
          "uv": [
            8,
            2,
            12,
            8
          ],
          "texture": "#0"
        },
        "down": {
          "uv": [
            8,
            0,
            12,
            6
          ],
          "texture": "#0"
        }
      }
    },
    {
      "from": [
        2,
        2,
        14
      ],
      "to": [
        14,
        14,
        18
      ],
      "faces": {
        "north": {
          "uv": [
            2,
            8,
            8,
            14
          ],
          "texture": "#0"
        },
        "east": {
          "uv": [
            0,
            8,
            2,
            14
          ],
          "texture": "#0"
        },
        "south": {
          "uv": [
            2,
            8,
            8,
            14
          ],
          "texture": "#0"
        },
        "west": {
          "uv": [
            0,
            8,
            2,
            14
          ],
          "texture": "#0"
        },
        "up": {
          "uv": [
            0,
            8,
            2,
            14
          ],
          "rotation": 90,
          "texture": "#0"
        },
        "down": {
          "uv": [
            0,
            8,
            2,
            14
          ],
          "rotation": 90,
          "texture": "#0"
        }
      }
    }
  ]
}
