{
	"credit": "Made with Blockbench",
	"parent": "minecraft:item/generated",
	"textures": {
		"layer0": "vmag:item/magnet_1"
	},
	"display": {
		"thirdperson_righthand": {
			"rotation": [0, -90, 0],
			"translation": [0, 2.5, 0]
		},
		"thirdperson_lefthand": {
			"rotation": [0, -90, 0],
			"translation": [0, 2.5, 0]
		},
		"firstperson_righthand": {
			"rotation": [-77, -90, 0],
			"translation": [0.25, 3, 1.25]
		},
		"firstperson_lefthand": {
			"rotation": [-77, -90, 0],
			"translation": [0.25, 3, 1.25]
		},
		"ground": {
			"rotation": [44, 22, 0],
			"translation": [0, 1, 0],
			"scale": [0.7, 0.7, 0.7]
		},
		"gui": {
			"translation": [0.25, 0, 0],
			"scale": [1.3, 1.3, 1.3]
		},
		"head": {
			"translation": [0, 11.5, 0]
		},
		"fixed": {
			"translation": [0, 0, -0.75],
			"scale": [1.6, 1.6, 1.6]
		}
	}
}