{
  "display": {
    "icon": {
      "id": "minecraft:poisonous_potato",
      "components": {
        "minecraft:item_model": "jbt:mining_helmet"
      }
    },
    "title": {
      "translate": "jbt:adv_mining_helmet_title",
      "fallback": "Lightheaded"
    },
    "description": {
      "translate": "jbt:adv_mining_helmet_desc",
      "fallback": "Craft a Mining Helmet"
    },
    "show_toast": true,
    "announce_to_chat": true,
    "hidden": false
  },
  "parent": "jbt.main:visible/root",
  "criteria": {
    "": {
      "trigger": "minecraft:recipe_crafted",
      "conditions": {
        "recipe_id": "jbt.mining_helmet:mining_helmet"
      }
    }
  }
}