{
	"credit": "Made with Blockbench",
	"texture_size": [64, 64],
	"textures": {
		"3": "custom/honey_bottle_pack",
		"5": "custom/holder_bottles",
		"particle": "custom/holder_bottles"
	},
	"elements": [
		{
			"from": [0, 1, 3],
			"to": [1, 5, 14],
			"faces": {
				"north": {"uv": [8, 7.75, 8.25, 8.75], "texture": "#5"},
				"east": {"uv": [0, 5.5, 2.75, 6.5], "texture": "#5"},
				"south": {"uv": [2.75, 8.25, 3, 9.25], "texture": "#5"},
				"west": {"uv": [2.75, 6, 5.5, 7], "texture": "#5"},
				"up": {"uv": [2.25, 10.25, 2, 7.5], "texture": "#5"},
				"down": {"uv": [2.5, 7.5, 2.25, 10.25], "texture": "#5"}
			}
		},
		{
			"from": [1, 1, 3],
			"to": [15, 5, 4],
			"rotation": {"angle": 0, "axis": "y", "origin": [3.5, 1, 8]},
			"faces": {
				"north": {"uv": [4, 0, 7.5, 1], "texture": "#5"},
				"east": {"uv": [3, 8.25, 3.25, 9.25], "texture": "#5"},
				"south": {"uv": [4, 1, 7.5, 2], "texture": "#5"},
				"west": {"uv": [3.25, 8.25, 3.5, 9.25], "texture": "#5"},
				"up": {"uv": [11, 4.25, 7.5, 4], "texture": "#5"},
				"down": {"uv": [11, 4.25, 7.5, 4.5], "texture": "#5"}
			}
		},
		{
			"from": [1, 1, 13],
			"to": [15, 5, 14],
			"rotation": {"angle": 0, "axis": "y", "origin": [3.5, 1, 8]},
			"faces": {
				"north": {"uv": [4, 2, 7.5, 3], "texture": "#5"},
				"east": {"uv": [3.5, 8.25, 3.75, 9.25], "texture": "#5"},
				"south": {"uv": [4, 3, 7.5, 4], "texture": "#5"},
				"west": {"uv": [3.75, 8.25, 4, 9.25], "texture": "#5"},
				"up": {"uv": [11, 4.75, 7.5, 4.5], "texture": "#5"},
				"down": {"uv": [11, 4.75, 7.5, 5], "texture": "#5"}
			}
		},
		{
			"from": [1, 1, 8],
			"to": [15, 5, 9],
			"rotation": {"angle": 0, "axis": "y", "origin": [3.5, 1, 8]},
			"faces": {
				"north": {"uv": [4, 4, 7.5, 5], "texture": "#5"},
				"east": {"uv": [4, 8.25, 4.25, 9.25], "texture": "#5"},
				"south": {"uv": [4, 5, 7.5, 6], "texture": "#5"},
				"west": {"uv": [4.25, 8.25, 4.5, 9.25], "texture": "#5"},
				"up": {"uv": [11, 5.25, 7.5, 5], "texture": "#5"},
				"down": {"uv": [11, 5.25, 7.5, 5.5], "texture": "#5"}
			}
		},
		{
			"from": [1, 5, 8],
			"to": [6, 8, 9],
			"rotation": {"angle": 0, "axis": "y", "origin": [3.5, 1, 8]},
			"faces": {
				"north": {"uv": [7.5, 1, 8.75, 1.75], "texture": "#5"},
				"east": {"uv": [6.25, 8.5, 6.5, 9.25], "texture": "#5"},
				"south": {"uv": [7.5, 1.75, 8.75, 2.5], "texture": "#5"},
				"west": {"uv": [6.5, 8.5, 6.75, 9.25], "texture": "#5"},
				"up": {"uv": [4, 5.75, 2.75, 5.5], "texture": "#5"},
				"down": {"uv": [4, 5.75, 2.75, 6], "texture": "#5"}
			}
		},
		{
			"from": [10, 5, 8],
			"to": [15, 8, 9],
			"rotation": {"angle": 0, "axis": "y", "origin": [3.5, 1, 8]},
			"faces": {
				"north": {"uv": [7.5, 2.5, 8.75, 3.25], "texture": "#5"},
				"east": {"uv": [6.75, 8.5, 7, 9.25], "texture": "#5"},
				"south": {"uv": [7.5, 3.25, 8.75, 4], "texture": "#5"},
				"west": {"uv": [7, 8.5, 7.25, 9.25], "texture": "#5"},
				"up": {"uv": [9.25, 7.5, 8, 7.25], "texture": "#5"},
				"down": {"uv": [9.25, 7.5, 8, 7.75], "texture": "#5"}
			}
		},
		{
			"from": [6, 5, 8],
			"to": [10, 6, 9],
			"rotation": {"angle": 0, "axis": "y", "origin": [3.5, 1, 8]},
			"faces": {
				"north": {"uv": [4.5, 8.25, 5.5, 8.5], "texture": "#5"},
				"east": {"uv": [7.25, 8.5, 7.5, 8.75], "texture": "#5"},
				"south": {"uv": [5.5, 8.25, 6.5, 8.5], "texture": "#5"},
				"west": {"uv": [8.5, 8, 8.75, 8.25], "texture": "#5"},
				"up": {"uv": [9.25, 6.25, 8.25, 6], "texture": "#5"},
				"down": {"uv": [9.25, 6.25, 8.25, 6.5], "texture": "#5"}
			}
		},
		{
			"from": [6, 7, 8],
			"to": [10, 8, 9],
			"rotation": {"angle": 0, "axis": "y", "origin": [3.5, 1, 8]},
			"faces": {
				"north": {"uv": [6.5, 8.25, 7.5, 8.5], "texture": "#5"},
				"east": {"uv": [8.5, 8.25, 8.75, 8.5], "texture": "#5"},
				"south": {"uv": [8.25, 6.5, 9.25, 6.75], "texture": "#5"},
				"west": {"uv": [8.5, 8.5, 8.75, 8.75], "texture": "#5"},
				"up": {"uv": [9.25, 7, 8.25, 6.75], "texture": "#5"},
				"down": {"uv": [9.25, 7.75, 8.25, 8], "texture": "#5"}
			}
		},
		{
			"from": [0, 0, 3],
			"to": [16, 1, 14],
			"rotation": {"angle": 0, "axis": "y", "origin": [3.5, 1, 8]},
			"faces": {
				"north": {"uv": [2.75, 7, 6.75, 7.25], "texture": "#5"},
				"east": {"uv": [7.5, 5.5, 10.25, 5.75], "texture": "#5"},
				"south": {"uv": [6.75, 7, 10.75, 7.25], "texture": "#5"},
				"west": {"uv": [7.5, 5.75, 10.25, 6], "texture": "#5"},
				"up": {"uv": [4, 2.75, 0, 0], "texture": "#5"},
				"down": {"uv": [4, 2.75, 0, 5.5], "texture": "#5"}
			}
		},
		{
			"from": [15, 1, 3],
			"to": [16, 5, 14],
			"faces": {
				"north": {"uv": [7.5, 8.25, 7.75, 9.25], "texture": "#5"},
				"east": {"uv": [5.5, 6, 8.25, 7], "texture": "#5"},
				"south": {"uv": [8.25, 8, 8.5, 9], "texture": "#5"},
				"west": {"uv": [0, 6.5, 2.75, 7.5], "texture": "#5"},
				"up": {"uv": [2.75, 10.25, 2.5, 7.5], "texture": "#5"},
				"down": {"uv": [8, 7.25, 7.75, 10], "texture": "#5"}
			}
		},
		{
			"from": [10, 1, 9],
			"to": [11, 5, 13],
			"faces": {
				"north": {"uv": [0, 8.5, 0.25, 9.5], "texture": "#5"},
				"east": {"uv": [2.75, 7.25, 3.75, 8.25], "texture": "#5"},
				"south": {"uv": [8.5, 0, 8.75, 1], "texture": "#5"},
				"west": {"uv": [3.75, 7.25, 4.75, 8.25], "texture": "#5"},
				"up": {"uv": [0.5, 9.5, 0.25, 8.5], "texture": "#5"},
				"down": {"uv": [0.75, 8.5, 0.5, 9.5], "texture": "#5"}
			}
		},
		{
			"from": [5, 1, 9],
			"to": [6, 5, 13],
			"faces": {
				"north": {"uv": [0.75, 8.5, 1, 9.5], "texture": "#5"},
				"east": {"uv": [4.75, 7.25, 5.75, 8.25], "texture": "#5"},
				"south": {"uv": [1, 8.5, 1.25, 9.5], "texture": "#5"},
				"west": {"uv": [5.75, 7.25, 6.75, 8.25], "texture": "#5"},
				"up": {"uv": [1.5, 9.5, 1.25, 8.5], "texture": "#5"},
				"down": {"uv": [1.75, 8.5, 1.5, 9.5], "texture": "#5"}
			}
		},
		{
			"from": [5, 1, 4],
			"to": [6, 5, 8],
			"faces": {
				"north": {"uv": [1.75, 8.5, 2, 9.5], "texture": "#5"},
				"east": {"uv": [6.75, 7.25, 7.75, 8.25], "texture": "#5"},
				"south": {"uv": [4.5, 8.5, 4.75, 9.5], "texture": "#5"},
				"west": {"uv": [0, 7.5, 1, 8.5], "texture": "#5"},
				"up": {"uv": [5, 9.5, 4.75, 8.5], "texture": "#5"},
				"down": {"uv": [5.25, 8.5, 5, 9.5], "texture": "#5"}
			}
		},
		{
			"from": [10, 1, 4],
			"to": [11, 5, 8],
			"faces": {
				"north": {"uv": [5.25, 8.5, 5.5, 9.5], "texture": "#5"},
				"east": {"uv": [7.5, 0, 8.5, 1], "texture": "#5"},
				"south": {"uv": [5.5, 8.5, 5.75, 9.5], "texture": "#5"},
				"west": {"uv": [1, 7.5, 2, 8.5], "texture": "#5"},
				"up": {"uv": [6, 9.5, 5.75, 8.5], "texture": "#5"},
				"down": {"uv": [6.25, 8.5, 6, 9.5], "texture": "#5"}
			}
		},
		{
			"from": [1.25, 2, 4.25],
			"to": [4.75, 5, 7.75],
			"faces": {
				"north": {"uv": [4, 0, 7.5, 3], "texture": "#3"},
				"east": {"uv": [4, 3, 7.5, 6], "texture": "#3"},
				"south": {"uv": [4, 6, 7.5, 9], "texture": "#3"},
				"west": {"uv": [0, 8, 3.5, 11], "texture": "#3"},
				"up": {"uv": [3.5, 3.5, 0, 0], "texture": "#3"},
				"down": {"uv": [3.5, 4, 0, 7.5], "texture": "#3"}
			}
		},
		{
			"from": [1.5, 5, 4.5],
			"to": [4.5, 5.5, 7.5],
			"faces": {
				"north": {"uv": [11, 2, 14, 2.5], "texture": "#3"},
				"east": {"uv": [11, 3, 14, 3.5], "texture": "#3"},
				"south": {"uv": [11, 4, 14, 4.5], "texture": "#3"},
				"west": {"uv": [11, 5, 14, 5.5], "texture": "#3"},
				"up": {"uv": [11, 3, 8, 0], "texture": "#3"},
				"down": {"uv": [11, 3, 8, 6], "texture": "#3"}
			}
		},
		{
			"from": [1.75, 5.5, 4.75],
			"to": [4.25, 6, 7.25],
			"faces": {
				"north": {"uv": [11, 8, 13.5, 8.5], "texture": "#3"},
				"east": {"uv": [9, 11, 11.5, 11.5], "texture": "#3"},
				"south": {"uv": [11, 9, 13.5, 9.5], "texture": "#3"},
				"west": {"uv": [11, 10, 13.5, 10.5], "texture": "#3"},
				"up": {"uv": [10.5, 8.5, 8, 6], "texture": "#3"},
				"down": {"uv": [6.5, 9, 4, 11.5], "texture": "#3"}
			}
		},
		{
			"from": [2, 6.5, 5],
			"to": [4, 7, 7],
			"faces": {
				"north": {"uv": [2, 12, 4, 12.5], "texture": "#3"},
				"east": {"uv": [4, 12, 6, 12.5], "texture": "#3"},
				"south": {"uv": [6, 12, 8, 12.5], "texture": "#3"},
				"west": {"uv": [8, 12, 10, 12.5], "texture": "#3"},
				"up": {"uv": [9, 11, 7, 9], "texture": "#3"},
				"down": {"uv": [11, 9, 9, 11], "texture": "#3"}
			}
		},
		{
			"from": [2.25, 6, 5.25],
			"to": [3.75, 6.5, 6.75],
			"rotation": {"angle": 0, "axis": "y", "origin": [3, 6.5, 6]},
			"faces": {
				"north": {"uv": [2, 11, 3.5, 12], "texture": "#3"},
				"east": {"uv": [11, 6, 12.5, 7], "texture": "#3"},
				"south": {"uv": [7, 11, 8.5, 12], "texture": "#3"},
				"west": {"uv": [11, 7, 12.5, 8], "texture": "#3"},
				"up": {"uv": [1.5, 12.5, 0, 11], "texture": "#3"},
				"down": {"uv": [12.5, 0, 11, 1.5], "texture": "#3"}
			}
		},
		{
			"from": [2.5, 6.5, 5.5],
			"to": [3.5, 7.25, 6.5],
			"faces": {
				"north": {"uv": [10, 12, 11, 13], "texture": "#3"},
				"east": {"uv": [11, 12, 12, 13], "texture": "#3"},
				"south": {"uv": [12, 11, 13, 12], "texture": "#3"},
				"west": {"uv": [12, 12, 13, 13], "texture": "#3"},
				"up": {"uv": [1, 14, 0, 13], "texture": "#3"},
				"down": {"uv": [14, 0, 13, 1], "texture": "#3"}
			}
		},
		{
			"from": [1.25, 2, 9.25],
			"to": [4.75, 5, 12.75],
			"rotation": {"angle": 0, "axis": "y", "origin": [3, 5.4375, 11]},
			"faces": {
				"north": {"uv": [0, 8, 3.5, 11], "texture": "#3"},
				"east": {"uv": [4, 0, 7.5, 3], "texture": "#3"},
				"south": {"uv": [4, 3, 7.5, 6], "texture": "#3"},
				"west": {"uv": [4, 6, 7.5, 9], "texture": "#3"},
				"up": {"uv": [3.5, 3.5, 0, 0], "rotation": 90, "texture": "#3"},
				"down": {"uv": [3.5, 4, 0, 7.5], "rotation": 270, "texture": "#3"}
			}
		},
		{
			"from": [1.5, 5, 9.5],
			"to": [4.5, 5.5, 12.5],
			"rotation": {"angle": 0, "axis": "y", "origin": [3, 5.4375, 11]},
			"faces": {
				"north": {"uv": [11, 5, 14, 5.5], "texture": "#3"},
				"east": {"uv": [11, 2, 14, 2.5], "texture": "#3"},
				"south": {"uv": [11, 3, 14, 3.5], "texture": "#3"},
				"west": {"uv": [11, 4, 14, 4.5], "texture": "#3"},
				"up": {"uv": [11, 3, 8, 0], "rotation": 90, "texture": "#3"},
				"down": {"uv": [11, 3, 8, 6], "rotation": 270, "texture": "#3"}
			}
		},
		{
			"from": [1.75, 5.5, 9.75],
			"to": [4.25, 6, 12.25],
			"rotation": {"angle": 0, "axis": "y", "origin": [3, 5.4375, 11]},
			"faces": {
				"north": {"uv": [11, 10, 13.5, 10.5], "texture": "#3"},
				"east": {"uv": [11, 8, 13.5, 8.5], "texture": "#3"},
				"south": {"uv": [9, 11, 11.5, 11.5], "texture": "#3"},
				"west": {"uv": [11, 9, 13.5, 9.5], "texture": "#3"},
				"up": {"uv": [10.5, 8.5, 8, 6], "rotation": 90, "texture": "#3"},
				"down": {"uv": [6.5, 9, 4, 11.5], "rotation": 270, "texture": "#3"}
			}
		},
		{
			"from": [2, 6.5, 10],
			"to": [4, 7, 12],
			"rotation": {"angle": 0, "axis": "y", "origin": [3, 5.4375, 11]},
			"faces": {
				"north": {"uv": [8, 12, 10, 12.5], "texture": "#3"},
				"east": {"uv": [2, 12, 4, 12.5], "texture": "#3"},
				"south": {"uv": [4, 12, 6, 12.5], "texture": "#3"},
				"west": {"uv": [6, 12, 8, 12.5], "texture": "#3"},
				"up": {"uv": [9, 11, 7, 9], "rotation": 90, "texture": "#3"},
				"down": {"uv": [11, 9, 9, 11], "rotation": 270, "texture": "#3"}
			}
		},
		{
			"from": [2.25, 6, 10.25],
			"to": [3.75, 6.5, 11.75],
			"rotation": {"angle": 0, "axis": "y", "origin": [3, 5.4375, 11]},
			"faces": {
				"north": {"uv": [2, 11, 3.5, 12], "texture": "#3"},
				"east": {"uv": [11, 6, 12.5, 7], "texture": "#3"},
				"south": {"uv": [7, 11, 8.5, 12], "texture": "#3"},
				"west": {"uv": [11, 7, 12.5, 8], "texture": "#3"},
				"up": {"uv": [1.5, 12.5, 0, 11], "texture": "#3"},
				"down": {"uv": [12.5, 0, 11, 1.5], "texture": "#3"}
			}
		},
		{
			"from": [2.5, 6.5, 10.5],
			"to": [3.5, 7.25, 11.5],
			"rotation": {"angle": 0, "axis": "y", "origin": [3, 7.375, 11]},
			"faces": {
				"north": {"uv": [10, 12, 11, 13], "texture": "#3"},
				"east": {"uv": [11, 12, 12, 13], "texture": "#3"},
				"south": {"uv": [12, 11, 13, 12], "texture": "#3"},
				"west": {"uv": [12, 12, 13, 13], "texture": "#3"},
				"up": {"uv": [1, 14, 0, 13], "texture": "#3"},
				"down": {"uv": [14, 0, 13, 1], "texture": "#3"}
			}
		},
		{
			"from": [6.25, 2, 9.25],
			"to": [9.75, 5, 12.75],
			"rotation": {"angle": 0, "axis": "y", "origin": [8, 5.4375, 11]},
			"faces": {
				"north": {"uv": [4, 3, 7.5, 6], "texture": "#3"},
				"east": {"uv": [4, 6, 7.5, 9], "texture": "#3"},
				"south": {"uv": [0, 8, 3.5, 11], "texture": "#3"},
				"west": {"uv": [4, 0, 7.5, 3], "texture": "#3"},
				"up": {"uv": [3.5, 3.5, 0, 0], "rotation": 270, "texture": "#3"},
				"down": {"uv": [3.5, 4, 0, 7.5], "rotation": 90, "texture": "#3"}
			}
		},
		{
			"from": [6.5, 5, 9.5],
			"to": [9.5, 5.5, 12.5],
			"rotation": {"angle": 0, "axis": "y", "origin": [8, 5.4375, 11]},
			"faces": {
				"north": {"uv": [11, 3, 14, 3.5], "texture": "#3"},
				"east": {"uv": [11, 4, 14, 4.5], "texture": "#3"},
				"south": {"uv": [11, 5, 14, 5.5], "texture": "#3"},
				"west": {"uv": [11, 2, 14, 2.5], "texture": "#3"},
				"up": {"uv": [11, 3, 8, 0], "rotation": 270, "texture": "#3"},
				"down": {"uv": [11, 3, 8, 6], "rotation": 90, "texture": "#3"}
			}
		},
		{
			"from": [6.75, 5.5, 9.75],
			"to": [9.25, 6, 12.25],
			"rotation": {"angle": 0, "axis": "y", "origin": [8, 5.4375, 11]},
			"faces": {
				"north": {"uv": [9, 11, 11.5, 11.5], "texture": "#3"},
				"east": {"uv": [11, 9, 13.5, 9.5], "texture": "#3"},
				"south": {"uv": [11, 10, 13.5, 10.5], "texture": "#3"},
				"west": {"uv": [11, 8, 13.5, 8.5], "texture": "#3"},
				"up": {"uv": [10.5, 8.5, 8, 6], "rotation": 270, "texture": "#3"},
				"down": {"uv": [6.5, 9, 4, 11.5], "rotation": 90, "texture": "#3"}
			}
		},
		{
			"from": [7, 6.5, 10],
			"to": [9, 7, 12],
			"rotation": {"angle": 0, "axis": "y", "origin": [8, 5.4375, 11]},
			"faces": {
				"north": {"uv": [4, 12, 6, 12.5], "texture": "#3"},
				"east": {"uv": [6, 12, 8, 12.5], "texture": "#3"},
				"south": {"uv": [8, 12, 10, 12.5], "texture": "#3"},
				"west": {"uv": [2, 12, 4, 12.5], "texture": "#3"},
				"up": {"uv": [9, 11, 7, 9], "rotation": 270, "texture": "#3"},
				"down": {"uv": [11, 9, 9, 11], "rotation": 90, "texture": "#3"}
			}
		},
		{
			"from": [7.25, 6, 10.25],
			"to": [8.75, 6.5, 11.75],
			"rotation": {"angle": 0, "axis": "y", "origin": [8, 6.5, 11]},
			"faces": {
				"north": {"uv": [2, 11, 3.5, 12], "texture": "#3"},
				"east": {"uv": [11, 6, 12.5, 7], "texture": "#3"},
				"south": {"uv": [7, 11, 8.5, 12], "texture": "#3"},
				"west": {"uv": [11, 7, 12.5, 8], "texture": "#3"},
				"up": {"uv": [1.5, 12.5, 0, 11], "texture": "#3"},
				"down": {"uv": [12.5, 0, 11, 1.5], "texture": "#3"}
			}
		},
		{
			"from": [7.5, 6.5, 10.5],
			"to": [8.5, 7.25, 11.5],
			"rotation": {"angle": 0, "axis": "y", "origin": [8, 7.375, 11]},
			"faces": {
				"north": {"uv": [10, 12, 11, 13], "texture": "#3"},
				"east": {"uv": [11, 12, 12, 13], "texture": "#3"},
				"south": {"uv": [12, 11, 13, 12], "texture": "#3"},
				"west": {"uv": [12, 12, 13, 13], "texture": "#3"},
				"up": {"uv": [1, 14, 0, 13], "texture": "#3"},
				"down": {"uv": [14, 0, 13, 1], "texture": "#3"}
			}
		},
		{
			"from": [11.25, 2, 9.25],
			"to": [14.75, 5, 12.75],
			"faces": {
				"north": {"uv": [4, 0, 7.5, 3], "texture": "#3"},
				"east": {"uv": [4, 3, 7.5, 6], "texture": "#3"},
				"south": {"uv": [4, 6, 7.5, 9], "texture": "#3"},
				"west": {"uv": [0, 8, 3.5, 11], "texture": "#3"},
				"up": {"uv": [3.5, 3.5, 0, 0], "texture": "#3"},
				"down": {"uv": [3.5, 4, 0, 7.5], "texture": "#3"}
			}
		},
		{
			"from": [11.5, 5, 9.5],
			"to": [14.5, 5.5, 12.5],
			"faces": {
				"north": {"uv": [11, 2, 14, 2.5], "texture": "#3"},
				"east": {"uv": [11, 3, 14, 3.5], "texture": "#3"},
				"south": {"uv": [11, 4, 14, 4.5], "texture": "#3"},
				"west": {"uv": [11, 5, 14, 5.5], "texture": "#3"},
				"up": {"uv": [11, 3, 8, 0], "texture": "#3"},
				"down": {"uv": [11, 3, 8, 6], "texture": "#3"}
			}
		},
		{
			"from": [11.75, 5.5, 9.75],
			"to": [14.25, 6, 12.25],
			"faces": {
				"north": {"uv": [11, 8, 13.5, 8.5], "texture": "#3"},
				"east": {"uv": [9, 11, 11.5, 11.5], "texture": "#3"},
				"south": {"uv": [11, 9, 13.5, 9.5], "texture": "#3"},
				"west": {"uv": [11, 10, 13.5, 10.5], "texture": "#3"},
				"up": {"uv": [10.5, 8.5, 8, 6], "texture": "#3"},
				"down": {"uv": [6.5, 9, 4, 11.5], "texture": "#3"}
			}
		},
		{
			"from": [12, 6.5, 10],
			"to": [14, 7, 12],
			"faces": {
				"north": {"uv": [2, 12, 4, 12.5], "texture": "#3"},
				"east": {"uv": [4, 12, 6, 12.5], "texture": "#3"},
				"south": {"uv": [6, 12, 8, 12.5], "texture": "#3"},
				"west": {"uv": [8, 12, 10, 12.5], "texture": "#3"},
				"up": {"uv": [9, 11, 7, 9], "texture": "#3"},
				"down": {"uv": [11, 9, 9, 11], "texture": "#3"}
			}
		},
		{
			"from": [12.25, 6, 10.25],
			"to": [13.75, 6.5, 11.75],
			"faces": {
				"north": {"uv": [2, 11, 3.5, 12], "texture": "#3"},
				"east": {"uv": [11, 6, 12.5, 7], "texture": "#3"},
				"south": {"uv": [7, 11, 8.5, 12], "texture": "#3"},
				"west": {"uv": [11, 7, 12.5, 8], "texture": "#3"},
				"up": {"uv": [1.5, 12.5, 0, 11], "texture": "#3"},
				"down": {"uv": [12.5, 0, 11, 1.5], "texture": "#3"}
			}
		},
		{
			"from": [12.5, 6.5, 10.5],
			"to": [13.5, 7.25, 11.5],
			"faces": {
				"north": {"uv": [10, 12, 11, 13], "texture": "#3"},
				"east": {"uv": [11, 12, 12, 13], "texture": "#3"},
				"south": {"uv": [12, 11, 13, 12], "texture": "#3"},
				"west": {"uv": [12, 12, 13, 13], "texture": "#3"},
				"up": {"uv": [1, 14, 0, 13], "texture": "#3"},
				"down": {"uv": [14, 0, 13, 1], "texture": "#3"}
			}
		},
		{
			"from": [11.25, 2, 4.25],
			"to": [14.75, 5, 7.75],
			"rotation": {"angle": 0, "axis": "y", "origin": [13, 5.4375, 6]},
			"faces": {
				"north": {"uv": [4, 3, 7.5, 6], "texture": "#3"},
				"east": {"uv": [4, 6, 7.5, 9], "texture": "#3"},
				"south": {"uv": [0, 8, 3.5, 11], "texture": "#3"},
				"west": {"uv": [4, 0, 7.5, 3], "texture": "#3"},
				"up": {"uv": [3.5, 3.5, 0, 0], "rotation": 270, "texture": "#3"},
				"down": {"uv": [3.5, 4, 0, 7.5], "rotation": 90, "texture": "#3"}
			}
		},
		{
			"from": [11.5, 5, 4.5],
			"to": [14.5, 5.5, 7.5],
			"rotation": {"angle": 0, "axis": "y", "origin": [13, 5.4375, 6]},
			"faces": {
				"north": {"uv": [11, 3, 14, 3.5], "texture": "#3"},
				"east": {"uv": [11, 4, 14, 4.5], "texture": "#3"},
				"south": {"uv": [11, 5, 14, 5.5], "texture": "#3"},
				"west": {"uv": [11, 2, 14, 2.5], "texture": "#3"},
				"up": {"uv": [11, 3, 8, 0], "rotation": 270, "texture": "#3"},
				"down": {"uv": [11, 3, 8, 6], "rotation": 90, "texture": "#3"}
			}
		},
		{
			"from": [11.75, 5.5, 4.75],
			"to": [14.25, 6, 7.25],
			"rotation": {"angle": 0, "axis": "y", "origin": [13, 5.4375, 6]},
			"faces": {
				"north": {"uv": [9, 11, 11.5, 11.5], "texture": "#3"},
				"east": {"uv": [11, 9, 13.5, 9.5], "texture": "#3"},
				"south": {"uv": [11, 10, 13.5, 10.5], "texture": "#3"},
				"west": {"uv": [11, 8, 13.5, 8.5], "texture": "#3"},
				"up": {"uv": [10.5, 8.5, 8, 6], "rotation": 270, "texture": "#3"},
				"down": {"uv": [6.5, 9, 4, 11.5], "rotation": 90, "texture": "#3"}
			}
		},
		{
			"from": [12, 6.5, 5],
			"to": [14, 7, 7],
			"rotation": {"angle": 0, "axis": "y", "origin": [13, 5.4375, 6]},
			"faces": {
				"north": {"uv": [4, 12, 6, 12.5], "texture": "#3"},
				"east": {"uv": [6, 12, 8, 12.5], "texture": "#3"},
				"south": {"uv": [8, 12, 10, 12.5], "texture": "#3"},
				"west": {"uv": [2, 12, 4, 12.5], "texture": "#3"},
				"up": {"uv": [9, 11, 7, 9], "rotation": 270, "texture": "#3"},
				"down": {"uv": [11, 9, 9, 11], "rotation": 90, "texture": "#3"}
			}
		},
		{
			"from": [12.25, 6, 5.25],
			"to": [13.75, 6.5, 6.75],
			"rotation": {"angle": 0, "axis": "y", "origin": [13, 6.5, 6]},
			"faces": {
				"north": {"uv": [2, 11, 3.5, 12], "texture": "#3"},
				"east": {"uv": [11, 6, 12.5, 7], "texture": "#3"},
				"south": {"uv": [7, 11, 8.5, 12], "texture": "#3"},
				"west": {"uv": [11, 7, 12.5, 8], "texture": "#3"},
				"up": {"uv": [1.5, 12.5, 0, 11], "texture": "#3"},
				"down": {"uv": [12.5, 0, 11, 1.5], "texture": "#3"}
			}
		},
		{
			"from": [12.5, 6.5, 5.5],
			"to": [13.5, 7.25, 6.5],
			"rotation": {"angle": 0, "axis": "y", "origin": [13, 7.375, 6]},
			"faces": {
				"north": {"uv": [10, 12, 11, 13], "texture": "#3"},
				"east": {"uv": [11, 12, 12, 13], "texture": "#3"},
				"south": {"uv": [12, 11, 13, 12], "texture": "#3"},
				"west": {"uv": [12, 12, 13, 13], "texture": "#3"},
				"up": {"uv": [1, 14, 0, 13], "texture": "#3"},
				"down": {"uv": [14, 0, 13, 1], "texture": "#3"}
			}
		},
		{
			"from": [6.25, 2, 4.25],
			"to": [9.75, 5, 7.75],
			"rotation": {"angle": 0, "axis": "y", "origin": [8, 5.4375, 6]},
			"faces": {
				"north": {"uv": [0, 8, 3.5, 11], "texture": "#3"},
				"east": {"uv": [4, 0, 7.5, 3], "texture": "#3"},
				"south": {"uv": [4, 3, 7.5, 6], "texture": "#3"},
				"west": {"uv": [4, 6, 7.5, 9], "texture": "#3"},
				"up": {"uv": [3.5, 3.5, 0, 0], "rotation": 90, "texture": "#3"},
				"down": {"uv": [3.5, 4, 0, 7.5], "rotation": 270, "texture": "#3"}
			}
		},
		{
			"from": [6.5, 5, 4.5],
			"to": [9.5, 5.5, 7.5],
			"rotation": {"angle": 0, "axis": "y", "origin": [8, 5.4375, 6]},
			"faces": {
				"north": {"uv": [11, 5, 14, 5.5], "texture": "#3"},
				"east": {"uv": [11, 2, 14, 2.5], "texture": "#3"},
				"south": {"uv": [11, 3, 14, 3.5], "texture": "#3"},
				"west": {"uv": [11, 4, 14, 4.5], "texture": "#3"},
				"up": {"uv": [11, 3, 8, 0], "rotation": 90, "texture": "#3"},
				"down": {"uv": [11, 3, 8, 6], "rotation": 270, "texture": "#3"}
			}
		},
		{
			"from": [6.75, 5.5, 4.75],
			"to": [9.25, 6, 7.25],
			"rotation": {"angle": 0, "axis": "y", "origin": [8, 5.4375, 6]},
			"faces": {
				"north": {"uv": [11, 10, 13.5, 10.5], "texture": "#3"},
				"east": {"uv": [11, 8, 13.5, 8.5], "texture": "#3"},
				"south": {"uv": [9, 11, 11.5, 11.5], "texture": "#3"},
				"west": {"uv": [11, 9, 13.5, 9.5], "texture": "#3"},
				"up": {"uv": [10.5, 8.5, 8, 6], "rotation": 90, "texture": "#3"},
				"down": {"uv": [6.5, 9, 4, 11.5], "rotation": 270, "texture": "#3"}
			}
		},
		{
			"from": [7, 6.5, 5],
			"to": [9, 7, 7],
			"rotation": {"angle": 0, "axis": "y", "origin": [8, 5.4375, 6]},
			"faces": {
				"north": {"uv": [8, 12, 10, 12.5], "texture": "#3"},
				"east": {"uv": [2, 12, 4, 12.5], "texture": "#3"},
				"south": {"uv": [4, 12, 6, 12.5], "texture": "#3"},
				"west": {"uv": [6, 12, 8, 12.5], "texture": "#3"},
				"up": {"uv": [9, 11, 7, 9], "rotation": 90, "texture": "#3"},
				"down": {"uv": [11, 9, 9, 11], "rotation": 270, "texture": "#3"}
			}
		},
		{
			"from": [7.25, 6, 5.25],
			"to": [8.75, 6.5, 6.75],
			"rotation": {"angle": 0, "axis": "y", "origin": [8, 6.5, 6]},
			"faces": {
				"north": {"uv": [2, 11, 3.5, 12], "texture": "#3"},
				"east": {"uv": [11, 6, 12.5, 7], "texture": "#3"},
				"south": {"uv": [7, 11, 8.5, 12], "texture": "#3"},
				"west": {"uv": [11, 7, 12.5, 8], "texture": "#3"},
				"up": {"uv": [1.5, 12.5, 0, 11], "texture": "#3"},
				"down": {"uv": [12.5, 0, 11, 1.5], "texture": "#3"}
			}
		},
		{
			"from": [7.5, 6.5, 5.5],
			"to": [8.5, 7.25, 6.5],
			"rotation": {"angle": 0, "axis": "y", "origin": [8, 7.375, 6]},
			"faces": {
				"north": {"uv": [10, 12, 11, 13], "texture": "#3"},
				"east": {"uv": [11, 12, 12, 13], "texture": "#3"},
				"south": {"uv": [12, 11, 13, 12], "texture": "#3"},
				"west": {"uv": [12, 12, 13, 13], "texture": "#3"},
				"up": {"uv": [1, 14, 0, 13], "texture": "#3"},
				"down": {"uv": [14, 0, 13, 1], "texture": "#3"}
			}
		}
	],
	"display": {
		"thirdperson_righthand": {
			"rotation": [70, 90, 0],
			"translation": [0.25, -1, 0.75],
			"scale": [0.6, 0.8, 0.6]
		},
		"thirdperson_lefthand": {
			"rotation": [70, 90, 0],
			"translation": [0.25, -1, 0.75],
			"scale": [0.6, 0.8, 0.6]
		},
		"firstperson_righthand": {
			"rotation": [0, 90, 0],
			"translation": [5.25, -0.5, 0.75],
			"scale": [0.6, 0.8, 0.6]
		},
		"firstperson_lefthand": {
			"rotation": [0, 90, 0],
			"translation": [5.25, -0.5, 0.75],
			"scale": [0.6, 0.8, 0.6]
		},
		"ground": {
			"translation": [0, 4, 0],
			"scale": [0.3, 0.4, 0.3]
		},
		"gui": {
			"rotation": [50, 50, 0],
			"translation": [0, 2.5, -5.5],
			"scale": [0.6, 0.8, 0.6]
		},
		"head": {
			"translation": [-17, -8, -18],
			"scale": [2, 2.8, 2]
		},
		"fixed": {
			"rotation": [-90, 45, 0],
			"translation": [0, -0.5, -5.25],
			"scale": [0.6, 0.8, 0.6]
		}
	},
	"groups": [
		{
			"name": "holder",
			"origin": [8, 8, 8],
			"color": 0,
			"children": [0, 1, 2, 3, 4, 5, 6, 7, 8, 9, 10, 11, 12, 13]
		},
		{
			"name": "bottle",
			"origin": [3.5, 1, 8],
			"color": 0,
			"children": [14, 15, 16, 17, 18, 19]
		},
		{
			"name": "bottle",
			"origin": [3.5, 1, 8],
			"color": 0,
			"children": [20, 21, 22, 23, 24, 25]
		},
		{
			"name": "bottle",
			"origin": [3.5, 1, 8],
			"color": 0,
			"children": [26, 27, 28, 29, 30, 31]
		},
		{
			"name": "bottle",
			"origin": [3.5, 1, 8],
			"color": 0,
			"children": [32, 33, 34, 35, 36, 37]
		},
		{
			"name": "bottle",
			"origin": [3.5, 1, 8],
			"color": 0,
			"children": [38, 39, 40, 41, 42, 43]
		},
		{
			"name": "bottle",
			"origin": [3.5, 1, 8],
			"color": 0,
			"children": [44, 45, 46, 47, 48, 49]
		}
	]
}