{
	"credit": "Made with Blockbench",
	"texture_size": [64, 64],
	"textures": {
		"5": "custom/bakers_oven"
	},
	"elements": [
		{
			"from": [1, 11.25, 1],
			"to": [15, 12, 15],
			"faces": {
				"north": {"uv": [10.5, 9.25, 14, 9.4375], "texture": "#5"},
				"east": {"uv": [10.5, 9.5, 14, 9.6875], "texture": "#5"},
				"south": {"uv": [10.5, 9.75, 14, 9.9375], "texture": "#5"},
				"west": {"uv": [10.5, 10, 14, 10.1875], "texture": "#5"},
				"up": {"uv": [10.5, 3.5, 7, 0], "texture": "#5"},
				"down": {"uv": [10.5, 3.5, 7, 7], "texture": "#5"}
			}
		},
		{
			"from": [1.25, 12, 1.5],
			"to": [14.75, 12.25, 14.5],
			"rotation": {"angle": 0, "axis": "y", "origin": [0, -0.75, 0]},
			"faces": {
				"north": {"uv": [3.5, 11.75, 6.875, 11.8125], "texture": "#5"},
				"east": {"uv": [10.5, 11.75, 13.75, 11.8125], "texture": "#5"},
				"south": {"uv": [7, 11.75, 10.375, 11.8125], "texture": "#5"},
				"west": {"uv": [1, 12, 4.25, 12.0625], "texture": "#5"},
				"up": {"uv": [10.375, 10.25, 7, 7], "texture": "#5"},
				"down": {"uv": [3.375, 7.5, 0, 10.75], "texture": "#5"}
			}
		},
		{
			"from": [1, 6, 0.5],
			"to": [15, 11.25, 15],
			"faces": {
				"north": {"uv": [3.5, 7.5, 7, 8.8125], "texture": "#5"},
				"east": {"uv": [3.5, 10.25, 7.125, 11.5625], "texture": "#5"},
				"south": {"uv": [10.5, 0, 14, 1.3125], "texture": "#5"},
				"west": {"uv": [7.25, 10.25, 10.875, 11.5625], "texture": "#5"},
				"up": {"uv": [3.5, 3.625, 0, 0], "texture": "#5"},
				"down": {"uv": [7, 0, 3.5, 3.625], "texture": "#5"}
			}
		},
		{
			"from": [1, 0.75, 0.5],
			"to": [15, 1.25, 15],
			"rotation": {"angle": 0, "axis": "y", "origin": [1, 0, 0.5]},
			"faces": {
				"north": {"uv": [11, 11.25, 14.5, 11.375], "texture": "#5"},
				"east": {"uv": [11, 10.75, 14.625, 10.875], "texture": "#5"},
				"south": {"uv": [11, 11.5, 14.5, 11.625], "texture": "#5"},
				"west": {"uv": [11, 11, 14.625, 11.125], "texture": "#5"},
				"up": {"uv": [3.5, 7.375, 0, 3.75], "texture": "#5"},
				"down": {"uv": [7, 3.75, 3.5, 7.375], "texture": "#5"}
			}
		},
		{
			"from": [4, 5, 0],
			"to": [12, 6, 1],
			"rotation": {"angle": 0, "axis": "y", "origin": [5, 4, -1]},
			"faces": {
				"north": {"uv": [0.5, 10.75, 2.5, 11], "texture": "#5"},
				"east": {"uv": [1, 11.25, 1.25, 11.5], "texture": "#5"},
				"south": {"uv": [0.5, 11, 2.5, 11.25], "texture": "#5"},
				"west": {"uv": [1.25, 11.25, 1.5, 11.5], "texture": "#5"},
				"up": {"uv": [13, 10.5, 11, 10.25], "texture": "#5"},
				"down": {"uv": [13, 10.5, 11, 10.75], "texture": "#5"}
			}
		},
		{
			"from": [2, 1.3, 0.5],
			"to": [14, 6, 2.5],
			"rotation": {"angle": 0, "axis": "y", "origin": [2, 1, 0.5]},
			"faces": {
				"north": {"uv": [3.5, 9, 6.5, 10.1875], "texture": "#5"},
				"east": {"uv": [6.5, 9, 7, 10.1875], "texture": "#5"},
				"south": {"uv": [10.5, 1.5, 13.5, 2.6875], "texture": "#5"},
				"west": {"uv": [0, 10.75, 0.5, 11.9375], "texture": "#5"},
				"up": {"uv": [13.5, 5.75, 10.5, 5.25], "texture": "#5"},
				"down": {"uv": [13.5, 5.75, 10.5, 6.25], "texture": "#5"}
			}
		},
		{
			"from": [2, 2.75, 2],
			"to": [14, 3, 3],
			"rotation": {"angle": 0, "axis": "y", "origin": [2, 1, 2]},
			"faces": {
				"north": {"uv": [4.25, 12, 7.25, 12.0625], "texture": "#5"},
				"east": {"uv": [2, 11.25, 2.25, 11.3125], "texture": "#5"},
				"south": {"uv": [7.25, 12, 10.25, 12.0625], "texture": "#5"},
				"west": {"uv": [2.25, 11.25, 2.5, 11.3125], "texture": "#5"},
				"up": {"uv": [13.5, 6.5, 10.5, 6.25], "texture": "#5"},
				"down": {"uv": [13.5, 6.5, 10.5, 6.75], "texture": "#5"}
			}
		},
		{
			"from": [2, 2.75, 4],
			"to": [14, 3, 5],
			"rotation": {"angle": 0, "axis": "y", "origin": [2, 1, 4]},
			"faces": {
				"north": {"uv": [10.25, 12, 13.25, 12.0625], "texture": "#5"},
				"east": {"uv": [1, 11.5, 1.25, 11.5625], "texture": "#5"},
				"south": {"uv": [1, 12.25, 4, 12.3125], "texture": "#5"},
				"west": {"uv": [1.25, 11.5, 1.5, 11.5625], "texture": "#5"},
				"up": {"uv": [13.5, 7, 10.5, 6.75], "texture": "#5"},
				"down": {"uv": [13.5, 7, 10.5, 7.25], "texture": "#5"}
			}
		},
		{
			"from": [2, 2.75, 6],
			"to": [14, 3, 7],
			"rotation": {"angle": 0, "axis": "y", "origin": [2, 1, 6]},
			"faces": {
				"north": {"uv": [4, 12.25, 7, 12.3125], "texture": "#5"},
				"east": {"uv": [1.5, 11.5, 1.75, 11.5625], "texture": "#5"},
				"south": {"uv": [7, 12.25, 10, 12.3125], "texture": "#5"},
				"west": {"uv": [1.75, 11.5, 2, 11.5625], "texture": "#5"},
				"up": {"uv": [13.5, 7.5, 10.5, 7.25], "texture": "#5"},
				"down": {"uv": [13.5, 7.5, 10.5, 7.75], "texture": "#5"}
			}
		},
		{
			"from": [2, 2.75, 8],
			"to": [14, 3, 9],
			"rotation": {"angle": 0, "axis": "y", "origin": [2, 1, 8]},
			"faces": {
				"north": {"uv": [10, 12.25, 13, 12.3125], "texture": "#5"},
				"east": {"uv": [2, 11.5, 2.25, 11.5625], "texture": "#5"},
				"south": {"uv": [0, 12.5, 3, 12.5625], "texture": "#5"},
				"west": {"uv": [2.25, 11.5, 2.5, 11.5625], "texture": "#5"},
				"up": {"uv": [13.5, 8, 10.5, 7.75], "texture": "#5"},
				"down": {"uv": [13.5, 8, 10.5, 8.25], "texture": "#5"}
			}
		},
		{
			"from": [2, 2.75, 10],
			"to": [14, 3, 11],
			"rotation": {"angle": 0, "axis": "y", "origin": [2, 1, 10]},
			"faces": {
				"north": {"uv": [3, 12.5, 6, 12.5625], "texture": "#5"},
				"east": {"uv": [1, 11.75, 1.25, 11.8125], "texture": "#5"},
				"south": {"uv": [6, 12.5, 9, 12.5625], "texture": "#5"},
				"west": {"uv": [1.25, 11.75, 1.5, 11.8125], "texture": "#5"},
				"up": {"uv": [13.5, 8.5, 10.5, 8.25], "texture": "#5"},
				"down": {"uv": [13.5, 8.5, 10.5, 8.75], "texture": "#5"}
			}
		},
		{
			"from": [2, 1.25, 14],
			"to": [14, 6, 15],
			"rotation": {"angle": 0, "axis": "y", "origin": [2, 1.25, 13]},
			"faces": {
				"north": {"uv": [10.5, 2.75, 13.5, 3.9375], "texture": "#5"},
				"east": {"uv": [2.5, 10.75, 2.75, 11.9375], "texture": "#5"},
				"south": {"uv": [10.5, 4, 13.5, 5.1875], "texture": "#5"},
				"west": {"uv": [2.75, 10.75, 3, 11.9375], "texture": "#5"},
				"up": {"uv": [13.5, 9, 10.5, 8.75], "texture": "#5"},
				"down": {"uv": [13.5, 9, 10.5, 9.25], "texture": "#5"}
			}
		},
		{
			"from": [14, 1.25, 1.5],
			"to": [15, 6, 14],
			"rotation": {"angle": 0, "axis": "y", "origin": [13, 1.25, 14]},
			"faces": {
				"north": {"uv": [2.5, 10.75, 2.75, 11.9375], "texture": "#5"},
				"east": {"uv": [10.5, 4, 13.5, 5.1875], "texture": "#5"},
				"south": {"uv": [2.75, 10.75, 3, 11.9375], "texture": "#5"},
				"west": {"uv": [10.5, 2.75, 13.5, 3.9375], "texture": "#5"},
				"up": {"uv": [13.5, 9, 10.5, 8.75], "texture": "#5"},
				"down": {"uv": [13.5, 9, 10.5, 9.25], "texture": "#5"}
			}
		},
		{
			"from": [1, 1.25, 1.5],
			"to": [2, 6, 14],
			"rotation": {"angle": 0, "axis": "y", "origin": [1.5, 3.625, 8]},
			"faces": {
				"north": {"uv": [2.75, 10.75, 3, 11.9375], "texture": "#5"},
				"east": {"uv": [10.5, 2.75, 13.5, 3.9375], "texture": "#5"},
				"south": {"uv": [2.5, 10.75, 2.75, 11.9375], "texture": "#5"},
				"west": {"uv": [10.5, 4, 13.5, 5.1875], "texture": "#5"},
				"up": {"uv": [13.5, 9, 10.5, 8.75], "texture": "#5"},
				"down": {"uv": [13.5, 9, 10.5, 9.25], "texture": "#5"}
			}
		},
		{
			"from": [1, 1.25, 0.5],
			"to": [2, 6, 1.5],
			"rotation": {"angle": 0, "axis": "y", "origin": [1, 2, 1]},
			"faces": {
				"north": {"uv": [3, 10.75, 3.25, 11.9375], "texture": "#5"},
				"east": {"uv": [3.25, 10.75, 3.5, 11.9375], "texture": "#5"},
				"south": {"uv": [0.5, 11.25, 0.75, 12.4375], "texture": "#5"},
				"west": {"uv": [0.75, 11.25, 1, 12.4375], "texture": "#5"},
				"up": {"uv": [1.75, 11.5, 1.5, 11.25], "texture": "#5"},
				"down": {"uv": [2, 11.25, 1.75, 11.5], "texture": "#5"}
			}
		},
		{
			"from": [1, 1.25, 14],
			"to": [2, 6, 15],
			"rotation": {"angle": 0, "axis": "y", "origin": [1, 2, 14.5]},
			"faces": {
				"north": {"uv": [3, 10.75, 3.25, 11.9375], "texture": "#5"},
				"east": {"uv": [3.25, 10.75, 3.5, 11.9375], "texture": "#5"},
				"south": {"uv": [0.5, 11.25, 0.75, 12.4375], "texture": "#5"},
				"west": {"uv": [0.75, 11.25, 1, 12.4375], "texture": "#5"},
				"up": {"uv": [1.75, 11.5, 1.5, 11.25], "texture": "#5"},
				"down": {"uv": [2, 11.25, 1.75, 11.5], "texture": "#5"}
			}
		},
		{
			"from": [14, 1.25, 14],
			"to": [15, 6, 15],
			"rotation": {"angle": 0, "axis": "y", "origin": [14, 2, 14.5]},
			"faces": {
				"north": {"uv": [3, 10.75, 3.25, 11.9375], "texture": "#5"},
				"east": {"uv": [3.25, 10.75, 3.5, 11.9375], "texture": "#5"},
				"south": {"uv": [0.5, 11.25, 0.75, 12.4375], "texture": "#5"},
				"west": {"uv": [0.75, 11.25, 1, 12.4375], "texture": "#5"},
				"up": {"uv": [1.75, 11.5, 1.5, 11.25], "texture": "#5"},
				"down": {"uv": [2, 11.25, 1.75, 11.5], "texture": "#5"}
			}
		},
		{
			"from": [14, 1.25, 0.5],
			"to": [15, 6, 1.5],
			"rotation": {"angle": 0, "axis": "y", "origin": [14, 2, 1]},
			"faces": {
				"north": {"uv": [3, 10.75, 3.25, 11.9375], "texture": "#5"},
				"east": {"uv": [3.25, 10.75, 3.5, 11.9375], "texture": "#5"},
				"south": {"uv": [0.5, 11.25, 0.75, 12.4375], "texture": "#5"},
				"west": {"uv": [0.75, 11.25, 1, 12.4375], "texture": "#5"},
				"up": {"uv": [1.75, 11.5, 1.5, 11.25], "texture": "#5"},
				"down": {"uv": [2, 11.25, 1.75, 11.5], "texture": "#5"}
			}
		}
	],
	"display": {
		"thirdperson_righthand": {
			"rotation": [70, 0, 0],
			"translation": [0, 1.25, 0.25],
			"scale": [0.3, 0.3, 0.3]
		},
		"thirdperson_lefthand": {
			"rotation": [70, 0, 0],
			"translation": [0, 1.25, 0.25],
			"scale": [0.3, 0.3, 0.3]
		},
		"firstperson_righthand": {
			"rotation": [40, 40, 0],
			"scale": [0.3, 0.3, 0.3]
		},
		"firstperson_lefthand": {
			"rotation": [40, 40, 0],
			"scale": [0.3, 0.3, 0.3]
		},
		"ground": {
			"translation": [0, 4, 0],
			"scale": [0.25, 0.25, 0.25]
		},
		"gui": {
			"rotation": [45, 135, 0],
			"translation": [0.5, 1, 0],
			"scale": [0.5, 0.7, 0.5]
		},
		"head": {
			"translation": [-17, -14, -17.25],
			"scale": [2.1, 2.2, 2.15]
		},
		"fixed": {
			"rotation": [-90, 0, 0],
			"translation": [0, 0.75, -5],
			"scale": [0.75, 0.75, 0.75]
		}
	},
	"groups": [
		{
			"name": "beagleblocks",
			"origin": [0, 0, 0],
			"color": 0,
			"children": [0, 1, 2, 3, 4, 5, 6, 7, 8, 9, 10, 11, 12, 13, 14, 15, 16, 17]
		}
	]
}