{
	"format_version": "1.21.6",
	"credit": "Made with Blockbench",
	"texture_size": [32, 32],
	"textures": {
		"0": "custom/berry_muffin",
		"particle": "custom/berry_muffin"
	},
	"elements": [
		{
			"from": [4, 1, 7],
			"to": [12, 3, 8],
			"faces": {
				"north": {"uv": [5, 1, 9, 2], "texture": "#0"},
				"east": {"uv": [8.5, 11, 9, 12], "texture": "#0"},
				"south": {"uv": [5, 2, 9, 3], "texture": "#0"},
				"west": {"uv": [9, 11, 9.5, 12], "texture": "#0"},
				"up": {"uv": [9, 7.5, 5, 7], "texture": "#0"},
				"down": {"uv": [11, 6, 7, 6.5], "texture": "#0"}
			}
		},
		{
			"from": [3, 3, 7],
			"to": [13, 6, 8],
			"faces": {
				"north": {"uv": [0, 0, 5, 1.5], "texture": "#0"},
				"east": {"uv": [4, 11, 4.5, 12.5], "texture": "#0"},
				"south": {"uv": [0, 1.5, 5, 3], "texture": "#0"},
				"west": {"uv": [4.5, 11, 5, 12.5], "texture": "#0"},
				"up": {"uv": [11, 7, 6, 6.5], "texture": "#0"},
				"down": {"uv": [5, 7, 0, 7.5], "texture": "#0"}
			}
		},
		{
			"from": [2, 6, 7],
			"to": [6, 7, 8],
			"faces": {
				"north": {"uv": [9, 7, 11, 7.5], "texture": "#0"},
				"east": {"uv": [13, 5.5, 13.5, 6], "texture": "#0"},
				"south": {"uv": [0, 9.5, 2, 10], "texture": "#0"},
				"west": {"uv": [6, 13, 6.5, 13.5], "texture": "#0"},
				"up": {"uv": [4, 10, 2, 9.5], "texture": "#0"},
				"down": {"uv": [6, 9.5, 4, 10], "texture": "#0"}
			}
		},
		{
			"from": [10, 6, 7],
			"to": [14, 7, 8],
			"faces": {
				"north": {"uv": [6, 9.5, 8, 10], "texture": "#0"},
				"east": {"uv": [6.5, 13, 7, 13.5], "texture": "#0"},
				"south": {"uv": [8, 9.5, 10, 10], "texture": "#0"},
				"west": {"uv": [7, 13, 7.5, 13.5], "texture": "#0"},
				"up": {"uv": [2, 10.5, 0, 10], "texture": "#0"},
				"down": {"uv": [4, 10, 2, 10.5], "texture": "#0"}
			}
		},
		{
			"from": [12, 7, 7],
			"to": [14, 8, 8],
			"faces": {
				"north": {"uv": [9.5, 11, 10.5, 11.5], "texture": "#0"},
				"east": {"uv": [13, 7, 13.5, 7.5], "texture": "#0"},
				"south": {"uv": [10.5, 11, 11.5, 11.5], "texture": "#0"},
				"west": {"uv": [7.5, 13, 8, 13.5], "texture": "#0"},
				"up": {"uv": [1, 12, 0, 11.5], "texture": "#0"},
				"down": {"uv": [2, 11.5, 1, 12], "texture": "#0"}
			}
		},
		{
			"from": [2, 7, 7],
			"to": [4, 8, 8],
			"faces": {
				"north": {"uv": [2, 11.5, 3, 12], "texture": "#0"},
				"east": {"uv": [13, 7.5, 13.5, 8], "texture": "#0"},
				"south": {"uv": [3, 11.5, 4, 12], "texture": "#0"},
				"west": {"uv": [13, 8, 13.5, 8.5], "texture": "#0"},
				"up": {"uv": [12.5, 6.5, 11.5, 6], "texture": "#0"},
				"down": {"uv": [12.5, 6.5, 11.5, 7], "texture": "#0"}
			}
		},
		{
			"from": [2, 5, 7],
			"to": [3, 6, 8],
			"faces": {
				"north": {"uv": [8.5, 13, 9, 13.5], "texture": "#0"},
				"east": {"uv": [13, 8.5, 13.5, 9], "texture": "#0"},
				"south": {"uv": [13, 9.5, 13.5, 10], "texture": "#0"},
				"west": {"uv": [13, 10, 13.5, 10.5], "texture": "#0"},
				"up": {"uv": [13.5, 11, 13, 10.5], "texture": "#0"},
				"down": {"uv": [11.5, 13, 11, 13.5], "texture": "#0"}
			}
		},
		{
			"from": [13, 5, 7],
			"to": [14, 6, 8],
			"faces": {
				"north": {"uv": [13, 11, 13.5, 11.5], "texture": "#0"},
				"east": {"uv": [11.5, 13, 12, 13.5], "texture": "#0"},
				"south": {"uv": [13, 11.5, 13.5, 12], "texture": "#0"},
				"west": {"uv": [12, 13, 12.5, 13.5], "texture": "#0"},
				"up": {"uv": [13.5, 12.5, 13, 12], "texture": "#0"},
				"down": {"uv": [13, 13, 12.5, 13.5], "texture": "#0"}
			}
		},
		{
			"from": [0, 8, 7],
			"to": [4, 9, 8],
			"faces": {
				"north": {"uv": [4, 10, 6, 10.5], "texture": "#0"},
				"east": {"uv": [13, 12.5, 13.5, 13], "texture": "#0"},
				"south": {"uv": [6, 10, 8, 10.5], "texture": "#0"},
				"west": {"uv": [13, 13, 13.5, 13.5], "texture": "#0"},
				"up": {"uv": [10, 10.5, 8, 10], "texture": "#0"},
				"down": {"uv": [12, 9, 10, 9.5], "texture": "#0"}
			}
		},
		{
			"from": [4, 7, 7],
			"to": [6, 8, 8],
			"faces": {
				"north": {"uv": [11.5, 7, 12.5, 7.5], "texture": "#0"},
				"east": {"uv": [0, 13.5, 0.5, 14], "texture": "#0"},
				"south": {"uv": [9.5, 11.5, 10.5, 12], "texture": "#0"},
				"west": {"uv": [13.5, 0, 14, 0.5], "texture": "#0"},
				"up": {"uv": [11.5, 12, 10.5, 11.5], "texture": "#0"},
				"down": {"uv": [12.5, 11, 11.5, 11.5], "texture": "#0"}
			}
		},
		{
			"from": [6, 6, 7],
			"to": [10, 7, 8],
			"faces": {
				"north": {"uv": [10, 9.5, 12, 10], "texture": "#0"},
				"east": {"uv": [0.5, 13.5, 1, 14], "texture": "#0"},
				"south": {"uv": [10, 10, 12, 10.5], "texture": "#0"},
				"west": {"uv": [13.5, 0.5, 14, 1], "texture": "#0"},
				"up": {"uv": [2, 11, 0, 10.5], "texture": "#0"},
				"down": {"uv": [4, 10.5, 2, 11], "texture": "#0"}
			}
		},
		{
			"from": [12, 8, 7],
			"to": [16, 9, 8],
			"faces": {
				"north": {"uv": [4, 10.5, 6, 11], "texture": "#0"},
				"east": {"uv": [1, 13.5, 1.5, 14], "texture": "#0"},
				"south": {"uv": [6, 10.5, 8, 11], "texture": "#0"},
				"west": {"uv": [13.5, 1, 14, 1.5], "texture": "#0"},
				"up": {"uv": [10, 11, 8, 10.5], "texture": "#0"},
				"down": {"uv": [12, 10.5, 10, 11], "texture": "#0"}
			}
		},
		{
			"from": [10, 7, 7],
			"to": [12, 8, 8],
			"faces": {
				"north": {"uv": [11.5, 11.5, 12.5, 12], "texture": "#0"},
				"east": {"uv": [1.5, 13.5, 2, 14], "texture": "#0"},
				"south": {"uv": [0, 12, 1, 12.5], "texture": "#0"},
				"west": {"uv": [13.5, 1.5, 14, 2], "texture": "#0"},
				"up": {"uv": [2, 12.5, 1, 12], "texture": "#0"},
				"down": {"uv": [3, 12, 2, 12.5], "texture": "#0"}
			}
		},
		{
			"from": [0, 9, 7],
			"to": [1, 11, 8],
			"faces": {
				"north": {"uv": [12, 2, 12.5, 3], "texture": "#0"},
				"east": {"uv": [3, 12, 3.5, 13], "texture": "#0"},
				"south": {"uv": [12, 3, 12.5, 4], "texture": "#0"},
				"west": {"uv": [3.5, 12, 4, 13], "texture": "#0"},
				"up": {"uv": [2.5, 14, 2, 13.5], "texture": "#0"},
				"down": {"uv": [14, 2, 13.5, 2.5], "texture": "#0"}
			}
		},
		{
			"from": [1, 9, 7],
			"to": [15, 11, 8],
			"faces": {
				"north": {"uv": [0, 3, 7, 4], "texture": "#0"},
				"east": {"uv": [12, 4, 12.5, 5], "texture": "#0"},
				"south": {"uv": [0, 4, 7, 5], "texture": "#0"},
				"west": {"uv": [12, 7.5, 12.5, 8.5], "texture": "#0"},
				"up": {"uv": [7, 6.5, 0, 6], "texture": "#0"},
				"down": {"uv": [13, 5, 6, 5.5], "texture": "#0"}
			}
		},
		{
			"from": [2, 11, 7],
			"to": [14, 13, 8],
			"faces": {
				"north": {"uv": [0, 5, 6, 6], "texture": "#0"},
				"east": {"uv": [8.5, 12, 9, 13], "texture": "#0"},
				"south": {"uv": [5, 0, 11, 1], "texture": "#0"},
				"west": {"uv": [12, 8.5, 12.5, 9.5], "texture": "#0"},
				"up": {"uv": [12, 6, 6, 5.5], "texture": "#0"},
				"down": {"uv": [6, 6.5, 0, 7], "texture": "#0"}
			}
		},
		{
			"from": [3, 13, 7],
			"to": [13, 14, 8],
			"faces": {
				"north": {"uv": [7, 3, 12, 3.5], "texture": "#0"},
				"east": {"uv": [2.5, 13.5, 3, 14], "texture": "#0"},
				"south": {"uv": [7, 3.5, 12, 4], "texture": "#0"},
				"west": {"uv": [13.5, 2.5, 14, 3], "texture": "#0"},
				"up": {"uv": [12, 4.5, 7, 4], "texture": "#0"},
				"down": {"uv": [12, 4.5, 7, 5], "texture": "#0"}
			}
		},
		{
			"from": [4, 14, 7],
			"to": [12, 15, 8],
			"faces": {
				"north": {"uv": [0, 7.5, 4, 8], "texture": "#0"},
				"east": {"uv": [13.5, 3, 14, 3.5], "texture": "#0"},
				"south": {"uv": [4, 7.5, 8, 8], "texture": "#0"},
				"west": {"uv": [13.5, 3.5, 14, 4], "texture": "#0"},
				"up": {"uv": [4, 8.5, 0, 8], "texture": "#0"},
				"down": {"uv": [8, 8, 4, 8.5], "texture": "#0"}
			}
		},
		{
			"from": [4, 8, 7],
			"to": [12, 9, 8],
			"faces": {
				"north": {"uv": [8, 7.5, 12, 8], "texture": "#0"},
				"east": {"uv": [4, 13.5, 4.5, 14], "texture": "#0"},
				"south": {"uv": [8, 8, 12, 8.5], "texture": "#0"},
				"west": {"uv": [13.5, 4, 14, 4.5], "texture": "#0"},
				"up": {"uv": [4, 9, 0, 8.5], "texture": "#0"},
				"down": {"uv": [8, 8.5, 4, 9], "texture": "#0"}
			}
		},
		{
			"from": [6, 7, 7],
			"to": [10, 8, 8],
			"faces": {
				"north": {"uv": [0, 11, 2, 11.5], "texture": "#0"},
				"east": {"uv": [4.5, 13.5, 5, 14], "texture": "#0"},
				"south": {"uv": [11, 0, 13, 0.5], "texture": "#0"},
				"west": {"uv": [13.5, 4.5, 14, 5], "texture": "#0"},
				"up": {"uv": [13, 1, 11, 0.5], "texture": "#0"},
				"down": {"uv": [4, 11, 2, 11.5], "texture": "#0"}
			}
		},
		{
			"from": [5, 15, 7],
			"to": [11, 16, 8],
			"faces": {
				"north": {"uv": [9, 2, 12, 2.5], "texture": "#0"},
				"east": {"uv": [13.5, 5.5, 14, 6], "texture": "#0"},
				"south": {"uv": [9, 2.5, 12, 3], "texture": "#0"},
				"west": {"uv": [6, 13.5, 6.5, 14], "texture": "#0"},
				"up": {"uv": [7, 9.5, 4, 9], "texture": "#0"},
				"down": {"uv": [10, 9, 7, 9.5], "texture": "#0"}
			}
		},
		{
			"from": [1, 11, 7],
			"to": [2, 13, 8],
			"faces": {
				"north": {"uv": [12, 10, 12.5, 11], "texture": "#0"},
				"east": {"uv": [11, 12, 11.5, 13], "texture": "#0"},
				"south": {"uv": [11.5, 12, 12, 13], "texture": "#0"},
				"west": {"uv": [12, 12, 12.5, 13], "texture": "#0"},
				"up": {"uv": [14, 6.5, 13.5, 6], "texture": "#0"},
				"down": {"uv": [7, 13.5, 6.5, 14], "texture": "#0"}
			}
		},
		{
			"from": [15, 9, 7],
			"to": [16, 11, 8],
			"faces": {
				"north": {"uv": [0, 12.5, 0.5, 13.5], "texture": "#0"},
				"east": {"uv": [0.5, 12.5, 1, 13.5], "texture": "#0"},
				"south": {"uv": [1, 12.5, 1.5, 13.5], "texture": "#0"},
				"west": {"uv": [1.5, 12.5, 2, 13.5], "texture": "#0"},
				"up": {"uv": [14, 7, 13.5, 6.5], "texture": "#0"},
				"down": {"uv": [7.5, 13.5, 7, 14], "texture": "#0"}
			}
		},
		{
			"from": [14, 11, 7],
			"to": [15, 13, 8],
			"faces": {
				"north": {"uv": [2, 12.5, 2.5, 13.5], "texture": "#0"},
				"east": {"uv": [12.5, 2, 13, 3], "texture": "#0"},
				"south": {"uv": [2.5, 12.5, 3, 13.5], "texture": "#0"},
				"west": {"uv": [12.5, 3, 13, 4], "texture": "#0"},
				"up": {"uv": [14, 7.5, 13.5, 7], "texture": "#0"},
				"down": {"uv": [8, 13.5, 7.5, 14], "texture": "#0"}
			}
		},
		{
			"from": [12, 14, 7],
			"to": [13, 15, 8],
			"faces": {
				"north": {"uv": [13.5, 7.5, 14, 8], "texture": "#0"},
				"east": {"uv": [8, 13.5, 8.5, 14], "texture": "#0"},
				"south": {"uv": [13.5, 8, 14, 8.5], "texture": "#0"},
				"west": {"uv": [8.5, 13.5, 9, 14], "texture": "#0"},
				"up": {"uv": [14, 9, 13.5, 8.5], "texture": "#0"},
				"down": {"uv": [9.5, 13.5, 9, 14], "texture": "#0"}
			}
		},
		{
			"from": [11, 15, 7],
			"to": [12, 16, 8],
			"faces": {
				"north": {"uv": [13.5, 9, 14, 9.5], "texture": "#0"},
				"east": {"uv": [9.5, 13.5, 10, 14], "texture": "#0"},
				"south": {"uv": [13.5, 9.5, 14, 10], "texture": "#0"},
				"west": {"uv": [10, 13.5, 10.5, 14], "texture": "#0"},
				"up": {"uv": [14, 10.5, 13.5, 10], "texture": "#0"},
				"down": {"uv": [11, 13.5, 10.5, 14], "texture": "#0"}
			}
		},
		{
			"from": [10, 16, 7],
			"to": [11, 17, 8],
			"faces": {
				"north": {"uv": [13.5, 9, 14, 9.5], "texture": "#0"},
				"east": {"uv": [9.5, 13.5, 10, 14], "texture": "#0"},
				"south": {"uv": [13.5, 9.5, 14, 10], "texture": "#0"},
				"west": {"uv": [10, 13.5, 10.5, 14], "texture": "#0"},
				"up": {"uv": [14, 10.5, 13.5, 10], "texture": "#0"},
				"down": {"uv": [11, 13.5, 10.5, 14], "texture": "#0"}
			}
		},
		{
			"from": [9, 16, 7],
			"to": [10, 17, 8],
			"faces": {
				"north": {"uv": [13.5, 9, 14, 9.5], "texture": "#0"},
				"east": {"uv": [9.5, 13.5, 10, 14], "texture": "#0"},
				"south": {"uv": [13.5, 9.5, 14, 10], "texture": "#0"},
				"west": {"uv": [10, 13.5, 10.5, 14], "texture": "#0"},
				"up": {"uv": [14, 10.5, 13.5, 10], "texture": "#0"},
				"down": {"uv": [11, 13.5, 10.5, 14], "texture": "#0"}
			}
		},
		{
			"from": [8, 16, 7],
			"to": [9, 17, 8],
			"faces": {
				"north": {"uv": [13.5, 9, 14, 9.5], "texture": "#0"},
				"east": {"uv": [9.5, 13.5, 10, 14], "texture": "#0"},
				"south": {"uv": [13.5, 9.5, 14, 10], "texture": "#0"},
				"west": {"uv": [10, 13.5, 10.5, 14], "texture": "#0"},
				"up": {"uv": [14, 10.5, 13.5, 10], "texture": "#0"},
				"down": {"uv": [11, 13.5, 10.5, 14], "texture": "#0"}
			}
		},
		{
			"from": [7, 16, 7],
			"to": [8, 17, 8],
			"faces": {
				"north": {"uv": [13.5, 9, 14, 9.5], "texture": "#0"},
				"east": {"uv": [9.5, 13.5, 10, 14], "texture": "#0"},
				"south": {"uv": [13.5, 9.5, 14, 10], "texture": "#0"},
				"west": {"uv": [10, 13.5, 10.5, 14], "texture": "#0"},
				"up": {"uv": [14, 10.5, 13.5, 10], "texture": "#0"},
				"down": {"uv": [11, 13.5, 10.5, 14], "texture": "#0"}
			}
		},
		{
			"from": [6, 16, 7],
			"to": [7, 17, 8],
			"faces": {
				"north": {"uv": [13.5, 9, 14, 9.5], "texture": "#0"},
				"east": {"uv": [9.5, 13.5, 10, 14], "texture": "#0"},
				"south": {"uv": [13.5, 9.5, 14, 10], "texture": "#0"},
				"west": {"uv": [10, 13.5, 10.5, 14], "texture": "#0"},
				"up": {"uv": [14, 10.5, 13.5, 10], "texture": "#0"},
				"down": {"uv": [11, 13.5, 10.5, 14], "texture": "#0"}
			}
		},
		{
			"from": [5, 16, 7],
			"to": [6, 17, 8],
			"faces": {
				"north": {"uv": [13.5, 9, 14, 9.5], "texture": "#0"},
				"east": {"uv": [9.5, 13.5, 10, 14], "texture": "#0"},
				"south": {"uv": [13.5, 9.5, 14, 10], "texture": "#0"},
				"west": {"uv": [10, 13.5, 10.5, 14], "texture": "#0"},
				"up": {"uv": [14, 10.5, 13.5, 10], "texture": "#0"},
				"down": {"uv": [11, 13.5, 10.5, 14], "texture": "#0"}
			}
		},
		{
			"from": [13, 13, 7],
			"to": [14, 14, 8],
			"faces": {
				"north": {"uv": [13.5, 10.5, 14, 11], "texture": "#0"},
				"east": {"uv": [11, 13.5, 11.5, 14], "texture": "#0"},
				"south": {"uv": [13.5, 11, 14, 11.5], "texture": "#0"},
				"west": {"uv": [11.5, 13.5, 12, 14], "texture": "#0"},
				"up": {"uv": [14, 12, 13.5, 11.5], "texture": "#0"},
				"down": {"uv": [12.5, 13.5, 12, 14], "texture": "#0"}
			}
		},
		{
			"from": [2, 13, 7],
			"to": [3, 14, 8],
			"faces": {
				"north": {"uv": [13.5, 12, 14, 12.5], "texture": "#0"},
				"east": {"uv": [12.5, 13.5, 13, 14], "texture": "#0"},
				"south": {"uv": [13.5, 12.5, 14, 13], "texture": "#0"},
				"west": {"uv": [13, 13.5, 13.5, 14], "texture": "#0"},
				"up": {"uv": [14, 13.5, 13.5, 13], "texture": "#0"},
				"down": {"uv": [14, 13.5, 13.5, 14], "texture": "#0"}
			}
		},
		{
			"from": [3, 14, 7],
			"to": [4, 15, 8],
			"faces": {
				"north": {"uv": [0, 14, 0.5, 14.5], "texture": "#0"},
				"east": {"uv": [14, 0, 14.5, 0.5], "texture": "#0"},
				"south": {"uv": [0.5, 14, 1, 14.5], "texture": "#0"},
				"west": {"uv": [14, 0.5, 14.5, 1], "texture": "#0"},
				"up": {"uv": [1.5, 14.5, 1, 14], "texture": "#0"},
				"down": {"uv": [14.5, 1, 14, 1.5], "texture": "#0"}
			}
		},
		{
			"from": [4, 15, 7],
			"to": [5, 16, 8],
			"faces": {
				"north": {"uv": [1.5, 14, 2, 14.5], "texture": "#0"},
				"east": {"uv": [14, 1.5, 14.5, 2], "texture": "#0"},
				"south": {"uv": [2, 14, 2.5, 14.5], "texture": "#0"},
				"west": {"uv": [14, 2, 14.5, 2.5], "texture": "#0"},
				"up": {"uv": [3, 14.5, 2.5, 14], "texture": "#0"},
				"down": {"uv": [14.5, 2.5, 14, 3], "texture": "#0"}
			}
		},
		{
			"from": [3, 1, 7],
			"to": [4, 3, 8],
			"faces": {
				"north": {"uv": [12.5, 7, 13, 8], "texture": "#0"},
				"east": {"uv": [8, 12.5, 8.5, 13.5], "texture": "#0"},
				"south": {"uv": [12.5, 8, 13, 9], "texture": "#0"},
				"west": {"uv": [9, 12.5, 9.5, 13.5], "texture": "#0"},
				"up": {"uv": [4.5, 14.5, 4, 14], "texture": "#0"},
				"down": {"uv": [14.5, 4, 14, 4.5], "texture": "#0"}
			}
		},
		{
			"from": [2, 3, 7],
			"to": [3, 5, 8],
			"faces": {
				"north": {"uv": [9.5, 12.5, 10, 13.5], "texture": "#0"},
				"east": {"uv": [10, 12.5, 10.5, 13.5], "texture": "#0"},
				"south": {"uv": [12.5, 10, 13, 11], "texture": "#0"},
				"west": {"uv": [10.5, 12.5, 11, 13.5], "texture": "#0"},
				"up": {"uv": [5, 14.5, 4.5, 14], "texture": "#0"},
				"down": {"uv": [14.5, 4.5, 14, 5], "texture": "#0"}
			}
		},
		{
			"from": [1, 5, 7],
			"to": [2, 8, 8],
			"faces": {
				"north": {"uv": [5, 11, 5.5, 12.5], "texture": "#0"},
				"east": {"uv": [5.5, 11, 6, 12.5], "texture": "#0"},
				"south": {"uv": [6, 11, 6.5, 12.5], "texture": "#0"},
				"west": {"uv": [11, 6, 11.5, 7.5], "texture": "#0"},
				"up": {"uv": [5.5, 14.5, 5, 14], "texture": "#0"},
				"down": {"uv": [14.5, 5, 14, 5.5], "texture": "#0"}
			}
		},
		{
			"from": [4, 0, 7],
			"to": [12, 1, 8],
			"faces": {
				"north": {"uv": [8, 8.5, 12, 9], "texture": "#0"},
				"east": {"uv": [5.5, 14, 6, 14.5], "texture": "#0"},
				"south": {"uv": [0, 9, 4, 9.5], "texture": "#0"},
				"west": {"uv": [14, 5.5, 14.5, 6], "texture": "#0"},
				"up": {"uv": [13, 1.5, 9, 1], "texture": "#0"},
				"down": {"uv": [13, 1.5, 9, 2], "texture": "#0"}
			}
		},
		{
			"from": [12, 1, 7],
			"to": [13, 3, 8],
			"faces": {
				"north": {"uv": [12.5, 11, 13, 12], "texture": "#0"},
				"east": {"uv": [12.5, 12, 13, 13], "texture": "#0"},
				"south": {"uv": [13, 0, 13.5, 1], "texture": "#0"},
				"west": {"uv": [13, 1, 13.5, 2], "texture": "#0"},
				"up": {"uv": [6.5, 14.5, 6, 14], "texture": "#0"},
				"down": {"uv": [14.5, 6, 14, 6.5], "texture": "#0"}
			}
		},
		{
			"from": [13, 3, 7],
			"to": [14, 5, 8],
			"faces": {
				"north": {"uv": [13, 2, 13.5, 3], "texture": "#0"},
				"east": {"uv": [3, 13, 3.5, 14], "texture": "#0"},
				"south": {"uv": [13, 3, 13.5, 4], "texture": "#0"},
				"west": {"uv": [3.5, 13, 4, 14], "texture": "#0"},
				"up": {"uv": [7, 14.5, 6.5, 14], "texture": "#0"},
				"down": {"uv": [14.5, 6.5, 14, 7], "texture": "#0"}
			}
		},
		{
			"from": [14, 5, 7],
			"to": [15, 8, 8],
			"faces": {
				"north": {"uv": [6.5, 11, 7, 12.5], "texture": "#0"},
				"east": {"uv": [7, 11, 7.5, 12.5], "texture": "#0"},
				"south": {"uv": [7.5, 11, 8, 12.5], "texture": "#0"},
				"west": {"uv": [8, 11, 8.5, 12.5], "texture": "#0"},
				"up": {"uv": [7.5, 14.5, 7, 14], "texture": "#0"},
				"down": {"uv": [14.5, 7, 14, 7.5], "texture": "#0"}
			}
		}
	],
	"gui_light": "front",
	"display": {
		"thirdperson_righthand": {
			"translation": [0, 3.5, 1.25],
			"scale": [0.4, 0.4, 0.6]
		},
		"thirdperson_lefthand": {
			"translation": [0, 3.5, 1.25],
			"scale": [0.4, 0.4, 0.6]
		},
		"firstperson_righthand": {
			"rotation": [-25, -86, 0],
			"translation": [3, 2.75, 0],
			"scale": [0.4, 0.4, 0.8]
		},
		"firstperson_lefthand": {
			"rotation": [-25, -86, 0],
			"translation": [3, 2.75, 0],
			"scale": [0.4, 0.4, 0.8]
		},
		"ground": {
			"translation": [0, 3, 0],
			"scale": [0.4, 0.4, 0.5]
		},
		"gui": {
			"translation": [0, -1, 0],
			"scale": [0.65, 0.65, 0.65]
		},
		"fixed": {
			"translation": [0, -0.75, 0],
			"scale": [0.5, 0.5, 2]
		}
	},
	"groups": [
		{
			"name": "cupcake",
			"origin": [0, 0, 0],
			"color": 0,
			"children": [
				{
					"name": "Inner-Muff",
					"origin": [0, 0, 0],
					"color": 0,
					"children": [0, 1, 2, 3, 4, 5, 6, 7]
				},
				{
					"name": "Inner-top",
					"origin": [0, 0, 0],
					"color": 0,
					"children": [8, 9, 10, 11, 12]
				},
				{
					"name": "edge",
					"origin": [0, 0, 0],
					"color": 0,
					"children": [13, 14, 15, 16, 17, 18, 19, 20, 21, 22, 23, 24, 25, 26, 27, 28, 29, 30, 31, 32, 33, 34, 35, 36, 37, 38, 39, 40, 41, 42]
				},
				{
					"name": "Cherry",
					"origin": [0, 0, 0],
					"color": 0,
					"children": []
				}
			]
		}
	]
}