{
	"format_version": "1.21.6",
	"credit": "Made with Blockbench",
	"texture_size": [32, 32],
	"textures": {
		"0": "custom/blaze_powder_donut",
		"particle": "custom/blaze_powder_donut"
	},
	"elements": [
		{
			"from": [3, 0, 3],
			"to": [13, 4, 6],
			"faces": {
				"north": {"uv": [0, 0, 5, 2], "texture": "#0"},
				"east": {"uv": [4, 8.5, 5.5, 10.5], "texture": "#0"},
				"south": {"uv": [0, 2, 5, 4], "texture": "#0"},
				"west": {"uv": [5.5, 8.5, 7, 10.5], "texture": "#0"},
				"up": {"uv": [10, 3.5, 5, 2], "texture": "#0"},
				"down": {"uv": [10, 3.5, 5, 5], "texture": "#0"}
			}
		},
		{
			"from": [3, 0, 10],
			"to": [13, 4, 13],
			"faces": {
				"north": {"uv": [0, 4, 5, 6], "texture": "#0"},
				"east": {"uv": [1.5, 9.5, 3, 11.5], "texture": "#0"},
				"south": {"uv": [5, 0, 10, 2], "texture": "#0"},
				"west": {"uv": [10, 0, 11.5, 2], "texture": "#0"},
				"up": {"uv": [10, 6.5, 5, 5], "texture": "#0"},
				"down": {"uv": [5, 6, 0, 7.5], "texture": "#0"}
			}
		},
		{
			"from": [3, 0, 6],
			"to": [6, 4, 10],
			"faces": {
				"north": {"uv": [7, 8.5, 8.5, 10.5], "texture": "#0"},
				"east": {"uv": [5, 6.5, 7, 8.5], "texture": "#0"},
				"south": {"uv": [8.5, 8.5, 10, 10.5], "texture": "#0"},
				"west": {"uv": [7, 6.5, 9, 8.5], "texture": "#0"},
				"up": {"uv": [10.5, 8.5, 9, 6.5], "texture": "#0"},
				"down": {"uv": [1.5, 9.5, 0, 11.5], "texture": "#0"}
			}
		},
		{
			"from": [10, 0, 6],
			"to": [13, 4, 10],
			"faces": {
				"north": {"uv": [10, 2, 11.5, 4], "texture": "#0"},
				"east": {"uv": [0, 7.5, 2, 9.5], "texture": "#0"},
				"south": {"uv": [10, 4, 11.5, 6], "texture": "#0"},
				"west": {"uv": [2, 7.5, 4, 9.5], "texture": "#0"},
				"up": {"uv": [11.5, 10.5, 10, 8.5], "texture": "#0"},
				"down": {"uv": [4.5, 10.5, 3, 12.5], "texture": "#0"}
			}
		}
	],
	"display": {
		"thirdperson_righthand": {
			"rotation": [90, 0, 0],
			"translation": [0, 1.5, 2.75],
			"scale": [0.3, 0.3, 0.3]
		},
		"thirdperson_lefthand": {
			"rotation": [90, 0, 0],
			"translation": [0, 1.5, 2.75],
			"scale": [0.3, 0.3, 0.3]
		},
		"firstperson_righthand": {
			"rotation": [90, -60, 90],
			"translation": [0.25, 3.25, 2],
			"scale": [0.4, 0.2, 0.4]
		},
		"firstperson_lefthand": {
			"rotation": [90, -60, 90],
			"translation": [0.25, 3.25, 2],
			"scale": [0.4, 0.2, 0.4]
		},
		"ground": {
			"rotation": [90, 90, -90],
			"translation": [0, 2, 0],
			"scale": [0.4, 0.4, 0.4]
		},
		"gui": {
			"rotation": [45, 45, 0],
			"translation": [0, 4.5, -2],
			"scale": [0.8, 1, 0.8]
		},
		"fixed": {
			"rotation": [-90, 0, 0],
			"translation": [0, 0, -5],
			"scale": [0.7, 0.6, 0.7]
		}
	},
	"groups": [
		{
			"name": "BeagleBlocks",
			"origin": [8, 8, 8],
			"color": 0,
			"children": [0, 1, 2, 3]
		}
	]
}