{
	"format_version": "1.21.6",
	"credit": "Made with Blockbench",
	"texture_size": [32, 32],
	"textures": {
		"1": "custom/boom_bon_bon_open",
		"2": "custom/boom_bon_bon",
		"particle": "custom/boom_bon_bon_open"
	},
	"elements": [
		{
			"from": [3, 0, 7],
			"to": [13, 1, 8],
			"faces": {
				"north": {"uv": [5, 1, 10, 1.5], "texture": "#2"},
				"east": {"uv": [5, 4.5, 5.5, 5], "texture": "#2"},
				"south": {"uv": [5, 1.5, 10, 2], "texture": "#2"},
				"west": {"uv": [5.5, 4.5, 6, 5], "texture": "#2"},
				"up": {"uv": [10, 2.5, 5, 2], "texture": "#2"},
				"down": {"uv": [10, 2.5, 5, 3], "texture": "#2"}
			}
		},
		{
			"from": [3, 1, 7],
			"to": [13, 6, 8],
			"faces": {
				"north": {"uv": [0, 0, 5, 2.5], "texture": "#2"},
				"east": {"uv": [4, 5.5, 4.5, 8], "texture": "#2"},
				"south": {"uv": [0, 2.5, 5, 5], "texture": "#2"},
				"west": {"uv": [4.5, 5.5, 5, 8], "texture": "#2"},
				"up": {"uv": [10, 3.5, 5, 3], "texture": "#2"},
				"down": {"uv": [10, 3.5, 5, 4], "texture": "#2"}
			}
		},
		{
			"from": [13, 0, 7],
			"to": [14, 5, 8],
			"faces": {
				"north": {"uv": [5, 5.5, 5.5, 8], "texture": "#2"},
				"east": {"uv": [5.5, 5.5, 6, 8], "texture": "#2"},
				"south": {"uv": [0, 6, 0.5, 8.5], "texture": "#2"},
				"west": {"uv": [0.5, 6, 1, 8.5], "texture": "#2"},
				"up": {"uv": [6.5, 5, 6, 4.5], "texture": "#2"},
				"down": {"uv": [6.5, 5.5, 6, 6], "texture": "#2"}
			}
		},
		{
			"from": [2, 0, 7],
			"to": [3, 5, 8],
			"faces": {
				"north": {"uv": [1, 6, 1.5, 8.5], "texture": "#2"},
				"east": {"uv": [1.5, 6, 2, 8.5], "texture": "#2"},
				"south": {"uv": [2, 6, 2.5, 8.5], "texture": "#2"},
				"west": {"uv": [2.5, 6, 3, 8.5], "texture": "#2"},
				"up": {"uv": [6.5, 6.5, 6, 6], "texture": "#2"},
				"down": {"uv": [7, 4.5, 6.5, 5], "texture": "#2"}
			}
		},
		{
			"from": [3, 6, 7],
			"to": [4, 7, 8],
			"faces": {
				"north": {"uv": [6.5, 5.5, 7, 6], "texture": "#2"},
				"east": {"uv": [6, 6.5, 6.5, 7], "texture": "#2"},
				"south": {"uv": [6.5, 6, 7, 6.5], "texture": "#2"},
				"west": {"uv": [6.5, 6.5, 7, 7], "texture": "#2"},
				"up": {"uv": [3.5, 7.5, 3, 7], "texture": "#2"},
				"down": {"uv": [4, 7, 3.5, 7.5], "texture": "#2"}
			}
		},
		{
			"from": [12, 6, 7],
			"to": [13, 7, 8],
			"faces": {
				"north": {"uv": [7, 4.5, 7.5, 5], "texture": "#2"},
				"east": {"uv": [7, 5.5, 7.5, 6], "texture": "#2"},
				"south": {"uv": [6, 7, 6.5, 7.5], "texture": "#2"},
				"west": {"uv": [7, 6, 7.5, 6.5], "texture": "#2"},
				"up": {"uv": [7, 7.5, 6.5, 7], "texture": "#2"},
				"down": {"uv": [7.5, 6.5, 7, 7], "texture": "#2"}
			}
		},
		{
			"from": [4, 6, 7],
			"to": [12, 8, 8],
			"faces": {
				"north": {"uv": [0, 5, 4, 6], "texture": "#2"},
				"east": {"uv": [3, 6, 3.5, 7], "texture": "#2"},
				"south": {"uv": [5, 0, 9, 1], "texture": "#2"},
				"west": {"uv": [3.5, 6, 4, 7], "texture": "#2"},
				"up": {"uv": [8, 5.5, 4, 5], "texture": "#2"},
				"down": {"uv": [9, 4, 5, 4.5], "texture": "#2"}
			}
		},
		{
			"from": [-2, 11, 7],
			"to": [8, 12, 8],
			"rotation": {"angle": 22.5, "axis": "z", "origin": [4, 14.75, 7.5]},
			"faces": {
				"north": {"uv": [5, 1, 10, 1.5], "texture": "#1"},
				"east": {"uv": [5, 4.5, 5.5, 5], "texture": "#1"},
				"south": {"uv": [5, 1.5, 10, 2], "texture": "#1"},
				"west": {"uv": [5.5, 4.5, 6, 5], "texture": "#1"},
				"up": {"uv": [10, 2.5, 5, 2], "texture": "#1"},
				"down": {"uv": [10, 2.5, 5, 3], "texture": "#1"}
			}
		},
		{
			"from": [-2, 12, 7],
			"to": [8, 17, 8],
			"rotation": {"angle": 22.5, "axis": "z", "origin": [4, 14.75, 7.5]},
			"faces": {
				"north": {"uv": [0, 0, 5, 2.5], "texture": "#1"},
				"east": {"uv": [4, 5.5, 4.5, 8], "texture": "#1"},
				"south": {"uv": [0, 2.5, 5, 5], "texture": "#1"},
				"west": {"uv": [4.5, 5.5, 5, 8], "texture": "#1"},
				"up": {"uv": [10, 3.5, 5, 3], "texture": "#1"},
				"down": {"uv": [10, 3.5, 5, 4], "texture": "#1"}
			}
		},
		{
			"from": [8, 11, 7],
			"to": [9, 16, 8],
			"rotation": {"angle": 22.5, "axis": "z", "origin": [4, 14.75, 7.5]},
			"faces": {
				"north": {"uv": [5, 5.5, 5.5, 8], "texture": "#1"},
				"east": {"uv": [5.5, 5.5, 6, 8], "texture": "#1"},
				"south": {"uv": [0, 6, 0.5, 8.5], "texture": "#1"},
				"west": {"uv": [0.5, 6, 1, 8.5], "texture": "#1"},
				"up": {"uv": [6.5, 5, 6, 4.5], "texture": "#1"},
				"down": {"uv": [6.5, 5.5, 6, 6], "texture": "#1"}
			}
		},
		{
			"from": [-3, 11, 7],
			"to": [-2, 16, 8],
			"rotation": {"angle": 22.5, "axis": "z", "origin": [4, 14.75, 7.5]},
			"faces": {
				"north": {"uv": [1, 6, 1.5, 8.5], "texture": "#1"},
				"east": {"uv": [1.5, 6, 2, 8.5], "texture": "#1"},
				"south": {"uv": [2, 6, 2.5, 8.5], "texture": "#1"},
				"west": {"uv": [2.5, 6, 3, 8.5], "texture": "#1"},
				"up": {"uv": [6.5, 6.5, 6, 6], "texture": "#1"},
				"down": {"uv": [7, 4.5, 6.5, 5], "texture": "#1"}
			}
		},
		{
			"from": [-2, 17, 7],
			"to": [-1, 18, 8],
			"rotation": {"angle": 22.5, "axis": "z", "origin": [4, 14.75, 7.5]},
			"faces": {
				"north": {"uv": [6.5, 5.5, 7, 6], "texture": "#1"},
				"east": {"uv": [6, 6.5, 6.5, 7], "texture": "#1"},
				"south": {"uv": [6.5, 6, 7, 6.5], "texture": "#1"},
				"west": {"uv": [6.5, 6.5, 7, 7], "texture": "#1"},
				"up": {"uv": [3.5, 7.5, 3, 7], "texture": "#1"},
				"down": {"uv": [4, 7, 3.5, 7.5], "texture": "#1"}
			}
		},
		{
			"from": [7, 17, 7],
			"to": [8, 18, 8],
			"rotation": {"angle": 22.5, "axis": "z", "origin": [4, 14.75, 7.5]},
			"faces": {
				"north": {"uv": [7, 4.5, 7.5, 5], "texture": "#1"},
				"east": {"uv": [7, 5.5, 7.5, 6], "texture": "#1"},
				"south": {"uv": [6, 7, 6.5, 7.5], "texture": "#1"},
				"west": {"uv": [7, 6, 7.5, 6.5], "texture": "#1"},
				"up": {"uv": [7, 7.5, 6.5, 7], "texture": "#1"},
				"down": {"uv": [7.5, 6.5, 7, 7], "texture": "#1"}
			}
		},
		{
			"from": [-1, 17, 7],
			"to": [7, 19, 8],
			"rotation": {"angle": 22.5, "axis": "z", "origin": [4, 14.75, 7.5]},
			"faces": {
				"north": {"uv": [0, 5, 4, 6], "texture": "#1"},
				"east": {"uv": [3, 6, 3.5, 7], "texture": "#1"},
				"south": {"uv": [5, 0, 9, 1], "texture": "#1"},
				"west": {"uv": [3.5, 6, 4, 7], "texture": "#1"},
				"up": {"uv": [8, 5.5, 4, 5], "texture": "#1"},
				"down": {"uv": [9, 4, 5, 4.5], "texture": "#1"}
			}
		},
		{
			"from": [12, 8, 7],
			"to": [22, 9, 8],
			"rotation": {"angle": -22.5, "axis": "z", "origin": [16, 11.75, 7.5]},
			"faces": {
				"north": {"uv": [5, 1, 10, 1.5], "texture": "#1"},
				"east": {"uv": [5, 4.5, 5.5, 5], "texture": "#1"},
				"south": {"uv": [5, 1.5, 10, 2], "texture": "#1"},
				"west": {"uv": [5.5, 4.5, 6, 5], "texture": "#1"},
				"up": {"uv": [10, 2.5, 5, 2], "texture": "#1"},
				"down": {"uv": [10, 2.5, 5, 3], "texture": "#1"}
			}
		},
		{
			"from": [12, 9, 7],
			"to": [22, 14, 8],
			"rotation": {"angle": -22.5, "axis": "z", "origin": [16, 11.75, 7.5]},
			"faces": {
				"north": {"uv": [0, 0, 5, 2.5], "texture": "#1"},
				"east": {"uv": [4, 5.5, 4.5, 8], "texture": "#1"},
				"south": {"uv": [0, 2.5, 5, 5], "texture": "#1"},
				"west": {"uv": [4.5, 5.5, 5, 8], "texture": "#1"},
				"up": {"uv": [10, 3.5, 5, 3], "texture": "#1"},
				"down": {"uv": [10, 3.5, 5, 4], "texture": "#1"}
			}
		},
		{
			"from": [22, 8, 7],
			"to": [23, 13, 8],
			"rotation": {"angle": -22.5, "axis": "z", "origin": [16, 11.75, 7.5]},
			"faces": {
				"north": {"uv": [5, 5.5, 5.5, 8], "texture": "#1"},
				"east": {"uv": [5.5, 5.5, 6, 8], "texture": "#1"},
				"south": {"uv": [0, 6, 0.5, 8.5], "texture": "#1"},
				"west": {"uv": [0.5, 6, 1, 8.5], "texture": "#1"},
				"up": {"uv": [6.5, 5, 6, 4.5], "texture": "#1"},
				"down": {"uv": [6.5, 5.5, 6, 6], "texture": "#1"}
			}
		},
		{
			"from": [11, 8, 7],
			"to": [12, 13, 8],
			"rotation": {"angle": -22.5, "axis": "z", "origin": [16, 11.75, 7.5]},
			"faces": {
				"north": {"uv": [1, 6, 1.5, 8.5], "texture": "#1"},
				"east": {"uv": [1.5, 6, 2, 8.5], "texture": "#1"},
				"south": {"uv": [2, 6, 2.5, 8.5], "texture": "#1"},
				"west": {"uv": [2.5, 6, 3, 8.5], "texture": "#1"},
				"up": {"uv": [6.5, 6.5, 6, 6], "texture": "#1"},
				"down": {"uv": [7, 4.5, 6.5, 5], "texture": "#1"}
			}
		},
		{
			"from": [12, 14, 7],
			"to": [13, 15, 8],
			"rotation": {"angle": -22.5, "axis": "z", "origin": [16, 11.75, 7.5]},
			"faces": {
				"north": {"uv": [6.5, 5.5, 7, 6], "texture": "#1"},
				"east": {"uv": [6, 6.5, 6.5, 7], "texture": "#1"},
				"south": {"uv": [6.5, 6, 7, 6.5], "texture": "#1"},
				"west": {"uv": [6.5, 6.5, 7, 7], "texture": "#1"},
				"up": {"uv": [3.5, 7.5, 3, 7], "texture": "#1"},
				"down": {"uv": [4, 7, 3.5, 7.5], "texture": "#1"}
			}
		},
		{
			"from": [21, 14, 7],
			"to": [22, 15, 8],
			"rotation": {"angle": -22.5, "axis": "z", "origin": [16, 11.75, 7.5]},
			"faces": {
				"north": {"uv": [7, 4.5, 7.5, 5], "texture": "#1"},
				"east": {"uv": [7, 5.5, 7.5, 6], "texture": "#1"},
				"south": {"uv": [6, 7, 6.5, 7.5], "texture": "#1"},
				"west": {"uv": [7, 6, 7.5, 6.5], "texture": "#1"},
				"up": {"uv": [7, 7.5, 6.5, 7], "texture": "#1"},
				"down": {"uv": [7.5, 6.5, 7, 7], "texture": "#1"}
			}
		},
		{
			"from": [13, 14, 7],
			"to": [21, 16, 8],
			"rotation": {"angle": -22.5, "axis": "z", "origin": [16, 11.75, 7.5]},
			"faces": {
				"north": {"uv": [0, 5, 4, 6], "texture": "#1"},
				"east": {"uv": [3, 6, 3.5, 7], "texture": "#1"},
				"south": {"uv": [5, 0, 9, 1], "texture": "#1"},
				"west": {"uv": [3.5, 6, 4, 7], "texture": "#1"},
				"up": {"uv": [8, 5.5, 4, 5], "texture": "#1"},
				"down": {"uv": [9, 4, 5, 4.5], "texture": "#1"}
			}
		}
	],
	"gui_light": "front",
	"display": {
		"thirdperson_righthand": {
			"translation": [0, 1.75, 0.75],
			"scale": [0.2, 0.2, 0.5]
		},
		"thirdperson_lefthand": {
			"translation": [0, 1.75, 0.75],
			"scale": [0.2, 0.2, 0.5]
		},
		"firstperson_righthand": {
			"rotation": [-30, -75, 0],
			"translation": [2.5, 1.75, 0],
			"scale": [0.3, 0.3, 0.8]
		},
		"firstperson_lefthand": {
			"rotation": [-30, -75, 0],
			"translation": [2.5, 1.75, 0],
			"scale": [0.3, 0.3, 0.8]
		},
		"ground": {
			"translation": [0, 2, 0],
			"scale": [0.3, 0.3, 0.8]
		},
		"gui": {
			"translation": [-1, -1.5, 0],
			"scale": [0.6, 0.6, 0.5]
		},
		"fixed": {
			"translation": [-0.25, -0.5, -0.5],
			"scale": [0.3, 0.3, 1.5]
		}
	},
	"groups": [
		{
			"name": "bonbons",
			"origin": [8, 8, 8],
			"color": 0,
			"children": [
				{
					"name": "bonbon",
					"origin": [8, 8, 8],
					"color": 0,
					"children": [0, 1, 2, 3, 4, 5, 6]
				},
				{
					"name": "bonbon",
					"origin": [8, 8, 8],
					"color": 0,
					"children": [7, 8, 9, 10, 11, 12, 13]
				},
				{
					"name": "bonbon",
					"origin": [8, 8, 8],
					"color": 0,
					"children": [14, 15, 16, 17, 18, 19, 20]
				}
			]
		}
	]
}