{
  "parent": "minecraft:item/generated",
  "textures": {
    "layer0": "minecraft:item/bread"
  },

  "overrides": [
    { "predicate": {"custom_model_data": 370}, "model": "item/brownie"},
    { "predicate": {"custom_model_data": 371}, "model": "item/apple_pie"},
    { "predicate": {"custom_model_data": 372}, "model": "item/berry_pie"},
    { "predicate": {"custom_model_data": 373}, "model": "item/cupcake"},
    { "predicate": {"custom_model_data": 374}, "model": "item/berry_muffin"},
    { "predicate": {"custom_model_data": 375}, "model": "item/honeybun"},
    { "predicate": {"custom_model_data": 376}, "model": "item/carrot_cake"},
    { "predicate": {"custom_model_data": 377}, "model": "item/berry_cheese_cake"},
    { "predicate": {"custom_model_data": 378}, "model": "item/red_velvet_cupcake"},
    { "predicate": {"custom_model_data": 379}, "model": "item/blaze_donut"},
    { "predicate": {"custom_model_data": 380}, "model": "item/fox_fudge"}
]
}

