{
	"credit": "Made with Blockbench",
	"texture_size": [32, 32],
	"textures": {
		"1": "custom/brownie",
		"particle": "custom/cookie"
	},
	"elements": [
		{
			"from": [1, 4, 7],
			"to": [2, 6, 8],
			"faces": {
				"north": {"uv": [0, 7.5, 0.5, 8.5], "texture": "#1"},
				"east": {"uv": [0.5, 7.5, 1, 8.5], "texture": "#1"},
				"south": {"uv": [1, 7.5, 1.5, 8.5], "texture": "#1"},
				"west": {"uv": [1.5, 7.5, 2, 8.5], "texture": "#1"},
				"up": {"uv": [10, 1, 9.5, 0.5], "texture": "#1"},
				"down": {"uv": [10, 1, 9.5, 1.5], "texture": "#1"}
			}
		},
		{
			"from": [1, 6, 7],
			"to": [2, 9, 8],
			"faces": {
				"north": {"uv": [0, 5.5, 0.5, 7], "texture": "#1"},
				"east": {"uv": [0.5, 5.5, 1, 7], "texture": "#1"},
				"south": {"uv": [1, 5.5, 1.5, 7], "texture": "#1"},
				"west": {"uv": [1.5, 5.5, 2, 7], "texture": "#1"},
				"up": {"uv": [10, 2, 9.5, 1.5], "texture": "#1"},
				"down": {"uv": [10, 2, 9.5, 2.5], "texture": "#1"}
			}
		},
		{
			"from": [16, 6, 7],
			"to": [17, 9, 8],
			"faces": {
				"north": {"uv": [2, 5.5, 2.5, 7], "texture": "#1"},
				"east": {"uv": [2.5, 5.5, 3, 7], "texture": "#1"},
				"south": {"uv": [3, 5.5, 3.5, 7], "texture": "#1"},
				"west": {"uv": [3.5, 5.5, 4, 7], "texture": "#1"},
				"up": {"uv": [10, 3, 9.5, 2.5], "texture": "#1"},
				"down": {"uv": [3.5, 9.5, 3, 10], "texture": "#1"}
			}
		},
		{
			"from": [16, 5, 7],
			"to": [17, 6, 8],
			"faces": {
				"north": {"uv": [9.5, 3, 10, 3.5], "texture": "#1"},
				"east": {"uv": [3.5, 9.5, 4, 10], "texture": "#1"},
				"south": {"uv": [9.5, 3.5, 10, 4], "texture": "#1"},
				"west": {"uv": [4, 9.5, 4.5, 10], "texture": "#1"},
				"up": {"uv": [5, 10, 4.5, 9.5], "texture": "#1"},
				"down": {"uv": [10, 4.5, 9.5, 5], "texture": "#1"}
			}
		},
		{
			"from": [16, 4, 7],
			"to": [17, 5, 8],
			"faces": {
				"north": {"uv": [5, 9.5, 5.5, 10], "texture": "#1"},
				"east": {"uv": [9.5, 5, 10, 5.5], "texture": "#1"},
				"south": {"uv": [5.5, 9.5, 6, 10], "texture": "#1"},
				"west": {"uv": [9.5, 5.5, 10, 6], "texture": "#1"},
				"up": {"uv": [6.5, 10, 6, 9.5], "texture": "#1"},
				"down": {"uv": [7, 9.5, 6.5, 10], "texture": "#1"}
			}
		},
		{
			"from": [1, 9, 7],
			"to": [2, 10, 8],
			"faces": {
				"north": {"uv": [7, 9.5, 7.5, 10], "texture": "#1"},
				"east": {"uv": [9.5, 7, 10, 7.5], "texture": "#1"},
				"south": {"uv": [7.5, 9.5, 8, 10], "texture": "#1"},
				"west": {"uv": [8, 9.5, 8.5, 10], "texture": "#1"},
				"up": {"uv": [9, 10, 8.5, 9.5], "texture": "#1"},
				"down": {"uv": [9.5, 9.5, 9, 10], "texture": "#1"}
			}
		},
		{
			"from": [16, 9, 7],
			"to": [17, 10, 8],
			"faces": {
				"north": {"uv": [9.5, 9.5, 10, 10], "texture": "#1"},
				"east": {"uv": [0, 10, 0.5, 10.5], "texture": "#1"},
				"south": {"uv": [0.5, 10, 1, 10.5], "texture": "#1"},
				"west": {"uv": [10, 0.5, 10.5, 1], "texture": "#1"},
				"up": {"uv": [1.5, 10.5, 1, 10], "texture": "#1"},
				"down": {"uv": [10.5, 1, 10, 1.5], "texture": "#1"}
			}
		},
		{
			"from": [2, 10, 7],
			"to": [3, 11, 8],
			"faces": {
				"north": {"uv": [1.5, 10, 2, 10.5], "texture": "#1"},
				"east": {"uv": [10, 1.5, 10.5, 2], "texture": "#1"},
				"south": {"uv": [2, 10, 2.5, 10.5], "texture": "#1"},
				"west": {"uv": [10, 2, 10.5, 2.5], "texture": "#1"},
				"up": {"uv": [3, 10.5, 2.5, 10], "texture": "#1"},
				"down": {"uv": [10.5, 2.5, 10, 3], "texture": "#1"}
			}
		},
		{
			"from": [15, 10, 7],
			"to": [16, 11, 8],
			"faces": {
				"north": {"uv": [3, 10, 3.5, 10.5], "texture": "#1"},
				"east": {"uv": [10, 3, 10.5, 3.5], "texture": "#1"},
				"south": {"uv": [3.5, 10, 4, 10.5], "texture": "#1"},
				"west": {"uv": [10, 3.5, 10.5, 4], "texture": "#1"},
				"up": {"uv": [4.5, 10.5, 4, 10], "texture": "#1"},
				"down": {"uv": [10.5, 4, 10, 4.5], "texture": "#1"}
			}
		},
		{
			"from": [14, 3, 7],
			"to": [15, 4, 8],
			"faces": {
				"north": {"uv": [4.5, 10, 5, 10.5], "texture": "#1"},
				"east": {"uv": [10, 4.5, 10.5, 5], "texture": "#1"},
				"south": {"uv": [5, 10, 5.5, 10.5], "texture": "#1"},
				"west": {"uv": [10, 5, 10.5, 5.5], "texture": "#1"},
				"up": {"uv": [6, 10.5, 5.5, 10], "texture": "#1"},
				"down": {"uv": [10.5, 5.5, 10, 6], "texture": "#1"}
			}
		},
		{
			"from": [15, 3, 7],
			"to": [16, 4, 8],
			"faces": {
				"north": {"uv": [6, 10, 6.5, 10.5], "texture": "#1"},
				"east": {"uv": [10, 6, 10.5, 6.5], "texture": "#1"},
				"south": {"uv": [6.5, 10, 7, 10.5], "texture": "#1"},
				"west": {"uv": [10, 6.5, 10.5, 7], "texture": "#1"},
				"up": {"uv": [7.5, 10.5, 7, 10], "texture": "#1"},
				"down": {"uv": [10.5, 7, 10, 7.5], "texture": "#1"}
			}
		},
		{
			"from": [2, 3, 7],
			"to": [3, 4, 8],
			"faces": {
				"north": {"uv": [7.5, 10, 8, 10.5], "texture": "#1"},
				"east": {"uv": [10, 7.5, 10.5, 8], "texture": "#1"},
				"south": {"uv": [8, 10, 8.5, 10.5], "texture": "#1"},
				"west": {"uv": [10, 8, 10.5, 8.5], "texture": "#1"},
				"up": {"uv": [9, 10.5, 8.5, 10], "texture": "#1"},
				"down": {"uv": [10.5, 8.5, 10, 9], "texture": "#1"}
			}
		},
		{
			"from": [3, 11, 7],
			"to": [5, 12, 8],
			"faces": {
				"north": {"uv": [2, 7.5, 3, 8], "texture": "#1"},
				"east": {"uv": [9, 10, 9.5, 10.5], "texture": "#1"},
				"south": {"uv": [3, 7.5, 4, 8], "texture": "#1"},
				"west": {"uv": [10, 9, 10.5, 9.5], "texture": "#1"},
				"up": {"uv": [8.5, 3.5, 7.5, 3], "texture": "#1"},
				"down": {"uv": [8.5, 3.5, 7.5, 4], "texture": "#1"}
			}
		},
		{
			"from": [13, 11, 7],
			"to": [15, 12, 8],
			"faces": {
				"north": {"uv": [4, 7.5, 5, 8], "texture": "#1"},
				"east": {"uv": [9.5, 10, 10, 10.5], "texture": "#1"},
				"south": {"uv": [7.5, 4.5, 8.5, 5], "texture": "#1"},
				"west": {"uv": [10, 9.5, 10.5, 10], "texture": "#1"},
				"up": {"uv": [6, 8, 5, 7.5], "texture": "#1"},
				"down": {"uv": [8.5, 5, 7.5, 5.5], "texture": "#1"}
			}
		},
		{
			"from": [14, 2, 7],
			"to": [15, 3, 8],
			"faces": {
				"north": {"uv": [10, 10, 10.5, 10.5], "texture": "#1"},
				"east": {"uv": [0, 10.5, 0.5, 11], "texture": "#1"},
				"south": {"uv": [10.5, 0, 11, 0.5], "texture": "#1"},
				"west": {"uv": [0.5, 10.5, 1, 11], "texture": "#1"},
				"up": {"uv": [11, 1, 10.5, 0.5], "texture": "#1"},
				"down": {"uv": [1.5, 10.5, 1, 11], "texture": "#1"}
			}
		},
		{
			"from": [13, 2, 7],
			"to": [14, 3, 8],
			"faces": {
				"north": {"uv": [10.5, 1, 11, 1.5], "texture": "#1"},
				"east": {"uv": [1.5, 10.5, 2, 11], "texture": "#1"},
				"south": {"uv": [10.5, 1.5, 11, 2], "texture": "#1"},
				"west": {"uv": [2, 10.5, 2.5, 11], "texture": "#1"},
				"up": {"uv": [11, 2.5, 10.5, 2], "texture": "#1"},
				"down": {"uv": [3, 10.5, 2.5, 11], "texture": "#1"}
			}
		},
		{
			"from": [3, 2, 7],
			"to": [5, 3, 8],
			"faces": {
				"north": {"uv": [7.5, 5.5, 8.5, 6], "texture": "#1"},
				"east": {"uv": [10.5, 2.5, 11, 3], "texture": "#1"},
				"south": {"uv": [6, 7.5, 7, 8], "texture": "#1"},
				"west": {"uv": [3, 10.5, 3.5, 11], "texture": "#1"},
				"up": {"uv": [8.5, 6.5, 7.5, 6], "texture": "#1"},
				"down": {"uv": [8.5, 6.5, 7.5, 7], "texture": "#1"}
			}
		},
		{
			"from": [5, 12, 7],
			"to": [13, 13, 8],
			"faces": {
				"north": {"uv": [0, 0, 4, 0.5], "texture": "#1"},
				"east": {"uv": [10.5, 3, 11, 3.5], "texture": "#1"},
				"south": {"uv": [0, 0.5, 4, 1], "texture": "#1"},
				"west": {"uv": [3.5, 10.5, 4, 11], "texture": "#1"},
				"up": {"uv": [4, 1.5, 0, 1], "texture": "#1"},
				"down": {"uv": [4, 1.5, 0, 2], "texture": "#1"}
			}
		},
		{
			"from": [5, 1, 7],
			"to": [13, 2, 8],
			"faces": {
				"north": {"uv": [0, 2, 4, 2.5], "texture": "#1"},
				"east": {"uv": [10.5, 3.5, 11, 4], "texture": "#1"},
				"south": {"uv": [0, 2.5, 4, 3], "texture": "#1"},
				"west": {"uv": [4, 10.5, 4.5, 11], "texture": "#1"},
				"up": {"uv": [4, 3.5, 0, 3], "texture": "#1"},
				"down": {"uv": [4, 3.5, 0, 4], "texture": "#1"}
			}
		},
		{
			"from": [6, 11, 7],
			"to": [10, 12, 8],
			"faces": {
				"north": {"uv": [4, 3, 6, 3.5], "texture": "#1"},
				"east": {"uv": [10.5, 4, 11, 4.5], "texture": "#1"},
				"south": {"uv": [4, 3.5, 6, 4], "texture": "#1"},
				"west": {"uv": [4.5, 10.5, 5, 11], "texture": "#1"},
				"up": {"uv": [2, 5, 0, 4.5], "texture": "#1"},
				"down": {"uv": [4, 4.5, 2, 5], "texture": "#1"}
			}
		},
		{
			"from": [8, 10, 7],
			"to": [13, 11, 8],
			"faces": {
				"north": {"uv": [0, 4, 2.5, 4.5], "texture": "#1"},
				"east": {"uv": [10.5, 4.5, 11, 5], "texture": "#1"},
				"south": {"uv": [4, 0, 6.5, 0.5], "texture": "#1"},
				"west": {"uv": [5, 10.5, 5.5, 11], "texture": "#1"},
				"up": {"uv": [6.5, 1, 4, 0.5], "texture": "#1"},
				"down": {"uv": [6.5, 1, 4, 1.5], "texture": "#1"}
			}
		},
		{
			"from": [10, 11, 7],
			"to": [11, 12, 8],
			"faces": {
				"north": {"uv": [10.5, 5, 11, 5.5], "texture": "#1"},
				"east": {"uv": [5.5, 10.5, 6, 11], "texture": "#1"},
				"south": {"uv": [10.5, 5.5, 11, 6], "texture": "#1"},
				"west": {"uv": [6, 10.5, 6.5, 11], "texture": "#1"},
				"up": {"uv": [11, 6.5, 10.5, 6], "texture": "#1"},
				"down": {"uv": [7, 10.5, 6.5, 11], "texture": "#1"}
			}
		},
		{
			"from": [4, 10, 7],
			"to": [5, 11, 8],
			"faces": {
				"north": {"uv": [10.5, 6.5, 11, 7], "texture": "#1"},
				"east": {"uv": [7, 10.5, 7.5, 11], "texture": "#1"},
				"south": {"uv": [10.5, 7, 11, 7.5], "texture": "#1"},
				"west": {"uv": [7.5, 10.5, 8, 11], "texture": "#1"},
				"up": {"uv": [11, 8, 10.5, 7.5], "texture": "#1"},
				"down": {"uv": [8.5, 10.5, 8, 11], "texture": "#1"}
			}
		},
		{
			"from": [7, 10, 7],
			"to": [8, 11, 8],
			"faces": {
				"north": {"uv": [10.5, 8, 11, 8.5], "texture": "#1"},
				"east": {"uv": [8.5, 10.5, 9, 11], "texture": "#1"},
				"south": {"uv": [10.5, 8.5, 11, 9], "texture": "#1"},
				"west": {"uv": [9, 10.5, 9.5, 11], "texture": "#1"},
				"up": {"uv": [11, 9.5, 10.5, 9], "texture": "#1"},
				"down": {"uv": [10, 10.5, 9.5, 11], "texture": "#1"}
			}
		},
		{
			"from": [8, 9, 7],
			"to": [9, 10, 8],
			"faces": {
				"north": {"uv": [10.5, 9.5, 11, 10], "texture": "#1"},
				"east": {"uv": [10, 10.5, 10.5, 11], "texture": "#1"},
				"south": {"uv": [10.5, 10, 11, 10.5], "texture": "#1"},
				"west": {"uv": [10.5, 10.5, 11, 11], "texture": "#1"},
				"up": {"uv": [0.5, 11.5, 0, 11], "texture": "#1"},
				"down": {"uv": [11.5, 0, 11, 0.5], "texture": "#1"}
			}
		},
		{
			"from": [10, 6, 7],
			"to": [11, 9, 8],
			"faces": {
				"north": {"uv": [4, 5.5, 4.5, 7], "texture": "#1"},
				"east": {"uv": [4.5, 5.5, 5, 7], "texture": "#1"},
				"south": {"uv": [5, 5.5, 5.5, 7], "texture": "#1"},
				"west": {"uv": [5.5, 5.5, 6, 7], "texture": "#1"},
				"up": {"uv": [1, 11.5, 0.5, 11], "texture": "#1"},
				"down": {"uv": [11.5, 0.5, 11, 1], "texture": "#1"}
			}
		},
		{
			"from": [2, 9, 7],
			"to": [3, 10, 8],
			"faces": {
				"north": {"uv": [1, 11, 1.5, 11.5], "texture": "#1"},
				"east": {"uv": [11, 1, 11.5, 1.5], "texture": "#1"},
				"south": {"uv": [1.5, 11, 2, 11.5], "texture": "#1"},
				"west": {"uv": [11, 1.5, 11.5, 2], "texture": "#1"},
				"up": {"uv": [2.5, 11.5, 2, 11], "texture": "#1"},
				"down": {"uv": [11.5, 2, 11, 2.5], "texture": "#1"}
			}
		},
		{
			"from": [5, 9, 7],
			"to": [6, 10, 8],
			"faces": {
				"north": {"uv": [2.5, 11, 3, 11.5], "texture": "#1"},
				"east": {"uv": [11, 2.5, 11.5, 3], "texture": "#1"},
				"south": {"uv": [3, 11, 3.5, 11.5], "texture": "#1"},
				"west": {"uv": [11, 3, 11.5, 3.5], "texture": "#1"},
				"up": {"uv": [4, 11.5, 3.5, 11], "texture": "#1"},
				"down": {"uv": [11.5, 3.5, 11, 4], "texture": "#1"}
			}
		},
		{
			"from": [6, 9, 7],
			"to": [7, 10, 8],
			"faces": {
				"north": {"uv": [4, 11, 4.5, 11.5], "texture": "#1"},
				"east": {"uv": [11, 4, 11.5, 4.5], "texture": "#1"},
				"south": {"uv": [4.5, 11, 5, 11.5], "texture": "#1"},
				"west": {"uv": [11, 4.5, 11.5, 5], "texture": "#1"},
				"up": {"uv": [5.5, 11.5, 5, 11], "texture": "#1"},
				"down": {"uv": [11.5, 5, 11, 5.5], "texture": "#1"}
			}
		},
		{
			"from": [7, 9, 7],
			"to": [8, 10, 8],
			"faces": {
				"north": {"uv": [5.5, 11, 6, 11.5], "texture": "#1"},
				"east": {"uv": [11, 5.5, 11.5, 6], "texture": "#1"},
				"south": {"uv": [6, 11, 6.5, 11.5], "texture": "#1"},
				"west": {"uv": [11, 6, 11.5, 6.5], "texture": "#1"},
				"up": {"uv": [7, 11.5, 6.5, 11], "texture": "#1"},
				"down": {"uv": [11.5, 6.5, 11, 7], "texture": "#1"}
			}
		},
		{
			"from": [5, 10, 7],
			"to": [7, 11, 8],
			"faces": {
				"north": {"uv": [7, 7.5, 8, 8], "texture": "#1"},
				"east": {"uv": [7, 11, 7.5, 11.5], "texture": "#1"},
				"south": {"uv": [7.5, 7, 8.5, 7.5], "texture": "#1"},
				"west": {"uv": [11, 7, 11.5, 7.5], "texture": "#1"},
				"up": {"uv": [9, 0.5, 8, 0], "texture": "#1"},
				"down": {"uv": [9, 0.5, 8, 1], "texture": "#1"}
			}
		},
		{
			"from": [3, 9, 7],
			"to": [5, 10, 8],
			"faces": {
				"north": {"uv": [8, 1, 9, 1.5], "texture": "#1"},
				"east": {"uv": [7.5, 11, 8, 11.5], "texture": "#1"},
				"south": {"uv": [8, 1.5, 9, 2], "texture": "#1"},
				"west": {"uv": [11, 7.5, 11.5, 8], "texture": "#1"},
				"up": {"uv": [3, 8.5, 2, 8], "texture": "#1"},
				"down": {"uv": [9, 2, 8, 2.5], "texture": "#1"}
			}
		},
		{
			"from": [13, 9, 7],
			"to": [16, 10, 8],
			"faces": {
				"north": {"uv": [5, 4, 6.5, 4.5], "texture": "#1"},
				"east": {"uv": [8, 11, 8.5, 11.5], "texture": "#1"},
				"south": {"uv": [6, 3, 7.5, 3.5], "texture": "#1"},
				"west": {"uv": [11, 8, 11.5, 8.5], "texture": "#1"},
				"up": {"uv": [7.5, 4, 6, 3.5], "texture": "#1"},
				"down": {"uv": [7.5, 4.5, 6, 5], "texture": "#1"}
			}
		},
		{
			"from": [12, 8, 7],
			"to": [15, 9, 8],
			"faces": {
				"north": {"uv": [6, 5, 7.5, 5.5], "texture": "#1"},
				"east": {"uv": [8.5, 11, 9, 11.5], "texture": "#1"},
				"south": {"uv": [6, 5.5, 7.5, 6], "texture": "#1"},
				"west": {"uv": [11, 8.5, 11.5, 9], "texture": "#1"},
				"up": {"uv": [7.5, 6.5, 6, 6], "texture": "#1"},
				"down": {"uv": [8, 0, 6.5, 0.5], "texture": "#1"}
			}
		},
		{
			"from": [9, 9, 7],
			"to": [11, 10, 8],
			"faces": {
				"north": {"uv": [8, 2.5, 9, 3], "texture": "#1"},
				"east": {"uv": [9, 11, 9.5, 11.5], "texture": "#1"},
				"south": {"uv": [3, 8, 4, 8.5], "texture": "#1"},
				"west": {"uv": [11, 9, 11.5, 9.5], "texture": "#1"},
				"up": {"uv": [5, 8.5, 4, 8], "texture": "#1"},
				"down": {"uv": [9, 4, 8, 4.5], "texture": "#1"}
			}
		},
		{
			"from": [7, 6, 7],
			"to": [10, 7, 8],
			"faces": {
				"north": {"uv": [6.5, 0.5, 8, 1], "texture": "#1"},
				"east": {"uv": [9.5, 11, 10, 11.5], "texture": "#1"},
				"south": {"uv": [6.5, 1, 8, 1.5], "texture": "#1"},
				"west": {"uv": [11, 9.5, 11.5, 10], "texture": "#1"},
				"up": {"uv": [8, 2, 6.5, 1.5], "texture": "#1"},
				"down": {"uv": [8, 2, 6.5, 2.5], "texture": "#1"}
			}
		},
		{
			"from": [2, 6, 7],
			"to": [5, 7, 8],
			"faces": {
				"north": {"uv": [6.5, 2.5, 8, 3], "texture": "#1"},
				"east": {"uv": [10, 11, 10.5, 11.5], "texture": "#1"},
				"south": {"uv": [6.5, 4, 8, 4.5], "texture": "#1"},
				"west": {"uv": [11, 10, 11.5, 10.5], "texture": "#1"},
				"up": {"uv": [7.5, 7, 6, 6.5], "texture": "#1"},
				"down": {"uv": [1.5, 7, 0, 7.5], "texture": "#1"}
			}
		},
		{
			"from": [14, 6, 7],
			"to": [16, 7, 8],
			"faces": {
				"north": {"uv": [5, 8, 6, 8.5], "texture": "#1"},
				"east": {"uv": [10.5, 11, 11, 11.5], "texture": "#1"},
				"south": {"uv": [6, 8, 7, 8.5], "texture": "#1"},
				"west": {"uv": [11, 10.5, 11.5, 11], "texture": "#1"},
				"up": {"uv": [8, 8.5, 7, 8], "texture": "#1"},
				"down": {"uv": [9, 7.5, 8, 8], "texture": "#1"}
			}
		},
		{
			"from": [9, 5, 7],
			"to": [11, 6, 8],
			"faces": {
				"north": {"uv": [8, 8, 9, 8.5], "texture": "#1"},
				"east": {"uv": [11, 11, 11.5, 11.5], "texture": "#1"},
				"south": {"uv": [0, 8.5, 1, 9], "texture": "#1"},
				"west": {"uv": [0, 11.5, 0.5, 12], "texture": "#1"},
				"up": {"uv": [2, 9, 1, 8.5], "texture": "#1"},
				"down": {"uv": [3, 8.5, 2, 9], "texture": "#1"}
			}
		},
		{
			"from": [7, 5, 7],
			"to": [9, 6, 8],
			"faces": {
				"north": {"uv": [3, 8.5, 4, 9], "texture": "#1"},
				"east": {"uv": [11.5, 0, 12, 0.5], "texture": "#1"},
				"south": {"uv": [8.5, 3, 9.5, 3.5], "texture": "#1"},
				"west": {"uv": [0.5, 11.5, 1, 12], "texture": "#1"},
				"up": {"uv": [9.5, 4, 8.5, 3.5], "texture": "#1"},
				"down": {"uv": [5, 8.5, 4, 9], "texture": "#1"}
			}
		},
		{
			"from": [11, 7, 7],
			"to": [13, 8, 8],
			"faces": {
				"north": {"uv": [8.5, 4.5, 9.5, 5], "texture": "#1"},
				"east": {"uv": [11.5, 0.5, 12, 1], "texture": "#1"},
				"south": {"uv": [5, 8.5, 6, 9], "texture": "#1"},
				"west": {"uv": [1, 11.5, 1.5, 12], "texture": "#1"},
				"up": {"uv": [9.5, 5.5, 8.5, 5], "texture": "#1"},
				"down": {"uv": [9.5, 5.5, 8.5, 6], "texture": "#1"}
			}
		},
		{
			"from": [7, 7, 7],
			"to": [8, 9, 8],
			"faces": {
				"north": {"uv": [6, 8.5, 6.5, 9.5], "texture": "#1"},
				"east": {"uv": [8.5, 6, 9, 7], "texture": "#1"},
				"south": {"uv": [6.5, 8.5, 7, 9.5], "texture": "#1"},
				"west": {"uv": [7, 8.5, 7.5, 9.5], "texture": "#1"},
				"up": {"uv": [12, 1.5, 11.5, 1], "texture": "#1"},
				"down": {"uv": [2, 11.5, 1.5, 12], "texture": "#1"}
			}
		},
		{
			"from": [5, 6, 7],
			"to": [6, 8, 8],
			"faces": {
				"north": {"uv": [7.5, 8.5, 8, 9.5], "texture": "#1"},
				"east": {"uv": [8, 8.5, 8.5, 9.5], "texture": "#1"},
				"south": {"uv": [8.5, 8.5, 9, 9.5], "texture": "#1"},
				"west": {"uv": [0, 9, 0.5, 10], "texture": "#1"},
				"up": {"uv": [12, 2, 11.5, 1.5], "texture": "#1"},
				"down": {"uv": [2.5, 11.5, 2, 12], "texture": "#1"}
			}
		},
		{
			"from": [11, 5, 7],
			"to": [12, 7, 8],
			"faces": {
				"north": {"uv": [9, 0, 9.5, 1], "texture": "#1"},
				"east": {"uv": [0.5, 9, 1, 10], "texture": "#1"},
				"south": {"uv": [1, 9, 1.5, 10], "texture": "#1"},
				"west": {"uv": [9, 1, 9.5, 2], "texture": "#1"},
				"up": {"uv": [12, 2.5, 11.5, 2], "texture": "#1"},
				"down": {"uv": [3, 11.5, 2.5, 12], "texture": "#1"}
			}
		},
		{
			"from": [11, 11, 7],
			"to": [12, 12, 8],
			"faces": {
				"north": {"uv": [11.5, 2.5, 12, 3], "texture": "#1"},
				"east": {"uv": [3, 11.5, 3.5, 12], "texture": "#1"},
				"south": {"uv": [11.5, 3, 12, 3.5], "texture": "#1"},
				"west": {"uv": [3.5, 11.5, 4, 12], "texture": "#1"},
				"up": {"uv": [12, 4, 11.5, 3.5], "texture": "#1"},
				"down": {"uv": [4.5, 11.5, 4, 12], "texture": "#1"}
			}
		},
		{
			"from": [12, 11, 7],
			"to": [13, 12, 8],
			"faces": {
				"north": {"uv": [11.5, 4, 12, 4.5], "texture": "#1"},
				"east": {"uv": [4.5, 11.5, 5, 12], "texture": "#1"},
				"south": {"uv": [11.5, 4.5, 12, 5], "texture": "#1"},
				"west": {"uv": [5, 11.5, 5.5, 12], "texture": "#1"},
				"up": {"uv": [12, 5.5, 11.5, 5], "texture": "#1"},
				"down": {"uv": [6, 11.5, 5.5, 12], "texture": "#1"}
			}
		},
		{
			"from": [5, 11, 7],
			"to": [6, 12, 8],
			"faces": {
				"north": {"uv": [11.5, 5.5, 12, 6], "texture": "#1"},
				"east": {"uv": [6, 11.5, 6.5, 12], "texture": "#1"},
				"south": {"uv": [11.5, 6, 12, 6.5], "texture": "#1"},
				"west": {"uv": [6.5, 11.5, 7, 12], "texture": "#1"},
				"up": {"uv": [12, 7, 11.5, 6.5], "texture": "#1"},
				"down": {"uv": [7.5, 11.5, 7, 12], "texture": "#1"}
			}
		},
		{
			"from": [3, 10, 7],
			"to": [4, 11, 8],
			"faces": {
				"north": {"uv": [11.5, 7, 12, 7.5], "texture": "#1"},
				"east": {"uv": [7.5, 11.5, 8, 12], "texture": "#1"},
				"south": {"uv": [11.5, 7.5, 12, 8], "texture": "#1"},
				"west": {"uv": [8, 11.5, 8.5, 12], "texture": "#1"},
				"up": {"uv": [12, 8.5, 11.5, 8], "texture": "#1"},
				"down": {"uv": [9, 11.5, 8.5, 12], "texture": "#1"}
			}
		},
		{
			"from": [3, 3, 7],
			"to": [4, 4, 8],
			"faces": {
				"north": {"uv": [11.5, 8.5, 12, 9], "texture": "#1"},
				"east": {"uv": [9, 11.5, 9.5, 12], "texture": "#1"},
				"south": {"uv": [11.5, 9, 12, 9.5], "texture": "#1"},
				"west": {"uv": [9.5, 11.5, 10, 12], "texture": "#1"},
				"up": {"uv": [12, 10, 11.5, 9.5], "texture": "#1"},
				"down": {"uv": [10.5, 11.5, 10, 12], "texture": "#1"}
			}
		},
		{
			"from": [5, 2, 7],
			"to": [6, 3, 8],
			"faces": {
				"north": {"uv": [11.5, 10, 12, 10.5], "texture": "#1"},
				"east": {"uv": [10.5, 11.5, 11, 12], "texture": "#1"},
				"south": {"uv": [11.5, 10.5, 12, 11], "texture": "#1"},
				"west": {"uv": [11, 11.5, 11.5, 12], "texture": "#1"},
				"up": {"uv": [12, 11.5, 11.5, 11], "texture": "#1"},
				"down": {"uv": [12, 11.5, 11.5, 12], "texture": "#1"}
			}
		},
		{
			"from": [12, 2, 7],
			"to": [13, 3, 8],
			"faces": {
				"north": {"uv": [0, 12, 0.5, 12.5], "texture": "#1"},
				"east": {"uv": [12, 0, 12.5, 0.5], "texture": "#1"},
				"south": {"uv": [0.5, 12, 1, 12.5], "texture": "#1"},
				"west": {"uv": [12, 0.5, 12.5, 1], "texture": "#1"},
				"up": {"uv": [1.5, 12.5, 1, 12], "texture": "#1"},
				"down": {"uv": [12.5, 1, 12, 1.5], "texture": "#1"}
			}
		},
		{
			"from": [13, 10, 7],
			"to": [14, 11, 8],
			"faces": {
				"north": {"uv": [1.5, 12, 2, 12.5], "texture": "#1"},
				"east": {"uv": [12, 1.5, 12.5, 2], "texture": "#1"},
				"south": {"uv": [2, 12, 2.5, 12.5], "texture": "#1"},
				"west": {"uv": [12, 2, 12.5, 2.5], "texture": "#1"},
				"up": {"uv": [3, 12.5, 2.5, 12], "texture": "#1"},
				"down": {"uv": [12.5, 2.5, 12, 3], "texture": "#1"}
			}
		},
		{
			"from": [14, 10, 7],
			"to": [15, 11, 8],
			"faces": {
				"north": {"uv": [3, 12, 3.5, 12.5], "texture": "#1"},
				"east": {"uv": [12, 3, 12.5, 3.5], "texture": "#1"},
				"south": {"uv": [3.5, 12, 4, 12.5], "texture": "#1"},
				"west": {"uv": [12, 3.5, 12.5, 4], "texture": "#1"},
				"up": {"uv": [4.5, 12.5, 4, 12], "texture": "#1"},
				"down": {"uv": [12.5, 4, 12, 4.5], "texture": "#1"}
			}
		},
		{
			"from": [12, 5, 7],
			"to": [13, 6, 8],
			"faces": {
				"north": {"uv": [4.5, 12, 5, 12.5], "texture": "#1"},
				"east": {"uv": [12, 4.5, 12.5, 5], "texture": "#1"},
				"south": {"uv": [5, 12, 5.5, 12.5], "texture": "#1"},
				"west": {"uv": [12, 5, 12.5, 5.5], "texture": "#1"},
				"up": {"uv": [6, 12.5, 5.5, 12], "texture": "#1"},
				"down": {"uv": [12.5, 5.5, 12, 6], "texture": "#1"}
			}
		},
		{
			"from": [13, 5, 7],
			"to": [14, 6, 8],
			"faces": {
				"north": {"uv": [6, 12, 6.5, 12.5], "texture": "#1"},
				"east": {"uv": [12, 6, 12.5, 6.5], "texture": "#1"},
				"south": {"uv": [6.5, 12, 7, 12.5], "texture": "#1"},
				"west": {"uv": [12, 6.5, 12.5, 7], "texture": "#1"},
				"up": {"uv": [7.5, 12.5, 7, 12], "texture": "#1"},
				"down": {"uv": [12.5, 7, 12, 7.5], "texture": "#1"}
			}
		},
		{
			"from": [14, 5, 7],
			"to": [15, 6, 8],
			"faces": {
				"north": {"uv": [7.5, 12, 8, 12.5], "texture": "#1"},
				"east": {"uv": [12, 7.5, 12.5, 8], "texture": "#1"},
				"south": {"uv": [8, 12, 8.5, 12.5], "texture": "#1"},
				"west": {"uv": [12, 8, 12.5, 8.5], "texture": "#1"},
				"up": {"uv": [9, 12.5, 8.5, 12], "texture": "#1"},
				"down": {"uv": [12.5, 8.5, 12, 9], "texture": "#1"}
			}
		},
		{
			"from": [15, 5, 7],
			"to": [16, 6, 8],
			"faces": {
				"north": {"uv": [9, 12, 9.5, 12.5], "texture": "#1"},
				"east": {"uv": [12, 9, 12.5, 9.5], "texture": "#1"},
				"south": {"uv": [9.5, 12, 10, 12.5], "texture": "#1"},
				"west": {"uv": [12, 9.5, 12.5, 10], "texture": "#1"},
				"up": {"uv": [10.5, 12.5, 10, 12], "texture": "#1"},
				"down": {"uv": [12.5, 10, 12, 10.5], "texture": "#1"}
			}
		},
		{
			"from": [12, 6, 7],
			"to": [13, 7, 8],
			"faces": {
				"north": {"uv": [10.5, 12, 11, 12.5], "texture": "#1"},
				"east": {"uv": [12, 10.5, 12.5, 11], "texture": "#1"},
				"south": {"uv": [11, 12, 11.5, 12.5], "texture": "#1"},
				"west": {"uv": [12, 11, 12.5, 11.5], "texture": "#1"},
				"up": {"uv": [12, 12.5, 11.5, 12], "texture": "#1"},
				"down": {"uv": [12.5, 11.5, 12, 12], "texture": "#1"}
			}
		},
		{
			"from": [13, 6, 7],
			"to": [14, 7, 8],
			"faces": {
				"north": {"uv": [12, 12, 12.5, 12.5], "texture": "#1"},
				"east": {"uv": [0, 12.5, 0.5, 13], "texture": "#1"},
				"south": {"uv": [12.5, 0, 13, 0.5], "texture": "#1"},
				"west": {"uv": [0.5, 12.5, 1, 13], "texture": "#1"},
				"up": {"uv": [13, 1, 12.5, 0.5], "texture": "#1"},
				"down": {"uv": [1.5, 12.5, 1, 13], "texture": "#1"}
			}
		},
		{
			"from": [12, 9, 7],
			"to": [13, 10, 8],
			"faces": {
				"north": {"uv": [12.5, 1, 13, 1.5], "texture": "#1"},
				"east": {"uv": [1.5, 12.5, 2, 13], "texture": "#1"},
				"south": {"uv": [12.5, 1.5, 13, 2], "texture": "#1"},
				"west": {"uv": [2, 12.5, 2.5, 13], "texture": "#1"},
				"up": {"uv": [13, 2.5, 12.5, 2], "texture": "#1"},
				"down": {"uv": [3, 12.5, 2.5, 13], "texture": "#1"}
			}
		},
		{
			"from": [15, 7, 7],
			"to": [16, 9, 8],
			"faces": {
				"north": {"uv": [1.5, 9, 2, 10], "texture": "#1"},
				"east": {"uv": [2, 9, 2.5, 10], "texture": "#1"},
				"south": {"uv": [9, 2, 9.5, 3], "texture": "#1"},
				"west": {"uv": [2.5, 9, 3, 10], "texture": "#1"},
				"up": {"uv": [13, 3, 12.5, 2.5], "texture": "#1"},
				"down": {"uv": [3.5, 12.5, 3, 13], "texture": "#1"}
			}
		},
		{
			"from": [11, 9, 7],
			"to": [12, 10, 8],
			"faces": {
				"north": {"uv": [12.5, 3, 13, 3.5], "texture": "#1"},
				"east": {"uv": [3.5, 12.5, 4, 13], "texture": "#1"},
				"south": {"uv": [12.5, 3.5, 13, 4], "texture": "#1"},
				"west": {"uv": [4, 12.5, 4.5, 13], "texture": "#1"},
				"up": {"uv": [13, 4.5, 12.5, 4], "texture": "#1"},
				"down": {"uv": [5, 12.5, 4.5, 13], "texture": "#1"}
			}
		},
		{
			"from": [11, 8, 7],
			"to": [12, 9, 8],
			"faces": {
				"north": {"uv": [12.5, 4.5, 13, 5], "texture": "#1"},
				"east": {"uv": [5, 12.5, 5.5, 13], "texture": "#1"},
				"south": {"uv": [12.5, 5, 13, 5.5], "texture": "#1"},
				"west": {"uv": [5.5, 12.5, 6, 13], "texture": "#1"},
				"up": {"uv": [13, 6, 12.5, 5.5], "texture": "#1"},
				"down": {"uv": [6.5, 12.5, 6, 13], "texture": "#1"}
			}
		},
		{
			"from": [14, 7, 7],
			"to": [15, 8, 8],
			"faces": {
				"north": {"uv": [12.5, 6, 13, 6.5], "texture": "#1"},
				"east": {"uv": [6.5, 12.5, 7, 13], "texture": "#1"},
				"south": {"uv": [12.5, 6.5, 13, 7], "texture": "#1"},
				"west": {"uv": [7, 12.5, 7.5, 13], "texture": "#1"},
				"up": {"uv": [13, 7.5, 12.5, 7], "texture": "#1"},
				"down": {"uv": [8, 12.5, 7.5, 13], "texture": "#1"}
			}
		},
		{
			"from": [13, 7, 7],
			"to": [14, 8, 8],
			"faces": {
				"north": {"uv": [12.5, 7.5, 13, 8], "texture": "#1"},
				"east": {"uv": [8, 12.5, 8.5, 13], "texture": "#1"},
				"south": {"uv": [12.5, 8, 13, 8.5], "texture": "#1"},
				"west": {"uv": [8.5, 12.5, 9, 13], "texture": "#1"},
				"up": {"uv": [13, 9, 12.5, 8.5], "texture": "#1"},
				"down": {"uv": [9.5, 12.5, 9, 13], "texture": "#1"}
			}
		},
		{
			"from": [8, 2, 7],
			"to": [12, 3, 8],
			"rotation": {"angle": 0, "axis": "z", "origin": [8.5, 6, 7.5]},
			"faces": {
				"north": {"uv": [4, 4.5, 6, 5], "texture": "#1"},
				"east": {"uv": [12.5, 9, 13, 9.5], "texture": "#1"},
				"south": {"uv": [0, 5, 2, 5.5], "texture": "#1"},
				"west": {"uv": [9.5, 12.5, 10, 13], "texture": "#1"},
				"up": {"uv": [4, 5.5, 2, 5], "texture": "#1"},
				"down": {"uv": [6, 5, 4, 5.5], "texture": "#1"}
			}
		},
		{
			"from": [5, 3, 7],
			"to": [10, 4, 8],
			"rotation": {"angle": 0, "axis": "z", "origin": [8.5, 6, 7.5]},
			"faces": {
				"north": {"uv": [4, 1.5, 6.5, 2], "texture": "#1"},
				"east": {"uv": [12.5, 9.5, 13, 10], "texture": "#1"},
				"south": {"uv": [4, 2, 6.5, 2.5], "texture": "#1"},
				"west": {"uv": [10, 12.5, 10.5, 13], "texture": "#1"},
				"up": {"uv": [5, 4.5, 2.5, 4], "texture": "#1"},
				"down": {"uv": [6.5, 2.5, 4, 3], "texture": "#1"}
			}
		},
		{
			"from": [7, 2, 7],
			"to": [8, 3, 8],
			"rotation": {"angle": 0, "axis": "z", "origin": [8.5, 6, 7.5]},
			"faces": {
				"north": {"uv": [12.5, 10, 13, 10.5], "texture": "#1"},
				"east": {"uv": [10.5, 12.5, 11, 13], "texture": "#1"},
				"south": {"uv": [12.5, 10.5, 13, 11], "texture": "#1"},
				"west": {"uv": [11, 12.5, 11.5, 13], "texture": "#1"},
				"up": {"uv": [13, 11.5, 12.5, 11], "texture": "#1"},
				"down": {"uv": [12, 12.5, 11.5, 13], "texture": "#1"}
			}
		},
		{
			"from": [10, 3, 7],
			"to": [11, 4, 8],
			"rotation": {"angle": 0, "axis": "z", "origin": [8.5, 6, 7.5]},
			"faces": {
				"north": {"uv": [12.5, 11.5, 13, 12], "texture": "#1"},
				"east": {"uv": [12, 12.5, 12.5, 13], "texture": "#1"},
				"south": {"uv": [12.5, 12, 13, 12.5], "texture": "#1"},
				"west": {"uv": [12.5, 12.5, 13, 13], "texture": "#1"},
				"up": {"uv": [0.5, 13.5, 0, 13], "texture": "#1"},
				"down": {"uv": [13.5, 0, 13, 0.5], "texture": "#1"}
			}
		},
		{
			"from": [9, 4, 7],
			"to": [10, 5, 8],
			"rotation": {"angle": 0, "axis": "z", "origin": [8.5, 6, 7.5]},
			"faces": {
				"north": {"uv": [0.5, 13, 1, 13.5], "texture": "#1"},
				"east": {"uv": [13, 0.5, 13.5, 1], "texture": "#1"},
				"south": {"uv": [1, 13, 1.5, 13.5], "texture": "#1"},
				"west": {"uv": [13, 1, 13.5, 1.5], "texture": "#1"},
				"up": {"uv": [2, 13.5, 1.5, 13], "texture": "#1"},
				"down": {"uv": [13.5, 1.5, 13, 2], "texture": "#1"}
			}
		},
		{
			"from": [15, 4, 7],
			"to": [16, 5, 8],
			"rotation": {"angle": 0, "axis": "z", "origin": [8.5, 6, 7.5]},
			"faces": {
				"north": {"uv": [2, 13, 2.5, 13.5], "texture": "#1"},
				"east": {"uv": [13, 2, 13.5, 2.5], "texture": "#1"},
				"south": {"uv": [2.5, 13, 3, 13.5], "texture": "#1"},
				"west": {"uv": [13, 2.5, 13.5, 3], "texture": "#1"},
				"up": {"uv": [3.5, 13.5, 3, 13], "texture": "#1"},
				"down": {"uv": [13.5, 3, 13, 3.5], "texture": "#1"}
			}
		},
		{
			"from": [12, 4, 7],
			"to": [13, 5, 8],
			"rotation": {"angle": 0, "axis": "z", "origin": [8.5, 6, 7.5]},
			"faces": {
				"north": {"uv": [3.5, 13, 4, 13.5], "texture": "#1"},
				"east": {"uv": [13, 3.5, 13.5, 4], "texture": "#1"},
				"south": {"uv": [4, 13, 4.5, 13.5], "texture": "#1"},
				"west": {"uv": [13, 4, 13.5, 4.5], "texture": "#1"},
				"up": {"uv": [5, 13.5, 4.5, 13], "texture": "#1"},
				"down": {"uv": [13.5, 4.5, 13, 5], "texture": "#1"}
			}
		},
		{
			"from": [11, 4, 7],
			"to": [12, 5, 8],
			"rotation": {"angle": 0, "axis": "z", "origin": [8.5, 6, 7.5]},
			"faces": {
				"north": {"uv": [5, 13, 5.5, 13.5], "texture": "#1"},
				"east": {"uv": [13, 5, 13.5, 5.5], "texture": "#1"},
				"south": {"uv": [5.5, 13, 6, 13.5], "texture": "#1"},
				"west": {"uv": [13, 5.5, 13.5, 6], "texture": "#1"},
				"up": {"uv": [6.5, 13.5, 6, 13], "texture": "#1"},
				"down": {"uv": [13.5, 6, 13, 6.5], "texture": "#1"}
			}
		},
		{
			"from": [10, 4, 7],
			"to": [11, 5, 8],
			"rotation": {"angle": 0, "axis": "z", "origin": [8.5, 6, 7.5]},
			"faces": {
				"north": {"uv": [6.5, 13, 7, 13.5], "texture": "#1"},
				"east": {"uv": [13, 6.5, 13.5, 7], "texture": "#1"},
				"south": {"uv": [7, 13, 7.5, 13.5], "texture": "#1"},
				"west": {"uv": [13, 7, 13.5, 7.5], "texture": "#1"},
				"up": {"uv": [8, 13.5, 7.5, 13], "texture": "#1"},
				"down": {"uv": [13.5, 7.5, 13, 8], "texture": "#1"}
			}
		},
		{
			"from": [11, 3, 7],
			"to": [13, 4, 8],
			"rotation": {"angle": 0, "axis": "z", "origin": [8.5, 6, 7.5]},
			"faces": {
				"north": {"uv": [8.5, 7, 9.5, 7.5], "texture": "#1"},
				"east": {"uv": [8, 13, 8.5, 13.5], "texture": "#1"},
				"south": {"uv": [3, 9, 4, 9.5], "texture": "#1"},
				"west": {"uv": [13, 8, 13.5, 8.5], "texture": "#1"},
				"up": {"uv": [5, 9.5, 4, 9], "texture": "#1"},
				"down": {"uv": [10, 4, 9, 4.5], "texture": "#1"}
			}
		},
		{
			"from": [13, 4, 7],
			"to": [15, 5, 8],
			"rotation": {"angle": 0, "axis": "z", "origin": [8.5, 6, 7.5]},
			"faces": {
				"north": {"uv": [5, 9, 6, 9.5], "texture": "#1"},
				"east": {"uv": [8.5, 13, 9, 13.5], "texture": "#1"},
				"south": {"uv": [9, 6, 10, 6.5], "texture": "#1"},
				"west": {"uv": [13, 8.5, 13.5, 9], "texture": "#1"},
				"up": {"uv": [10, 7, 9, 6.5], "texture": "#1"},
				"down": {"uv": [10, 7.5, 9, 8], "texture": "#1"}
			}
		},
		{
			"from": [2, 4, 7],
			"to": [5, 5, 8],
			"rotation": {"angle": 0, "axis": "z", "origin": [8.5, 6, 7.5]},
			"faces": {
				"north": {"uv": [1.5, 7, 3, 7.5], "texture": "#1"},
				"east": {"uv": [9, 13, 9.5, 13.5], "texture": "#1"},
				"south": {"uv": [3, 7, 4.5, 7.5], "texture": "#1"},
				"west": {"uv": [13, 9, 13.5, 9.5], "texture": "#1"},
				"up": {"uv": [6, 7.5, 4.5, 7], "texture": "#1"},
				"down": {"uv": [7.5, 7, 6, 7.5], "texture": "#1"}
			}
		},
		{
			"from": [7, 4, 7],
			"to": [9, 5, 8],
			"rotation": {"angle": 0, "axis": "z", "origin": [8.5, 6, 7.5]},
			"faces": {
				"north": {"uv": [9, 8, 10, 8.5], "texture": "#1"},
				"east": {"uv": [9.5, 13, 10, 13.5], "texture": "#1"},
				"south": {"uv": [9, 8.5, 10, 9], "texture": "#1"},
				"west": {"uv": [13, 9.5, 13.5, 10], "texture": "#1"},
				"up": {"uv": [10, 9.5, 9, 9], "texture": "#1"},
				"down": {"uv": [10.5, 0, 9.5, 0.5], "texture": "#1"}
			}
		},
		{
			"from": [13, 3, 7],
			"to": [14, 4, 8],
			"rotation": {"angle": 0, "axis": "z", "origin": [8.5, 6, 7.5]},
			"faces": {
				"north": {"uv": [10, 13, 10.5, 13.5], "texture": "#1"},
				"east": {"uv": [13, 10, 13.5, 10.5], "texture": "#1"},
				"south": {"uv": [10.5, 13, 11, 13.5], "texture": "#1"},
				"west": {"uv": [13, 10.5, 13.5, 11], "texture": "#1"},
				"up": {"uv": [11.5, 13.5, 11, 13], "texture": "#1"},
				"down": {"uv": [13.5, 11, 13, 11.5], "texture": "#1"}
			}
		},
		{
			"from": [6, 2, 7],
			"to": [7, 3, 8],
			"rotation": {"angle": 0, "axis": "z", "origin": [8.5, 6, 7.5]},
			"faces": {
				"north": {"uv": [11.5, 13, 12, 13.5], "texture": "#1"},
				"east": {"uv": [13, 11.5, 13.5, 12], "texture": "#1"},
				"south": {"uv": [12, 13, 12.5, 13.5], "texture": "#1"},
				"west": {"uv": [13, 12, 13.5, 12.5], "texture": "#1"},
				"up": {"uv": [13, 13.5, 12.5, 13], "texture": "#1"},
				"down": {"uv": [13.5, 12.5, 13, 13], "texture": "#1"}
			}
		},
		{
			"from": [4, 3, 7],
			"to": [5, 4, 8],
			"rotation": {"angle": 0, "axis": "z", "origin": [8.5, 6, 7.5]},
			"faces": {
				"north": {"uv": [13, 13, 13.5, 13.5], "texture": "#1"},
				"east": {"uv": [0, 13.5, 0.5, 14], "texture": "#1"},
				"south": {"uv": [13.5, 0, 14, 0.5], "texture": "#1"},
				"west": {"uv": [0.5, 13.5, 1, 14], "texture": "#1"},
				"up": {"uv": [14, 1, 13.5, 0.5], "texture": "#1"},
				"down": {"uv": [1.5, 13.5, 1, 14], "texture": "#1"}
			}
		},
		{
			"from": [5, 4, 7],
			"to": [6, 5, 8],
			"rotation": {"angle": 0, "axis": "z", "origin": [8.5, 6, 7.5]},
			"faces": {
				"north": {"uv": [13.5, 1, 14, 1.5], "texture": "#1"},
				"east": {"uv": [1.5, 13.5, 2, 14], "texture": "#1"},
				"south": {"uv": [13.5, 1.5, 14, 2], "texture": "#1"},
				"west": {"uv": [2, 13.5, 2.5, 14], "texture": "#1"},
				"up": {"uv": [14, 2.5, 13.5, 2], "texture": "#1"},
				"down": {"uv": [3, 13.5, 2.5, 14], "texture": "#1"}
			}
		},
		{
			"from": [5, 5, 7],
			"to": [6, 6, 8],
			"rotation": {"angle": 0, "axis": "z", "origin": [8.5, 6, 7.5]},
			"faces": {
				"north": {"uv": [13.5, 2.5, 14, 3], "texture": "#1"},
				"east": {"uv": [3, 13.5, 3.5, 14], "texture": "#1"},
				"south": {"uv": [13.5, 3, 14, 3.5], "texture": "#1"},
				"west": {"uv": [3.5, 13.5, 4, 14], "texture": "#1"},
				"up": {"uv": [14, 4, 13.5, 3.5], "texture": "#1"},
				"down": {"uv": [4.5, 13.5, 4, 14], "texture": "#1"}
			}
		},
		{
			"from": [5, 8, 7],
			"to": [6, 9, 8],
			"rotation": {"angle": 0, "axis": "z", "origin": [8.5, 6, 7.5]},
			"faces": {
				"north": {"uv": [13.5, 4, 14, 4.5], "texture": "#1"},
				"east": {"uv": [4.5, 13.5, 5, 14], "texture": "#1"},
				"south": {"uv": [13.5, 4.5, 14, 5], "texture": "#1"},
				"west": {"uv": [5, 13.5, 5.5, 14], "texture": "#1"},
				"up": {"uv": [14, 5.5, 13.5, 5], "texture": "#1"},
				"down": {"uv": [6, 13.5, 5.5, 14], "texture": "#1"}
			}
		},
		{
			"from": [2, 5, 7],
			"to": [3, 6, 8],
			"rotation": {"angle": 0, "axis": "z", "origin": [8.5, 6, 7.5]},
			"faces": {
				"north": {"uv": [13.5, 5.5, 14, 6], "texture": "#1"},
				"east": {"uv": [6, 13.5, 6.5, 14], "texture": "#1"},
				"south": {"uv": [13.5, 6, 14, 6.5], "texture": "#1"},
				"west": {"uv": [6.5, 13.5, 7, 14], "texture": "#1"},
				"up": {"uv": [14, 7, 13.5, 6.5], "texture": "#1"},
				"down": {"uv": [7.5, 13.5, 7, 14], "texture": "#1"}
			}
		},
		{
			"from": [2, 8, 7],
			"to": [3, 9, 8],
			"rotation": {"angle": 0, "axis": "z", "origin": [8.5, 6, 7.5]},
			"faces": {
				"north": {"uv": [13.5, 7, 14, 7.5], "texture": "#1"},
				"east": {"uv": [7.5, 13.5, 8, 14], "texture": "#1"},
				"south": {"uv": [13.5, 7.5, 14, 8], "texture": "#1"},
				"west": {"uv": [8, 13.5, 8.5, 14], "texture": "#1"},
				"up": {"uv": [14, 8.5, 13.5, 8], "texture": "#1"},
				"down": {"uv": [9, 13.5, 8.5, 14], "texture": "#1"}
			}
		},
		{
			"from": [3, 8, 7],
			"to": [4, 9, 8],
			"rotation": {"angle": 0, "axis": "z", "origin": [8.5, 6, 7.5]},
			"faces": {
				"north": {"uv": [13.5, 8.5, 14, 9], "texture": "#1"},
				"east": {"uv": [9, 13.5, 9.5, 14], "texture": "#1"},
				"south": {"uv": [13.5, 9, 14, 9.5], "texture": "#1"},
				"west": {"uv": [9.5, 13.5, 10, 14], "texture": "#1"},
				"up": {"uv": [14, 10, 13.5, 9.5], "texture": "#1"},
				"down": {"uv": [10.5, 13.5, 10, 14], "texture": "#1"}
			}
		},
		{
			"from": [3, 7, 7],
			"to": [4, 8, 8],
			"rotation": {"angle": 0, "axis": "z", "origin": [8.5, 6, 7.5]},
			"faces": {
				"north": {"uv": [13.5, 10, 14, 10.5], "texture": "#1"},
				"east": {"uv": [10.5, 13.5, 11, 14], "texture": "#1"},
				"south": {"uv": [13.5, 10.5, 14, 11], "texture": "#1"},
				"west": {"uv": [11, 13.5, 11.5, 14], "texture": "#1"},
				"up": {"uv": [14, 11.5, 13.5, 11], "texture": "#1"},
				"down": {"uv": [12, 13.5, 11.5, 14], "texture": "#1"}
			}
		},
		{
			"from": [2, 7, 7],
			"to": [3, 8, 8],
			"rotation": {"angle": 0, "axis": "z", "origin": [8.5, 6, 7.5]},
			"faces": {
				"north": {"uv": [13.5, 11.5, 14, 12], "texture": "#1"},
				"east": {"uv": [12, 13.5, 12.5, 14], "texture": "#1"},
				"south": {"uv": [13.5, 12, 14, 12.5], "texture": "#1"},
				"west": {"uv": [12.5, 13.5, 13, 14], "texture": "#1"},
				"up": {"uv": [14, 13, 13.5, 12.5], "texture": "#1"},
				"down": {"uv": [13.5, 13.5, 13, 14], "texture": "#1"}
			}
		},
		{
			"from": [4, 7, 7],
			"to": [5, 8, 8],
			"rotation": {"angle": 0, "axis": "z", "origin": [8.5, 6, 7.5]},
			"faces": {
				"north": {"uv": [13.5, 13, 14, 13.5], "texture": "#1"},
				"east": {"uv": [13.5, 13.5, 14, 14], "texture": "#1"},
				"south": {"uv": [0, 14, 0.5, 14.5], "texture": "#1"},
				"west": {"uv": [14, 0, 14.5, 0.5], "texture": "#1"},
				"up": {"uv": [1, 14.5, 0.5, 14], "texture": "#1"},
				"down": {"uv": [14.5, 0.5, 14, 1], "texture": "#1"}
			}
		},
		{
			"from": [4, 5, 7],
			"to": [5, 6, 8],
			"rotation": {"angle": 0, "axis": "z", "origin": [8.5, 6, 7.5]},
			"faces": {
				"north": {"uv": [1, 14, 1.5, 14.5], "texture": "#1"},
				"east": {"uv": [14, 1, 14.5, 1.5], "texture": "#1"},
				"south": {"uv": [1.5, 14, 2, 14.5], "texture": "#1"},
				"west": {"uv": [14, 1.5, 14.5, 2], "texture": "#1"},
				"up": {"uv": [2.5, 14.5, 2, 14], "texture": "#1"},
				"down": {"uv": [14.5, 2, 14, 2.5], "texture": "#1"}
			}
		},
		{
			"from": [3, 5, 7],
			"to": [4, 6, 8],
			"rotation": {"angle": 0, "axis": "z", "origin": [8.5, 6, 7.5]},
			"faces": {
				"north": {"uv": [2.5, 14, 3, 14.5], "texture": "#1"},
				"east": {"uv": [14, 2.5, 14.5, 3], "texture": "#1"},
				"south": {"uv": [3, 14, 3.5, 14.5], "texture": "#1"},
				"west": {"uv": [14, 3, 14.5, 3.5], "texture": "#1"},
				"up": {"uv": [4, 14.5, 3.5, 14], "texture": "#1"},
				"down": {"uv": [14.5, 3.5, 14, 4], "texture": "#1"}
			}
		},
		{
			"from": [4, 8, 7],
			"to": [5, 9, 8],
			"rotation": {"angle": 0, "axis": "z", "origin": [8.5, 6, 7.5]},
			"faces": {
				"north": {"uv": [4, 14, 4.5, 14.5], "texture": "#1"},
				"east": {"uv": [14, 4, 14.5, 4.5], "texture": "#1"},
				"south": {"uv": [4.5, 14, 5, 14.5], "texture": "#1"},
				"west": {"uv": [14, 4.5, 14.5, 5], "texture": "#1"},
				"up": {"uv": [5.5, 14.5, 5, 14], "texture": "#1"},
				"down": {"uv": [14.5, 5, 14, 5.5], "texture": "#1"}
			}
		},
		{
			"from": [6, 8, 7],
			"to": [7, 9, 8],
			"rotation": {"angle": 0, "axis": "z", "origin": [8.5, 6, 7.5]},
			"faces": {
				"north": {"uv": [5.5, 14, 6, 14.5], "texture": "#1"},
				"east": {"uv": [14, 5.5, 14.5, 6], "texture": "#1"},
				"south": {"uv": [6, 14, 6.5, 14.5], "texture": "#1"},
				"west": {"uv": [14, 6, 14.5, 6.5], "texture": "#1"},
				"up": {"uv": [7, 14.5, 6.5, 14], "texture": "#1"},
				"down": {"uv": [14.5, 6.5, 14, 7], "texture": "#1"}
			}
		},
		{
			"from": [6, 5, 7],
			"to": [7, 6, 8],
			"rotation": {"angle": 0, "axis": "z", "origin": [8.5, 6, 7.5]},
			"faces": {
				"north": {"uv": [7, 14, 7.5, 14.5], "texture": "#1"},
				"east": {"uv": [14, 7, 14.5, 7.5], "texture": "#1"},
				"south": {"uv": [7.5, 14, 8, 14.5], "texture": "#1"},
				"west": {"uv": [14, 7.5, 14.5, 8], "texture": "#1"},
				"up": {"uv": [8.5, 14.5, 8, 14], "texture": "#1"},
				"down": {"uv": [14.5, 8, 14, 8.5], "texture": "#1"}
			}
		},
		{
			"from": [6, 6, 7],
			"to": [7, 7, 8],
			"rotation": {"angle": 0, "axis": "z", "origin": [8.5, 6, 7.5]},
			"faces": {
				"north": {"uv": [8.5, 14, 9, 14.5], "texture": "#1"},
				"east": {"uv": [14, 8.5, 14.5, 9], "texture": "#1"},
				"south": {"uv": [9, 14, 9.5, 14.5], "texture": "#1"},
				"west": {"uv": [14, 9, 14.5, 9.5], "texture": "#1"},
				"up": {"uv": [10, 14.5, 9.5, 14], "texture": "#1"},
				"down": {"uv": [14.5, 9.5, 14, 10], "texture": "#1"}
			}
		},
		{
			"from": [6, 7, 7],
			"to": [7, 8, 8],
			"rotation": {"angle": 0, "axis": "z", "origin": [8.5, 6, 7.5]},
			"faces": {
				"north": {"uv": [10, 14, 10.5, 14.5], "texture": "#1"},
				"east": {"uv": [14, 10, 14.5, 10.5], "texture": "#1"},
				"south": {"uv": [10.5, 14, 11, 14.5], "texture": "#1"},
				"west": {"uv": [14, 10.5, 14.5, 11], "texture": "#1"},
				"up": {"uv": [11.5, 14.5, 11, 14], "texture": "#1"},
				"down": {"uv": [14.5, 11, 14, 11.5], "texture": "#1"}
			}
		},
		{
			"from": [9, 8, 7],
			"to": [10, 9, 8],
			"rotation": {"angle": 0, "axis": "z", "origin": [8.5, 6, 7.5]},
			"faces": {
				"north": {"uv": [11.5, 14, 12, 14.5], "texture": "#1"},
				"east": {"uv": [14, 11.5, 14.5, 12], "texture": "#1"},
				"south": {"uv": [12, 14, 12.5, 14.5], "texture": "#1"},
				"west": {"uv": [14, 12, 14.5, 12.5], "texture": "#1"},
				"up": {"uv": [13, 14.5, 12.5, 14], "texture": "#1"},
				"down": {"uv": [14.5, 12.5, 14, 13], "texture": "#1"}
			}
		},
		{
			"from": [8, 7, 7],
			"to": [9, 8, 8],
			"rotation": {"angle": 0, "axis": "z", "origin": [8.5, 6, 7.5]},
			"faces": {
				"north": {"uv": [13, 14, 13.5, 14.5], "texture": "#1"},
				"east": {"uv": [14, 13, 14.5, 13.5], "texture": "#1"},
				"south": {"uv": [13.5, 14, 14, 14.5], "texture": "#1"},
				"west": {"uv": [14, 13.5, 14.5, 14], "texture": "#1"},
				"up": {"uv": [14.5, 14.5, 14, 14], "texture": "#1"},
				"down": {"uv": [0.5, 14.5, 0, 15], "texture": "#1"}
			}
		},
		{
			"from": [9, 7, 7],
			"to": [10, 8, 8],
			"rotation": {"angle": 0, "axis": "z", "origin": [8.5, 6, 7.5]},
			"faces": {
				"north": {"uv": [14.5, 0, 15, 0.5], "texture": "#1"},
				"east": {"uv": [0.5, 14.5, 1, 15], "texture": "#1"},
				"south": {"uv": [14.5, 0.5, 15, 1], "texture": "#1"},
				"west": {"uv": [1, 14.5, 1.5, 15], "texture": "#1"},
				"up": {"uv": [15, 1.5, 14.5, 1], "texture": "#1"},
				"down": {"uv": [2, 14.5, 1.5, 15], "texture": "#1"}
			}
		},
		{
			"from": [8, 8, 7],
			"to": [9, 9, 8],
			"rotation": {"angle": 0, "axis": "z", "origin": [8.5, 6, 7.5]},
			"faces": {
				"north": {"uv": [14.5, 1.5, 15, 2], "texture": "#1"},
				"east": {"uv": [2, 14.5, 2.5, 15], "texture": "#1"},
				"south": {"uv": [14.5, 2, 15, 2.5], "texture": "#1"},
				"west": {"uv": [2.5, 14.5, 3, 15], "texture": "#1"},
				"up": {"uv": [15, 3, 14.5, 2.5], "texture": "#1"},
				"down": {"uv": [3.5, 14.5, 3, 15], "texture": "#1"}
			}
		},
		{
			"from": [6, 4, 7],
			"to": [7, 5, 8],
			"rotation": {"angle": 0, "axis": "z", "origin": [8.5, 6, 7.5]},
			"faces": {
				"north": {"uv": [14.5, 3, 15, 3.5], "texture": "#1"},
				"east": {"uv": [3.5, 14.5, 4, 15], "texture": "#1"},
				"south": {"uv": [14.5, 3.5, 15, 4], "texture": "#1"},
				"west": {"uv": [4, 14.5, 4.5, 15], "texture": "#1"},
				"up": {"uv": [15, 4.5, 14.5, 4], "texture": "#1"},
				"down": {"uv": [5, 14.5, 4.5, 15], "texture": "#1"}
			}
		}
	],
	"gui_light": "front",
	"display": {
		"thirdperson_righthand": {
			"translation": [-0.5, 3.5, 1.25],
			"scale": [0.5, 0.5, 0.6]
		},
		"thirdperson_lefthand": {
			"translation": [-0.5, 3.5, 1.25],
			"scale": [0.5, 0.5, 0.6]
		},
		"firstperson_righthand": {
			"rotation": [-18, -71, 0],
			"translation": [0.75, 3.25, 0],
			"scale": [0.5, 0.75, 0.75]
		},
		"firstperson_lefthand": {
			"rotation": [-18, -71, 0],
			"translation": [0.75, 3.25, 0],
			"scale": [0.5, 0.75, 0.75]
		},
		"ground": {
			"translation": [0, 2, 0],
			"scale": [0.45, 0.5, 0.5]
		},
		"gui": {
			"translation": [-1, 1.5, 0],
			"scale": [0.9, 1, 1]
		},
		"fixed": {
			"translation": [-1, 0, 0],
			"scale": [0.9, 1, 1]
		}
	},
	"groups": [
		{
			"name": "cookie",
			"origin": [8, 8, 8],
			"color": 0,
			"children": [
				{
					"name": "crust",
					"origin": [0, 0, 0],
					"color": 0,
					"children": [0, 1, 2, 3, 4, 5, 6, 7, 8, 9, 10, 11, 12, 13, 14, 15, 16, 17, 18]
				},
				{
					"name": "Inner",
					"origin": [8, 8, 8],
					"color": 0,
					"children": [
						19,
						20,
						21,
						22,
						23,
						24,
						25,
						26,
						27,
						28,
						29,
						30,
						31,
						32,
						33,
						34,
						35,
						36,
						37,
						38,
						39,
						40,
						41,
						42,
						43,
						44,
						45,
						46,
						47,
						48,
						49,
						50,
						51,
						52,
						53,
						54,
						55,
						56,
						57,
						58,
						59,
						60,
						61,
						62,
						63,
						64,
						65,
						66,
						67,
						68,
						69,
						70,
						71,
						72,
						73,
						74,
						75,
						76,
						77,
						78,
						79,
						80,
						81,
						82,
						83,
						84,
						85,
						86,
						87,
						88,
						89,
						90,
						91,
						92,
						93,
						94,
						95,
						96,
						97,
						98,
						99,
						100,
						101
					]
				}
			]
		}
	]
}