{
	"format_version": "1.21.6",
	"credit": "Made with Blockbench",
	"texture_size": [32, 32],
	"textures": {
		"2": "custom/chocolate_beez",
		"particle": "custom/chocolate_beez"
	},
	"elements": [
		{
			"from": [7, 0, 8],
			"to": [8, 1, 9],
			"faces": {
				"north": {"uv": [10.5, 12.5, 11, 13], "texture": "#2"},
				"east": {"uv": [13, 0.5, 13.5, 1], "texture": "#2"},
				"south": {"uv": [1, 13, 1.5, 13.5], "texture": "#2"},
				"west": {"uv": [13, 1, 13.5, 1.5], "texture": "#2"},
				"up": {"uv": [13.5, 2, 13, 1.5], "texture": "#2"},
				"down": {"uv": [13.5, 2, 13, 2.5], "texture": "#2"}
			}
		},
		{
			"from": [6, 1, 8],
			"to": [7, 2, 9],
			"faces": {
				"north": {"uv": [13, 2.5, 13.5, 3], "texture": "#2"},
				"east": {"uv": [13, 3, 13.5, 3.5], "texture": "#2"},
				"south": {"uv": [13, 3.5, 13.5, 4], "texture": "#2"},
				"west": {"uv": [13, 4, 13.5, 4.5], "texture": "#2"},
				"up": {"uv": [13.5, 5, 13, 4.5], "texture": "#2"},
				"down": {"uv": [13.5, 5, 13, 5.5], "texture": "#2"}
			}
		},
		{
			"from": [5, 2, 8],
			"to": [6, 3, 9],
			"faces": {
				"north": {"uv": [5.5, 13, 6, 13.5], "texture": "#2"},
				"east": {"uv": [13, 5.5, 13.5, 6], "texture": "#2"},
				"south": {"uv": [6, 13, 6.5, 13.5], "texture": "#2"},
				"west": {"uv": [13, 6, 13.5, 6.5], "texture": "#2"},
				"up": {"uv": [7, 13.5, 6.5, 13], "texture": "#2"},
				"down": {"uv": [7.5, 13, 7, 13.5], "texture": "#2"}
			}
		},
		{
			"from": [-1, 3, 8],
			"to": [0, 4, 9],
			"faces": {
				"north": {"uv": [7.5, 13, 8, 13.5], "texture": "#2"},
				"east": {"uv": [10.5, 13, 11, 13.5], "texture": "#2"},
				"south": {"uv": [11.5, 13, 12, 13.5], "texture": "#2"},
				"west": {"uv": [12.5, 13, 13, 13.5], "texture": "#2"},
				"up": {"uv": [13.5, 13.5, 13, 13], "texture": "#2"},
				"down": {"uv": [0.5, 13.5, 0, 14], "texture": "#2"}
			}
		},
		{
			"from": [-1, 7, 8],
			"to": [0, 8, 9],
			"faces": {
				"north": {"uv": [0.5, 13.5, 1, 14], "texture": "#2"},
				"east": {"uv": [13.5, 0.5, 14, 1], "texture": "#2"},
				"south": {"uv": [1, 13.5, 1.5, 14], "texture": "#2"},
				"west": {"uv": [13.5, 1, 14, 1.5], "texture": "#2"},
				"up": {"uv": [14, 2, 13.5, 1.5], "texture": "#2"},
				"down": {"uv": [2.5, 13.5, 2, 14], "texture": "#2"}
			}
		},
		{
			"from": [0, 8, 8],
			"to": [1, 9, 9],
			"faces": {
				"north": {"uv": [13.5, 2, 14, 2.5], "texture": "#2"},
				"east": {"uv": [2.5, 13.5, 3, 14], "texture": "#2"},
				"south": {"uv": [13.5, 2.5, 14, 3], "texture": "#2"},
				"west": {"uv": [3, 13.5, 3.5, 14], "texture": "#2"},
				"up": {"uv": [14, 3.5, 13.5, 3], "texture": "#2"},
				"down": {"uv": [4, 13.5, 3.5, 14], "texture": "#2"}
			}
		},
		{
			"from": [1, 9, 8],
			"to": [2, 10, 9],
			"faces": {
				"north": {"uv": [13.5, 3.5, 14, 4], "texture": "#2"},
				"east": {"uv": [13.5, 4, 14, 4.5], "texture": "#2"},
				"south": {"uv": [13.5, 4.5, 14, 5], "texture": "#2"},
				"west": {"uv": [13.5, 5, 14, 5.5], "texture": "#2"},
				"up": {"uv": [6, 14, 5.5, 13.5], "texture": "#2"},
				"down": {"uv": [14, 5.5, 13.5, 6], "texture": "#2"}
			}
		},
		{
			"from": [2, 10, 8],
			"to": [3, 11, 9],
			"faces": {
				"north": {"uv": [6, 13.5, 6.5, 14], "texture": "#2"},
				"east": {"uv": [13.5, 6, 14, 6.5], "texture": "#2"},
				"south": {"uv": [6.5, 13.5, 7, 14], "texture": "#2"},
				"west": {"uv": [7, 13.5, 7.5, 14], "texture": "#2"},
				"up": {"uv": [8, 14, 7.5, 13.5], "texture": "#2"},
				"down": {"uv": [8.5, 13.5, 8, 14], "texture": "#2"}
			}
		},
		{
			"from": [3, 11, 8],
			"to": [4, 12, 9],
			"faces": {
				"north": {"uv": [8.5, 13.5, 9, 14], "texture": "#2"},
				"east": {"uv": [9, 13.5, 9.5, 14], "texture": "#2"},
				"south": {"uv": [9.5, 13.5, 10, 14], "texture": "#2"},
				"west": {"uv": [10, 13.5, 10.5, 14], "texture": "#2"},
				"up": {"uv": [14, 10.5, 13.5, 10], "texture": "#2"},
				"down": {"uv": [11, 13.5, 10.5, 14], "texture": "#2"}
			}
		},
		{
			"from": [4, 12, 8],
			"to": [5, 13, 9],
			"faces": {
				"north": {"uv": [13.5, 10.5, 14, 11], "texture": "#2"},
				"east": {"uv": [11, 13.5, 11.5, 14], "texture": "#2"},
				"south": {"uv": [13.5, 11, 14, 11.5], "texture": "#2"},
				"west": {"uv": [11.5, 13.5, 12, 14], "texture": "#2"},
				"up": {"uv": [14, 12, 13.5, 11.5], "texture": "#2"},
				"down": {"uv": [12.5, 13.5, 12, 14], "texture": "#2"}
			}
		},
		{
			"from": [5, 13, 8],
			"to": [6, 16, 9],
			"faces": {
				"north": {"uv": [11.5, 10, 12, 11.5], "texture": "#2"},
				"east": {"uv": [11.5, 11.5, 12, 13], "texture": "#2"},
				"south": {"uv": [12, 0, 12.5, 1.5], "texture": "#2"},
				"west": {"uv": [12, 1.5, 12.5, 3], "texture": "#2"},
				"up": {"uv": [14, 12.5, 13.5, 12], "texture": "#2"},
				"down": {"uv": [13, 13.5, 12.5, 14], "texture": "#2"}
			}
		},
		{
			"from": [11, 13, 8],
			"to": [12, 16, 9],
			"faces": {
				"north": {"uv": [2, 12, 2.5, 13.5], "texture": "#2"},
				"east": {"uv": [2.5, 12, 3, 13.5], "texture": "#2"},
				"south": {"uv": [3, 12, 3.5, 13.5], "texture": "#2"},
				"west": {"uv": [12, 3, 12.5, 4.5], "texture": "#2"},
				"up": {"uv": [14, 13, 13.5, 12.5], "texture": "#2"},
				"down": {"uv": [13.5, 13.5, 13, 14], "texture": "#2"}
			}
		},
		{
			"from": [15, 9, 8],
			"to": [16, 10, 9],
			"faces": {
				"north": {"uv": [13.5, 13, 14, 13.5], "texture": "#2"},
				"east": {"uv": [13.5, 13.5, 14, 14], "texture": "#2"},
				"south": {"uv": [0, 14, 0.5, 14.5], "texture": "#2"},
				"west": {"uv": [14, 0, 14.5, 0.5], "texture": "#2"},
				"up": {"uv": [1, 14.5, 0.5, 14], "texture": "#2"},
				"down": {"uv": [14.5, 0.5, 14, 1], "texture": "#2"}
			}
		},
		{
			"from": [14, 10, 8],
			"to": [15, 11, 9],
			"faces": {
				"north": {"uv": [1, 14, 1.5, 14.5], "texture": "#2"},
				"east": {"uv": [14, 1, 14.5, 1.5], "texture": "#2"},
				"south": {"uv": [1.5, 14, 2, 14.5], "texture": "#2"},
				"west": {"uv": [14, 1.5, 14.5, 2], "texture": "#2"},
				"up": {"uv": [2.5, 14.5, 2, 14], "texture": "#2"},
				"down": {"uv": [14.5, 2, 14, 2.5], "texture": "#2"}
			}
		},
		{
			"from": [13, 11, 8],
			"to": [14, 12, 9],
			"faces": {
				"north": {"uv": [2.5, 14, 3, 14.5], "texture": "#2"},
				"east": {"uv": [14, 2.5, 14.5, 3], "texture": "#2"},
				"south": {"uv": [3, 14, 3.5, 14.5], "texture": "#2"},
				"west": {"uv": [14, 3, 14.5, 3.5], "texture": "#2"},
				"up": {"uv": [4, 14.5, 3.5, 14], "texture": "#2"},
				"down": {"uv": [14.5, 3.5, 14, 4], "texture": "#2"}
			}
		},
		{
			"from": [12, 12, 8],
			"to": [13, 13, 9],
			"faces": {
				"north": {"uv": [4, 14, 4.5, 14.5], "texture": "#2"},
				"east": {"uv": [14, 4, 14.5, 4.5], "texture": "#2"},
				"south": {"uv": [4.5, 14, 5, 14.5], "texture": "#2"},
				"west": {"uv": [14, 4.5, 14.5, 5], "texture": "#2"},
				"up": {"uv": [5.5, 14.5, 5, 14], "texture": "#2"},
				"down": {"uv": [14.5, 5, 14, 5.5], "texture": "#2"}
			}
		},
		{
			"from": [17, 7, 8],
			"to": [18, 8, 9],
			"faces": {
				"north": {"uv": [5.5, 14, 6, 14.5], "texture": "#2"},
				"east": {"uv": [14, 5.5, 14.5, 6], "texture": "#2"},
				"south": {"uv": [6, 14, 6.5, 14.5], "texture": "#2"},
				"west": {"uv": [14, 6, 14.5, 6.5], "texture": "#2"},
				"up": {"uv": [7, 14.5, 6.5, 14], "texture": "#2"},
				"down": {"uv": [14.5, 6.5, 14, 7], "texture": "#2"}
			}
		},
		{
			"from": [16, 8, 8],
			"to": [17, 9, 9],
			"faces": {
				"north": {"uv": [7, 14, 7.5, 14.5], "texture": "#2"},
				"east": {"uv": [14, 7, 14.5, 7.5], "texture": "#2"},
				"south": {"uv": [7.5, 14, 8, 14.5], "texture": "#2"},
				"west": {"uv": [14, 7.5, 14.5, 8], "texture": "#2"},
				"up": {"uv": [8.5, 14.5, 8, 14], "texture": "#2"},
				"down": {"uv": [14.5, 8, 14, 8.5], "texture": "#2"}
			}
		},
		{
			"from": [-2, 4, 8],
			"to": [-1, 7, 9],
			"faces": {
				"north": {"uv": [3.5, 12, 4, 13.5], "texture": "#2"},
				"east": {"uv": [12, 4.5, 12.5, 6], "texture": "#2"},
				"south": {"uv": [12, 6, 12.5, 7.5], "texture": "#2"},
				"west": {"uv": [12, 7.5, 12.5, 9], "texture": "#2"},
				"up": {"uv": [9, 14.5, 8.5, 14], "texture": "#2"},
				"down": {"uv": [14.5, 8.5, 14, 9], "texture": "#2"}
			}
		},
		{
			"from": [18, 4, 8],
			"to": [19, 7, 9],
			"faces": {
				"north": {"uv": [8, 12, 8.5, 13.5], "texture": "#2"},
				"east": {"uv": [12, 9, 12.5, 10.5], "texture": "#2"},
				"south": {"uv": [12, 10.5, 12.5, 12], "texture": "#2"},
				"west": {"uv": [12, 12, 12.5, 13.5], "texture": "#2"},
				"up": {"uv": [9.5, 14.5, 9, 14], "texture": "#2"},
				"down": {"uv": [14.5, 9, 14, 9.5], "texture": "#2"}
			}
		},
		{
			"from": [17, 3, 8],
			"to": [18, 4, 9],
			"faces": {
				"north": {"uv": [9.5, 14, 10, 14.5], "texture": "#2"},
				"east": {"uv": [14, 9.5, 14.5, 10], "texture": "#2"},
				"south": {"uv": [10, 14, 10.5, 14.5], "texture": "#2"},
				"west": {"uv": [14, 10, 14.5, 10.5], "texture": "#2"},
				"up": {"uv": [11, 14.5, 10.5, 14], "texture": "#2"},
				"down": {"uv": [14.5, 10.5, 14, 11], "texture": "#2"}
			}
		},
		{
			"from": [3, 3, 8],
			"to": [5, 4, 9],
			"faces": {
				"north": {"uv": [7, 12.5, 8, 13], "texture": "#2"},
				"east": {"uv": [11, 14, 11.5, 14.5], "texture": "#2"},
				"south": {"uv": [12.5, 10, 13.5, 10.5], "texture": "#2"},
				"west": {"uv": [14, 11, 14.5, 11.5], "texture": "#2"},
				"up": {"uv": [13.5, 11, 12.5, 10.5], "texture": "#2"},
				"down": {"uv": [13.5, 11, 12.5, 11.5], "texture": "#2"}
			}
		},
		{
			"from": [8, 0, 8],
			"to": [9, 1, 9],
			"faces": {
				"north": {"uv": [11.5, 14, 12, 14.5], "texture": "#2"},
				"east": {"uv": [14, 11.5, 14.5, 12], "texture": "#2"},
				"south": {"uv": [12, 14, 12.5, 14.5], "texture": "#2"},
				"west": {"uv": [14, 12, 14.5, 12.5], "texture": "#2"},
				"up": {"uv": [13, 14.5, 12.5, 14], "texture": "#2"},
				"down": {"uv": [14.5, 12.5, 14, 13], "texture": "#2"}
			}
		},
		{
			"from": [9, 0, 8],
			"to": [10, 1, 9],
			"faces": {
				"north": {"uv": [13, 14, 13.5, 14.5], "texture": "#2"},
				"east": {"uv": [14, 13, 14.5, 13.5], "texture": "#2"},
				"south": {"uv": [13.5, 14, 14, 14.5], "texture": "#2"},
				"west": {"uv": [14, 13.5, 14.5, 14], "texture": "#2"},
				"up": {"uv": [14.5, 14.5, 14, 14], "texture": "#2"},
				"down": {"uv": [0.5, 14.5, 0, 15], "texture": "#2"}
			}
		},
		{
			"from": [10, 1, 8],
			"to": [11, 2, 9],
			"faces": {
				"north": {"uv": [14.5, 0, 15, 0.5], "texture": "#2"},
				"east": {"uv": [0.5, 14.5, 1, 15], "texture": "#2"},
				"south": {"uv": [14.5, 0.5, 15, 1], "texture": "#2"},
				"west": {"uv": [1, 14.5, 1.5, 15], "texture": "#2"},
				"up": {"uv": [15, 1.5, 14.5, 1], "texture": "#2"},
				"down": {"uv": [2, 14.5, 1.5, 15], "texture": "#2"}
			}
		},
		{
			"from": [11, 2, 8],
			"to": [12, 3, 9],
			"faces": {
				"north": {"uv": [14.5, 1.5, 15, 2], "texture": "#2"},
				"east": {"uv": [2, 14.5, 2.5, 15], "texture": "#2"},
				"south": {"uv": [14.5, 2, 15, 2.5], "texture": "#2"},
				"west": {"uv": [2.5, 14.5, 3, 15], "texture": "#2"},
				"up": {"uv": [15, 3, 14.5, 2.5], "texture": "#2"},
				"down": {"uv": [3.5, 14.5, 3, 15], "texture": "#2"}
			}
		},
		{
			"from": [11, 16, 8],
			"to": [12, 17, 9],
			"rotation": {"angle": 0, "axis": "x", "origin": [8.5, 17.5, 8.5]},
			"faces": {
				"north": {"uv": [14.5, 3, 15, 3.5], "texture": "#2"},
				"east": {"uv": [3.5, 14.5, 4, 15], "texture": "#2"},
				"south": {"uv": [14.5, 3.5, 15, 4], "texture": "#2"},
				"west": {"uv": [4, 14.5, 4.5, 15], "texture": "#2"},
				"up": {"uv": [15, 4.5, 14.5, 4], "texture": "#2"},
				"down": {"uv": [5, 14.5, 4.5, 15], "texture": "#2"}
			}
		},
		{
			"from": [10, 17, 8],
			"to": [11, 18, 9],
			"rotation": {"angle": 0, "axis": "x", "origin": [8.5, 17.5, 8.5]},
			"faces": {
				"north": {"uv": [14.5, 4.5, 15, 5], "texture": "#2"},
				"east": {"uv": [5, 14.5, 5.5, 15], "texture": "#2"},
				"south": {"uv": [14.5, 5, 15, 5.5], "texture": "#2"},
				"west": {"uv": [5.5, 14.5, 6, 15], "texture": "#2"},
				"up": {"uv": [15, 6, 14.5, 5.5], "texture": "#2"},
				"down": {"uv": [6.5, 14.5, 6, 15], "texture": "#2"}
			}
		},
		{
			"from": [9, 18, 8],
			"to": [10, 19, 9],
			"rotation": {"angle": 0, "axis": "x", "origin": [8.5, 17.5, 8.5]},
			"faces": {
				"north": {"uv": [14.5, 6, 15, 6.5], "texture": "#2"},
				"east": {"uv": [6.5, 14.5, 7, 15], "texture": "#2"},
				"south": {"uv": [14.5, 6.5, 15, 7], "texture": "#2"},
				"west": {"uv": [7, 14.5, 7.5, 15], "texture": "#2"},
				"up": {"uv": [15, 7.5, 14.5, 7], "texture": "#2"},
				"down": {"uv": [8, 14.5, 7.5, 15], "texture": "#2"}
			}
		},
		{
			"from": [8, 18, 8],
			"to": [9, 19, 9],
			"rotation": {"angle": 0, "axis": "x", "origin": [8.5, 17.5, 8.5]},
			"faces": {
				"north": {"uv": [14.5, 7.5, 15, 8], "texture": "#2"},
				"east": {"uv": [8, 14.5, 8.5, 15], "texture": "#2"},
				"south": {"uv": [14.5, 8, 15, 8.5], "texture": "#2"},
				"west": {"uv": [8.5, 14.5, 9, 15], "texture": "#2"},
				"up": {"uv": [15, 9, 14.5, 8.5], "texture": "#2"},
				"down": {"uv": [9.5, 14.5, 9, 15], "texture": "#2"}
			}
		},
		{
			"from": [7, 1, 8],
			"to": [10, 18, 9],
			"rotation": {"angle": 0, "axis": "x", "origin": [8.5, 17.5, 8.5]},
			"faces": {
				"north": {"uv": [0, 0, 1.5, 8.5], "texture": "#2"},
				"east": {"uv": [3, 0, 3.5, 8.5], "texture": "#2"},
				"south": {"uv": [1.5, 0, 3, 8.5], "texture": "#2"},
				"west": {"uv": [3.5, 0, 4, 8.5], "texture": "#2"},
				"up": {"uv": [1.5, 13, 0, 12.5], "texture": "#2"},
				"down": {"uv": [14, 0, 12.5, 0.5], "texture": "#2"}
			}
		},
		{
			"from": [10, 2, 8],
			"to": [11, 17, 9],
			"rotation": {"angle": 0, "axis": "x", "origin": [8.5, 17.5, 8.5]},
			"faces": {
				"north": {"uv": [4, 0, 4.5, 7.5], "texture": "#2"},
				"east": {"uv": [4.5, 0, 5, 7.5], "texture": "#2"},
				"south": {"uv": [5, 0, 5.5, 7.5], "texture": "#2"},
				"west": {"uv": [5.5, 0, 6, 7.5], "texture": "#2"},
				"up": {"uv": [15, 9.5, 14.5, 9], "texture": "#2"},
				"down": {"uv": [10, 14.5, 9.5, 15], "texture": "#2"}
			}
		},
		{
			"from": [6, 2, 8],
			"to": [7, 17, 9],
			"rotation": {"angle": 0, "axis": "x", "origin": [8.5, 17.5, 8.5]},
			"faces": {
				"north": {"uv": [6, 0, 6.5, 7.5], "texture": "#2"},
				"east": {"uv": [6.5, 0, 7, 7.5], "texture": "#2"},
				"south": {"uv": [7, 0, 7.5, 7.5], "texture": "#2"},
				"west": {"uv": [7.5, 0, 8, 7.5], "texture": "#2"},
				"up": {"uv": [15, 10, 14.5, 9.5], "texture": "#2"},
				"down": {"uv": [10.5, 14.5, 10, 15], "texture": "#2"}
			}
		},
		{
			"from": [5, 3, 8],
			"to": [6, 13, 9],
			"rotation": {"angle": 0, "axis": "x", "origin": [8.5, 17.5, 8.5]},
			"faces": {
				"north": {"uv": [4, 7.5, 4.5, 12.5], "texture": "#2"},
				"east": {"uv": [4.5, 7.5, 5, 12.5], "texture": "#2"},
				"south": {"uv": [5, 7.5, 5.5, 12.5], "texture": "#2"},
				"west": {"uv": [5.5, 7.5, 6, 12.5], "texture": "#2"},
				"up": {"uv": [15, 10.5, 14.5, 10], "texture": "#2"},
				"down": {"uv": [11, 14.5, 10.5, 15], "texture": "#2"}
			}
		},
		{
			"from": [11, 3, 8],
			"to": [12, 13, 9],
			"rotation": {"angle": 0, "axis": "x", "origin": [8.5, 17.5, 8.5]},
			"faces": {
				"north": {"uv": [6, 7.5, 6.5, 12.5], "texture": "#2"},
				"east": {"uv": [6.5, 7.5, 7, 12.5], "texture": "#2"},
				"south": {"uv": [7, 7.5, 7.5, 12.5], "texture": "#2"},
				"west": {"uv": [7.5, 7.5, 8, 12.5], "texture": "#2"},
				"up": {"uv": [15, 11, 14.5, 10.5], "texture": "#2"},
				"down": {"uv": [11.5, 14.5, 11, 15], "texture": "#2"}
			}
		},
		{
			"from": [12, 4, 8],
			"to": [13, 12, 9],
			"rotation": {"angle": 0, "axis": "x", "origin": [8.5, 17.5, 8.5]},
			"faces": {
				"north": {"uv": [8, 0, 8.5, 4], "texture": "#2"},
				"east": {"uv": [8, 4, 8.5, 8], "texture": "#2"},
				"south": {"uv": [8, 8, 8.5, 12], "texture": "#2"},
				"west": {"uv": [0, 8.5, 0.5, 12.5], "texture": "#2"},
				"up": {"uv": [15, 11.5, 14.5, 11], "texture": "#2"},
				"down": {"uv": [12, 14.5, 11.5, 15], "texture": "#2"}
			}
		},
		{
			"from": [4, 4, 8],
			"to": [5, 12, 9],
			"rotation": {"angle": 0, "axis": "x", "origin": [8.5, 17.5, 8.5]},
			"faces": {
				"north": {"uv": [8.5, 0, 9, 4], "texture": "#2"},
				"east": {"uv": [0.5, 8.5, 1, 12.5], "texture": "#2"},
				"south": {"uv": [1, 8.5, 1.5, 12.5], "texture": "#2"},
				"west": {"uv": [1.5, 8.5, 2, 12.5], "texture": "#2"},
				"up": {"uv": [15, 12, 14.5, 11.5], "texture": "#2"},
				"down": {"uv": [12.5, 14.5, 12, 15], "texture": "#2"}
			}
		},
		{
			"from": [3, 4, 8],
			"to": [4, 11, 9],
			"rotation": {"angle": 0, "axis": "x", "origin": [8.5, 17.5, 8.5]},
			"faces": {
				"north": {"uv": [2, 8.5, 2.5, 12], "texture": "#2"},
				"east": {"uv": [2.5, 8.5, 3, 12], "texture": "#2"},
				"south": {"uv": [3, 8.5, 3.5, 12], "texture": "#2"},
				"west": {"uv": [3.5, 8.5, 4, 12], "texture": "#2"},
				"up": {"uv": [15, 12.5, 14.5, 12], "texture": "#2"},
				"down": {"uv": [13, 14.5, 12.5, 15], "texture": "#2"}
			}
		},
		{
			"from": [13, 4, 8],
			"to": [14, 11, 9],
			"rotation": {"angle": 0, "axis": "x", "origin": [8.5, 17.5, 8.5]},
			"faces": {
				"north": {"uv": [8.5, 4, 9, 7.5], "texture": "#2"},
				"east": {"uv": [8.5, 7.5, 9, 11], "texture": "#2"},
				"south": {"uv": [9, 0, 9.5, 3.5], "texture": "#2"},
				"west": {"uv": [9, 3.5, 9.5, 7], "texture": "#2"},
				"up": {"uv": [15, 13, 14.5, 12.5], "texture": "#2"},
				"down": {"uv": [13.5, 14.5, 13, 15], "texture": "#2"}
			}
		},
		{
			"from": [14, 3, 8],
			"to": [15, 10, 9],
			"rotation": {"angle": 0, "axis": "x", "origin": [8.5, 17.5, 8.5]},
			"faces": {
				"north": {"uv": [9, 7, 9.5, 10.5], "texture": "#2"},
				"east": {"uv": [9.5, 0, 10, 3.5], "texture": "#2"},
				"south": {"uv": [9.5, 3.5, 10, 7], "texture": "#2"},
				"west": {"uv": [9.5, 7, 10, 10.5], "texture": "#2"},
				"up": {"uv": [15, 13.5, 14.5, 13], "texture": "#2"},
				"down": {"uv": [14, 14.5, 13.5, 15], "texture": "#2"}
			}
		},
		{
			"from": [2, 3, 8],
			"to": [3, 10, 9],
			"rotation": {"angle": 0, "axis": "x", "origin": [8.5, 17.5, 8.5]},
			"faces": {
				"north": {"uv": [10, 0, 10.5, 3.5], "texture": "#2"},
				"east": {"uv": [10, 3.5, 10.5, 7], "texture": "#2"},
				"south": {"uv": [10, 7, 10.5, 10.5], "texture": "#2"},
				"west": {"uv": [10.5, 0, 11, 3.5], "texture": "#2"},
				"up": {"uv": [15, 14, 14.5, 13.5], "texture": "#2"},
				"down": {"uv": [14.5, 14.5, 14, 15], "texture": "#2"}
			}
		},
		{
			"from": [1, 3, 8],
			"to": [2, 9, 9],
			"rotation": {"angle": 0, "axis": "x", "origin": [8.5, 17.5, 8.5]},
			"faces": {
				"north": {"uv": [10.5, 3.5, 11, 6.5], "texture": "#2"},
				"east": {"uv": [10.5, 6.5, 11, 9.5], "texture": "#2"},
				"south": {"uv": [9, 10.5, 9.5, 13.5], "texture": "#2"},
				"west": {"uv": [9.5, 10.5, 10, 13.5], "texture": "#2"},
				"up": {"uv": [15, 14.5, 14.5, 14], "texture": "#2"},
				"down": {"uv": [15, 14.5, 14.5, 15], "texture": "#2"}
			}
		},
		{
			"from": [15, 3, 8],
			"to": [16, 9, 9],
			"rotation": {"angle": 0, "axis": "x", "origin": [8.5, 17.5, 8.5]},
			"faces": {
				"north": {"uv": [10.5, 9.5, 11, 12.5], "texture": "#2"},
				"east": {"uv": [10, 10.5, 10.5, 13.5], "texture": "#2"},
				"south": {"uv": [11, 0, 11.5, 3], "texture": "#2"},
				"west": {"uv": [11, 3, 11.5, 6], "texture": "#2"},
				"up": {"uv": [0.5, 15.5, 0, 15], "texture": "#2"},
				"down": {"uv": [15.5, 0, 15, 0.5], "texture": "#2"}
			}
		},
		{
			"from": [16, 3, 8],
			"to": [17, 8, 9],
			"rotation": {"angle": 0, "axis": "x", "origin": [8.5, 17.5, 8.5]},
			"faces": {
				"north": {"uv": [11, 6, 11.5, 8.5], "texture": "#2"},
				"east": {"uv": [8.5, 11, 9, 13.5], "texture": "#2"},
				"south": {"uv": [11, 8.5, 11.5, 11], "texture": "#2"},
				"west": {"uv": [11, 11, 11.5, 13.5], "texture": "#2"},
				"up": {"uv": [1, 15.5, 0.5, 15], "texture": "#2"},
				"down": {"uv": [15.5, 0.5, 15, 1], "texture": "#2"}
			}
		},
		{
			"from": [0, 3, 8],
			"to": [1, 8, 9],
			"rotation": {"angle": 0, "axis": "x", "origin": [8.5, 17.5, 8.5]},
			"faces": {
				"north": {"uv": [11.5, 0, 12, 2.5], "texture": "#2"},
				"east": {"uv": [11.5, 2.5, 12, 5], "texture": "#2"},
				"south": {"uv": [11.5, 5, 12, 7.5], "texture": "#2"},
				"west": {"uv": [11.5, 7.5, 12, 10], "texture": "#2"},
				"up": {"uv": [1.5, 15.5, 1, 15], "texture": "#2"},
				"down": {"uv": [15.5, 1, 15, 1.5], "texture": "#2"}
			}
		},
		{
			"from": [-1, 4, 8],
			"to": [0, 7, 9],
			"rotation": {"angle": 0, "axis": "x", "origin": [8.5, 17.5, 8.5]},
			"faces": {
				"north": {"uv": [12.5, 0.5, 13, 2], "texture": "#2"},
				"east": {"uv": [1.5, 12.5, 2, 14], "texture": "#2"},
				"south": {"uv": [12.5, 2, 13, 3.5], "texture": "#2"},
				"west": {"uv": [12.5, 3.5, 13, 5], "texture": "#2"},
				"up": {"uv": [2, 15.5, 1.5, 15], "texture": "#2"},
				"down": {"uv": [15.5, 1.5, 15, 2], "texture": "#2"}
			}
		},
		{
			"from": [17, 4, 8],
			"to": [18, 7, 9],
			"rotation": {"angle": 0, "axis": "x", "origin": [8.5, 17.5, 8.5]},
			"faces": {
				"north": {"uv": [4, 12.5, 4.5, 14], "texture": "#2"},
				"east": {"uv": [4.5, 12.5, 5, 14], "texture": "#2"},
				"south": {"uv": [5, 12.5, 5.5, 14], "texture": "#2"},
				"west": {"uv": [12.5, 5, 13, 6.5], "texture": "#2"},
				"up": {"uv": [2.5, 15.5, 2, 15], "texture": "#2"},
				"down": {"uv": [15.5, 2, 15, 2.5], "texture": "#2"}
			}
		},
		{
			"from": [7, 18, 8],
			"to": [8, 19, 9],
			"rotation": {"angle": 0, "axis": "x", "origin": [8.5, 17.5, 8.5]},
			"faces": {
				"north": {"uv": [2.5, 15, 3, 15.5], "texture": "#2"},
				"east": {"uv": [15, 2.5, 15.5, 3], "texture": "#2"},
				"south": {"uv": [3, 15, 3.5, 15.5], "texture": "#2"},
				"west": {"uv": [15, 3, 15.5, 3.5], "texture": "#2"},
				"up": {"uv": [4, 15.5, 3.5, 15], "texture": "#2"},
				"down": {"uv": [15.5, 3.5, 15, 4], "texture": "#2"}
			}
		},
		{
			"from": [5, 16, 8],
			"to": [6, 17, 9],
			"rotation": {"angle": 0, "axis": "x", "origin": [8.5, 17.5, 8.5]},
			"faces": {
				"north": {"uv": [4, 15, 4.5, 15.5], "texture": "#2"},
				"east": {"uv": [15, 4, 15.5, 4.5], "texture": "#2"},
				"south": {"uv": [4.5, 15, 5, 15.5], "texture": "#2"},
				"west": {"uv": [15, 4.5, 15.5, 5], "texture": "#2"},
				"up": {"uv": [5.5, 15.5, 5, 15], "texture": "#2"},
				"down": {"uv": [15.5, 5, 15, 5.5], "texture": "#2"}
			}
		},
		{
			"from": [6, 17, 8],
			"to": [7, 18, 9],
			"rotation": {"angle": 0, "axis": "x", "origin": [8.5, 17.5, 8.5]},
			"faces": {
				"north": {"uv": [5.5, 15, 6, 15.5], "texture": "#2"},
				"east": {"uv": [15, 5.5, 15.5, 6], "texture": "#2"},
				"south": {"uv": [6, 15, 6.5, 15.5], "texture": "#2"},
				"west": {"uv": [15, 6, 15.5, 6.5], "texture": "#2"},
				"up": {"uv": [7, 15.5, 6.5, 15], "texture": "#2"},
				"down": {"uv": [15.5, 6.5, 15, 7], "texture": "#2"}
			}
		},
		{
			"from": [14, 2, 8],
			"to": [17, 3, 9],
			"faces": {
				"north": {"uv": [5.5, 12.5, 7, 13], "texture": "#2"},
				"east": {"uv": [7, 15, 7.5, 15.5], "texture": "#2"},
				"south": {"uv": [12.5, 6.5, 14, 7], "texture": "#2"},
				"west": {"uv": [15, 7, 15.5, 7.5], "texture": "#2"},
				"up": {"uv": [14, 7.5, 12.5, 7], "texture": "#2"},
				"down": {"uv": [14, 7.5, 12.5, 8], "texture": "#2"}
			}
		},
		{
			"from": [0, 2, 8],
			"to": [3, 3, 9],
			"faces": {
				"north": {"uv": [12.5, 8, 14, 8.5], "texture": "#2"},
				"east": {"uv": [7.5, 15, 8, 15.5], "texture": "#2"},
				"south": {"uv": [12.5, 8.5, 14, 9], "texture": "#2"},
				"west": {"uv": [15, 7.5, 15.5, 8], "texture": "#2"},
				"up": {"uv": [14, 9.5, 12.5, 9], "texture": "#2"},
				"down": {"uv": [14, 9.5, 12.5, 10], "texture": "#2"}
			}
		},
		{
			"from": [12, 3, 8],
			"to": [14, 4, 9],
			"faces": {
				"north": {"uv": [12.5, 11.5, 13.5, 12], "texture": "#2"},
				"east": {"uv": [8, 15, 8.5, 15.5], "texture": "#2"},
				"south": {"uv": [12.5, 12, 13.5, 12.5], "texture": "#2"},
				"west": {"uv": [15, 8, 15.5, 8.5], "texture": "#2"},
				"up": {"uv": [13.5, 13, 12.5, 12.5], "texture": "#2"},
				"down": {"uv": [1, 13, 0, 13.5], "texture": "#2"}
			}
		}
	],
	"gui_light": "front",
	"display": {
		"thirdperson_righthand": {
			"translation": [0, 1.75, 0.75],
			"scale": [0.2, 0.2, 0.5]
		},
		"thirdperson_lefthand": {
			"translation": [0, 1.75, 0.75],
			"scale": [0.2, 0.2, 0.5]
		},
		"firstperson_righthand": {
			"rotation": [-45, -75, 0],
			"translation": [2.5, 1.5, 0],
			"scale": [0.3, 0.3, 0.8]
		},
		"firstperson_lefthand": {
			"rotation": [-45, -75, 0],
			"translation": [2.5, 1.5, 0],
			"scale": [0.3, 0.3, 0.8]
		},
		"ground": {
			"rotation": [45, 50, 0],
			"translation": [0, 2, 0],
			"scale": [0.3, 0.3, 0.8]
		},
		"gui": {
			"rotation": [0, 0, 45],
			"translation": [0, -0.75, 0],
			"scale": [0.6, 0.6, 0.5]
		},
		"fixed": {
			"rotation": [0, 0, 45],
			"translation": [-0.25, 0, -1.5],
			"scale": [0.4, 0.4, 1]
		}
	},
	"groups": [
		{
			"name": "Bees",
			"origin": [8, 8, 8],
			"color": 0,
			"children": [
				{
					"name": "Bee",
					"origin": [8, 8, 8],
					"color": 0,
					"children": [
						0,
						1,
						2,
						3,
						4,
						5,
						6,
						7,
						8,
						9,
						10,
						11,
						12,
						13,
						14,
						15,
						16,
						17,
						18,
						19,
						20,
						21,
						22,
						23,
						24,
						25,
						26,
						27,
						28,
						29,
						30,
						31,
						32,
						33,
						34,
						35,
						36,
						37,
						38,
						39,
						40,
						41,
						42,
						43,
						44,
						45,
						46,
						47,
						48,
						49,
						50,
						51,
						52
					]
				}
			]
		}
	]
}