{
	"format_version": "1.21.6",
	"credit": "Made with Blockbench",
	"texture_size": [32, 32],
	"textures": {
		"1": "custom/chocolate_hopper",
		"particle": "custom/chocolate_beez"
	},
	"elements": [
		{
			"from": [5, 2, 8],
			"to": [11, 3, 9],
			"faces": {
				"north": {"uv": [7, 6, 10, 6.5], "texture": "#1"},
				"east": {"uv": [8, 11, 8.5, 11.5], "texture": "#1"},
				"south": {"uv": [7, 6.5, 10, 7], "texture": "#1"},
				"west": {"uv": [11, 10.5, 11.5, 11], "texture": "#1"},
				"up": {"uv": [10, 7.5, 7, 7], "texture": "#1"},
				"down": {"uv": [10, 7.5, 7, 8], "texture": "#1"}
			}
		},
		{
			"from": [4, 1, 8],
			"to": [5, 2, 9],
			"faces": {
				"north": {"uv": [11.5, 0, 12, 0.5], "texture": "#1"},
				"east": {"uv": [11.5, 0.5, 12, 1], "texture": "#1"},
				"south": {"uv": [11.5, 1, 12, 1.5], "texture": "#1"},
				"west": {"uv": [11.5, 1.5, 12, 2], "texture": "#1"},
				"up": {"uv": [12, 2.5, 11.5, 2], "texture": "#1"},
				"down": {"uv": [12, 2.5, 11.5, 3], "texture": "#1"}
			}
		},
		{
			"from": [11, 1, 8],
			"to": [12, 2, 9],
			"faces": {
				"north": {"uv": [3.5, 11.5, 4, 12], "texture": "#1"},
				"east": {"uv": [4, 11.5, 4.5, 12], "texture": "#1"},
				"south": {"uv": [4.5, 11.5, 5, 12], "texture": "#1"},
				"west": {"uv": [5, 11.5, 5.5, 12], "texture": "#1"},
				"up": {"uv": [6, 12, 5.5, 11.5], "texture": "#1"},
				"down": {"uv": [12, 5.5, 11.5, 6], "texture": "#1"}
			}
		},
		{
			"from": [14, 1, 8],
			"to": [15, 2, 9],
			"faces": {
				"north": {"uv": [6, 11.5, 6.5, 12], "texture": "#1"},
				"east": {"uv": [11.5, 6, 12, 6.5], "texture": "#1"},
				"south": {"uv": [6.5, 11.5, 7, 12], "texture": "#1"},
				"west": {"uv": [7, 11.5, 7.5, 12], "texture": "#1"},
				"up": {"uv": [12, 7.5, 11.5, 7], "texture": "#1"},
				"down": {"uv": [12, 7.5, 11.5, 8], "texture": "#1"}
			}
		},
		{
			"from": [1, 1, 8],
			"to": [2, 2, 9],
			"faces": {
				"north": {"uv": [8, 11.5, 8.5, 12], "texture": "#1"},
				"east": {"uv": [8.5, 11.5, 9, 12], "texture": "#1"},
				"south": {"uv": [9, 11.5, 9.5, 12], "texture": "#1"},
				"west": {"uv": [9.5, 11.5, 10, 12], "texture": "#1"},
				"up": {"uv": [10.5, 12, 10, 11.5], "texture": "#1"},
				"down": {"uv": [11, 11.5, 10.5, 12], "texture": "#1"}
			}
		},
		{
			"from": [0, 2, 8],
			"to": [1, 3, 9],
			"faces": {
				"north": {"uv": [11.5, 10.5, 12, 11], "texture": "#1"},
				"east": {"uv": [11, 11.5, 11.5, 12], "texture": "#1"},
				"south": {"uv": [11.5, 11, 12, 11.5], "texture": "#1"},
				"west": {"uv": [11.5, 11.5, 12, 12], "texture": "#1"},
				"up": {"uv": [0.5, 12.5, 0, 12], "texture": "#1"},
				"down": {"uv": [12.5, 0, 12, 0.5], "texture": "#1"}
			}
		},
		{
			"from": [15, 2, 8],
			"to": [16, 3, 9],
			"faces": {
				"north": {"uv": [0.5, 12, 1, 12.5], "texture": "#1"},
				"east": {"uv": [12, 0.5, 12.5, 1], "texture": "#1"},
				"south": {"uv": [1, 12, 1.5, 12.5], "texture": "#1"},
				"west": {"uv": [12, 1, 12.5, 1.5], "texture": "#1"},
				"up": {"uv": [2, 12.5, 1.5, 12], "texture": "#1"},
				"down": {"uv": [12.5, 1.5, 12, 2], "texture": "#1"}
			}
		},
		{
			"from": [14, 2, 8],
			"to": [15, 3, 9],
			"faces": {
				"north": {"uv": [2, 12, 2.5, 12.5], "texture": "#1"},
				"east": {"uv": [12, 2, 12.5, 2.5], "texture": "#1"},
				"south": {"uv": [2.5, 12, 3, 12.5], "texture": "#1"},
				"west": {"uv": [12, 2.5, 12.5, 3], "texture": "#1"},
				"up": {"uv": [3.5, 12.5, 3, 12], "texture": "#1"},
				"down": {"uv": [12.5, 3, 12, 3.5], "texture": "#1"}
			}
		},
		{
			"from": [11, 2, 8],
			"to": [12, 3, 9],
			"faces": {
				"north": {"uv": [3.5, 12, 4, 12.5], "texture": "#1"},
				"east": {"uv": [12, 3.5, 12.5, 4], "texture": "#1"},
				"south": {"uv": [4, 12, 4.5, 12.5], "texture": "#1"},
				"west": {"uv": [12, 4, 12.5, 4.5], "texture": "#1"},
				"up": {"uv": [5, 12.5, 4.5, 12], "texture": "#1"},
				"down": {"uv": [12.5, 4.5, 12, 5], "texture": "#1"}
			}
		},
		{
			"from": [4, 2, 8],
			"to": [5, 3, 9],
			"faces": {
				"north": {"uv": [5, 12, 5.5, 12.5], "texture": "#1"},
				"east": {"uv": [12, 5, 12.5, 5.5], "texture": "#1"},
				"south": {"uv": [5.5, 12, 6, 12.5], "texture": "#1"},
				"west": {"uv": [12, 5.5, 12.5, 6], "texture": "#1"},
				"up": {"uv": [6.5, 12.5, 6, 12], "texture": "#1"},
				"down": {"uv": [12.5, 6, 12, 6.5], "texture": "#1"}
			}
		},
		{
			"from": [1, 2, 8],
			"to": [2, 3, 9],
			"faces": {
				"north": {"uv": [6.5, 12, 7, 12.5], "texture": "#1"},
				"east": {"uv": [12, 6.5, 12.5, 7], "texture": "#1"},
				"south": {"uv": [7, 12, 7.5, 12.5], "texture": "#1"},
				"west": {"uv": [12, 7, 12.5, 7.5], "texture": "#1"},
				"up": {"uv": [8, 12.5, 7.5, 12], "texture": "#1"},
				"down": {"uv": [12.5, 7.5, 12, 8], "texture": "#1"}
			}
		},
		{
			"from": [17, 5, 8],
			"to": [18, 6, 9],
			"faces": {
				"north": {"uv": [8, 12, 8.5, 12.5], "texture": "#1"},
				"east": {"uv": [12, 8, 12.5, 8.5], "texture": "#1"},
				"south": {"uv": [8.5, 12, 9, 12.5], "texture": "#1"},
				"west": {"uv": [12, 8.5, 12.5, 9], "texture": "#1"},
				"up": {"uv": [9.5, 12.5, 9, 12], "texture": "#1"},
				"down": {"uv": [12.5, 9, 12, 9.5], "texture": "#1"}
			}
		},
		{
			"from": [-2, 5, 8],
			"to": [-1, 6, 9],
			"faces": {
				"north": {"uv": [9.5, 12, 10, 12.5], "texture": "#1"},
				"east": {"uv": [12, 9.5, 12.5, 10], "texture": "#1"},
				"south": {"uv": [10, 12, 10.5, 12.5], "texture": "#1"},
				"west": {"uv": [12, 10, 12.5, 10.5], "texture": "#1"},
				"up": {"uv": [11, 12.5, 10.5, 12], "texture": "#1"},
				"down": {"uv": [12.5, 10.5, 12, 11], "texture": "#1"}
			}
		},
		{
			"from": [-1, 5, 8],
			"to": [0, 6, 9],
			"faces": {
				"north": {"uv": [11, 12, 11.5, 12.5], "texture": "#1"},
				"east": {"uv": [12, 11, 12.5, 11.5], "texture": "#1"},
				"south": {"uv": [11.5, 12, 12, 12.5], "texture": "#1"},
				"west": {"uv": [12, 11.5, 12.5, 12], "texture": "#1"},
				"up": {"uv": [12.5, 12.5, 12, 12], "texture": "#1"},
				"down": {"uv": [0.5, 12.5, 0, 13], "texture": "#1"}
			}
		},
		{
			"from": [-1, 6, 8],
			"to": [0, 7, 9],
			"faces": {
				"north": {"uv": [12.5, 0, 13, 0.5], "texture": "#1"},
				"east": {"uv": [0.5, 12.5, 1, 13], "texture": "#1"},
				"south": {"uv": [12.5, 0.5, 13, 1], "texture": "#1"},
				"west": {"uv": [1, 12.5, 1.5, 13], "texture": "#1"},
				"up": {"uv": [13, 1.5, 12.5, 1], "texture": "#1"},
				"down": {"uv": [2, 12.5, 1.5, 13], "texture": "#1"}
			}
		},
		{
			"from": [0, 7, 8],
			"to": [1, 8, 9],
			"faces": {
				"north": {"uv": [12.5, 1.5, 13, 2], "texture": "#1"},
				"east": {"uv": [2, 12.5, 2.5, 13], "texture": "#1"},
				"south": {"uv": [12.5, 2, 13, 2.5], "texture": "#1"},
				"west": {"uv": [2.5, 12.5, 3, 13], "texture": "#1"},
				"up": {"uv": [13, 3, 12.5, 2.5], "texture": "#1"},
				"down": {"uv": [3.5, 12.5, 3, 13], "texture": "#1"}
			}
		},
		{
			"from": [1, 8, 8],
			"to": [2, 9, 9],
			"faces": {
				"north": {"uv": [12.5, 3, 13, 3.5], "texture": "#1"},
				"east": {"uv": [3.5, 12.5, 4, 13], "texture": "#1"},
				"south": {"uv": [12.5, 3.5, 13, 4], "texture": "#1"},
				"west": {"uv": [4, 12.5, 4.5, 13], "texture": "#1"},
				"up": {"uv": [13, 4.5, 12.5, 4], "texture": "#1"},
				"down": {"uv": [5, 12.5, 4.5, 13], "texture": "#1"}
			}
		},
		{
			"from": [1, 7, 8],
			"to": [2, 8, 9],
			"faces": {
				"north": {"uv": [12.5, 4.5, 13, 5], "texture": "#1"},
				"east": {"uv": [5, 12.5, 5.5, 13], "texture": "#1"},
				"south": {"uv": [12.5, 5, 13, 5.5], "texture": "#1"},
				"west": {"uv": [5.5, 12.5, 6, 13], "texture": "#1"},
				"up": {"uv": [13, 6, 12.5, 5.5], "texture": "#1"},
				"down": {"uv": [6.5, 12.5, 6, 13], "texture": "#1"}
			}
		},
		{
			"from": [3, 14, 8],
			"to": [4, 15, 9],
			"faces": {
				"north": {"uv": [12.5, 6, 13, 6.5], "texture": "#1"},
				"east": {"uv": [6.5, 12.5, 7, 13], "texture": "#1"},
				"south": {"uv": [12.5, 6.5, 13, 7], "texture": "#1"},
				"west": {"uv": [7, 12.5, 7.5, 13], "texture": "#1"},
				"up": {"uv": [13, 7.5, 12.5, 7], "texture": "#1"},
				"down": {"uv": [8, 12.5, 7.5, 13], "texture": "#1"}
			}
		},
		{
			"from": [2, 13, 8],
			"to": [3, 14, 9],
			"faces": {
				"north": {"uv": [12.5, 7.5, 13, 8], "texture": "#1"},
				"east": {"uv": [8, 12.5, 8.5, 13], "texture": "#1"},
				"south": {"uv": [12.5, 8, 13, 8.5], "texture": "#1"},
				"west": {"uv": [8.5, 12.5, 9, 13], "texture": "#1"},
				"up": {"uv": [13, 9, 12.5, 8.5], "texture": "#1"},
				"down": {"uv": [9.5, 12.5, 9, 13], "texture": "#1"}
			}
		},
		{
			"from": [2, 12, 8],
			"to": [3, 13, 9],
			"faces": {
				"north": {"uv": [12.5, 9, 13, 9.5], "texture": "#1"},
				"east": {"uv": [9.5, 12.5, 10, 13], "texture": "#1"},
				"south": {"uv": [12.5, 9.5, 13, 10], "texture": "#1"},
				"west": {"uv": [10, 12.5, 10.5, 13], "texture": "#1"},
				"up": {"uv": [13, 10.5, 12.5, 10], "texture": "#1"},
				"down": {"uv": [11, 12.5, 10.5, 13], "texture": "#1"}
			}
		},
		{
			"from": [3, 12, 8],
			"to": [4, 14, 9],
			"faces": {
				"north": {"uv": [5, 4, 5.5, 5], "texture": "#1"},
				"east": {"uv": [10, 0, 10.5, 1], "texture": "#1"},
				"south": {"uv": [0.5, 10, 1, 11], "texture": "#1"},
				"west": {"uv": [1, 10, 1.5, 11], "texture": "#1"},
				"up": {"uv": [13, 11, 12.5, 10.5], "texture": "#1"},
				"down": {"uv": [11.5, 12.5, 11, 13], "texture": "#1"}
			}
		},
		{
			"from": [1, 12, 8],
			"to": [2, 13, 9],
			"faces": {
				"north": {"uv": [12.5, 11, 13, 11.5], "texture": "#1"},
				"east": {"uv": [11.5, 12.5, 12, 13], "texture": "#1"},
				"south": {"uv": [12.5, 11.5, 13, 12], "texture": "#1"},
				"west": {"uv": [12, 12.5, 12.5, 13], "texture": "#1"},
				"up": {"uv": [13, 12.5, 12.5, 12], "texture": "#1"},
				"down": {"uv": [13, 12.5, 12.5, 13], "texture": "#1"}
			}
		},
		{
			"from": [14, 12, 8],
			"to": [15, 13, 9],
			"rotation": {"angle": 0, "axis": "z", "origin": [13.5, 13.5, 8.5]},
			"faces": {
				"north": {"uv": [0, 13, 0.5, 13.5], "texture": "#1"},
				"east": {"uv": [13, 0, 13.5, 0.5], "texture": "#1"},
				"south": {"uv": [0.5, 13, 1, 13.5], "texture": "#1"},
				"west": {"uv": [13, 0.5, 13.5, 1], "texture": "#1"},
				"up": {"uv": [1.5, 13.5, 1, 13], "texture": "#1"},
				"down": {"uv": [13.5, 1, 13, 1.5], "texture": "#1"}
			}
		},
		{
			"from": [13, 13, 8],
			"to": [14, 14, 9],
			"rotation": {"angle": 0, "axis": "z", "origin": [13.5, 13.5, 8.5]},
			"faces": {
				"north": {"uv": [1.5, 13, 2, 13.5], "texture": "#1"},
				"east": {"uv": [13, 1.5, 13.5, 2], "texture": "#1"},
				"south": {"uv": [2, 13, 2.5, 13.5], "texture": "#1"},
				"west": {"uv": [13, 2, 13.5, 2.5], "texture": "#1"},
				"up": {"uv": [3, 13.5, 2.5, 13], "texture": "#1"},
				"down": {"uv": [13.5, 2.5, 13, 3], "texture": "#1"}
			}
		},
		{
			"from": [12, 13, 8],
			"to": [13, 14, 9],
			"rotation": {"angle": 0, "axis": "z", "origin": [13.5, 13.5, 8.5]},
			"faces": {
				"north": {"uv": [3, 13, 3.5, 13.5], "texture": "#1"},
				"east": {"uv": [13, 3, 13.5, 3.5], "texture": "#1"},
				"south": {"uv": [3.5, 13, 4, 13.5], "texture": "#1"},
				"west": {"uv": [13, 3.5, 13.5, 4], "texture": "#1"},
				"up": {"uv": [4.5, 13.5, 4, 13], "texture": "#1"},
				"down": {"uv": [13.5, 4, 13, 4.5], "texture": "#1"}
			}
		},
		{
			"from": [12, 12, 8],
			"to": [14, 13, 9],
			"rotation": {"angle": 0, "axis": "z", "origin": [13.5, 13.5, 8.5]},
			"faces": {
				"north": {"uv": [10, 1, 11, 1.5], "texture": "#1"},
				"east": {"uv": [4.5, 13, 5, 13.5], "texture": "#1"},
				"south": {"uv": [10, 1.5, 11, 2], "texture": "#1"},
				"west": {"uv": [13, 4.5, 13.5, 5], "texture": "#1"},
				"up": {"uv": [11, 3, 10, 2.5], "texture": "#1"},
				"down": {"uv": [11, 3, 10, 3.5], "texture": "#1"}
			}
		},
		{
			"from": [12, 14, 8],
			"to": [13, 15, 9],
			"rotation": {"angle": 0, "axis": "z", "origin": [13.5, 13.5, 8.5]},
			"faces": {
				"north": {"uv": [5, 13, 5.5, 13.5], "texture": "#1"},
				"east": {"uv": [13, 5, 13.5, 5.5], "texture": "#1"},
				"south": {"uv": [5.5, 13, 6, 13.5], "texture": "#1"},
				"west": {"uv": [13, 5.5, 13.5, 6], "texture": "#1"},
				"up": {"uv": [6.5, 13.5, 6, 13], "texture": "#1"},
				"down": {"uv": [13.5, 6, 13, 6.5], "texture": "#1"}
			}
		},
		{
			"from": [14, 8, 8],
			"to": [15, 9, 9],
			"faces": {
				"north": {"uv": [6.5, 13, 7, 13.5], "texture": "#1"},
				"east": {"uv": [13, 6.5, 13.5, 7], "texture": "#1"},
				"south": {"uv": [7, 13, 7.5, 13.5], "texture": "#1"},
				"west": {"uv": [13, 7, 13.5, 7.5], "texture": "#1"},
				"up": {"uv": [8, 13.5, 7.5, 13], "texture": "#1"},
				"down": {"uv": [13.5, 7.5, 13, 8], "texture": "#1"}
			}
		},
		{
			"from": [14, 7, 8],
			"to": [15, 8, 9],
			"faces": {
				"north": {"uv": [8, 13, 8.5, 13.5], "texture": "#1"},
				"east": {"uv": [13, 8, 13.5, 8.5], "texture": "#1"},
				"south": {"uv": [8.5, 13, 9, 13.5], "texture": "#1"},
				"west": {"uv": [13, 8.5, 13.5, 9], "texture": "#1"},
				"up": {"uv": [9.5, 13.5, 9, 13], "texture": "#1"},
				"down": {"uv": [13.5, 9, 13, 9.5], "texture": "#1"}
			}
		},
		{
			"from": [13, 11, 8],
			"to": [14, 12, 9],
			"faces": {
				"north": {"uv": [9.5, 13, 10, 13.5], "texture": "#1"},
				"east": {"uv": [13, 9.5, 13.5, 10], "texture": "#1"},
				"south": {"uv": [10, 13, 10.5, 13.5], "texture": "#1"},
				"west": {"uv": [13, 10, 13.5, 10.5], "texture": "#1"},
				"up": {"uv": [11, 13.5, 10.5, 13], "texture": "#1"},
				"down": {"uv": [13.5, 10.5, 13, 11], "texture": "#1"}
			}
		},
		{
			"from": [2, 11, 8],
			"to": [3, 12, 9],
			"faces": {
				"north": {"uv": [11, 13, 11.5, 13.5], "texture": "#1"},
				"east": {"uv": [13, 11, 13.5, 11.5], "texture": "#1"},
				"south": {"uv": [11.5, 13, 12, 13.5], "texture": "#1"},
				"west": {"uv": [13, 11.5, 13.5, 12], "texture": "#1"},
				"up": {"uv": [12.5, 13.5, 12, 13], "texture": "#1"},
				"down": {"uv": [13.5, 12, 13, 12.5], "texture": "#1"}
			}
		},
		{
			"from": [13, 7, 8],
			"to": [14, 8, 9],
			"faces": {
				"north": {"uv": [12.5, 13, 13, 13.5], "texture": "#1"},
				"east": {"uv": [13, 12.5, 13.5, 13], "texture": "#1"},
				"south": {"uv": [13, 13, 13.5, 13.5], "texture": "#1"},
				"west": {"uv": [0, 13.5, 0.5, 14], "texture": "#1"},
				"up": {"uv": [14, 0.5, 13.5, 0], "texture": "#1"},
				"down": {"uv": [1, 13.5, 0.5, 14], "texture": "#1"}
			}
		},
		{
			"from": [2, 7, 8],
			"to": [3, 8, 9],
			"faces": {
				"north": {"uv": [13.5, 0.5, 14, 1], "texture": "#1"},
				"east": {"uv": [1, 13.5, 1.5, 14], "texture": "#1"},
				"south": {"uv": [13.5, 1, 14, 1.5], "texture": "#1"},
				"west": {"uv": [1.5, 13.5, 2, 14], "texture": "#1"},
				"up": {"uv": [14, 2, 13.5, 1.5], "texture": "#1"},
				"down": {"uv": [2.5, 13.5, 2, 14], "texture": "#1"}
			}
		},
		{
			"from": [3, 8, 8],
			"to": [4, 12, 9],
			"faces": {
				"north": {"uv": [5.5, 8, 6, 10], "texture": "#1"},
				"east": {"uv": [6, 8, 6.5, 10], "texture": "#1"},
				"south": {"uv": [6.5, 8, 7, 10], "texture": "#1"},
				"west": {"uv": [7, 8, 7.5, 10], "texture": "#1"},
				"up": {"uv": [14, 2.5, 13.5, 2], "texture": "#1"},
				"down": {"uv": [3, 13.5, 2.5, 14], "texture": "#1"}
			}
		},
		{
			"from": [4, 12, 8],
			"to": [5, 14, 9],
			"faces": {
				"north": {"uv": [5.5, 10, 6, 11], "texture": "#1"},
				"east": {"uv": [6, 10, 6.5, 11], "texture": "#1"},
				"south": {"uv": [10, 6, 10.5, 7], "texture": "#1"},
				"west": {"uv": [6.5, 10, 7, 11], "texture": "#1"},
				"up": {"uv": [14, 3, 13.5, 2.5], "texture": "#1"},
				"down": {"uv": [3.5, 13.5, 3, 14], "texture": "#1"}
			}
		},
		{
			"from": [5, 14, 8],
			"to": [6, 16, 9],
			"faces": {
				"north": {"uv": [7, 10, 7.5, 11], "texture": "#1"},
				"east": {"uv": [10, 7, 10.5, 8], "texture": "#1"},
				"south": {"uv": [7.5, 10, 8, 11], "texture": "#1"},
				"west": {"uv": [8, 10, 8.5, 11], "texture": "#1"},
				"up": {"uv": [14, 3.5, 13.5, 3], "texture": "#1"},
				"down": {"uv": [4, 13.5, 3.5, 14], "texture": "#1"}
			}
		},
		{
			"from": [6, 16, 8],
			"to": [7, 17, 9],
			"faces": {
				"north": {"uv": [13.5, 3.5, 14, 4], "texture": "#1"},
				"east": {"uv": [4, 13.5, 4.5, 14], "texture": "#1"},
				"south": {"uv": [13.5, 4, 14, 4.5], "texture": "#1"},
				"west": {"uv": [4.5, 13.5, 5, 14], "texture": "#1"},
				"up": {"uv": [14, 5, 13.5, 4.5], "texture": "#1"},
				"down": {"uv": [5.5, 13.5, 5, 14], "texture": "#1"}
			}
		},
		{
			"from": [7, 16, 8],
			"to": [9, 17, 9],
			"faces": {
				"north": {"uv": [10, 8, 11, 8.5], "texture": "#1"},
				"east": {"uv": [13.5, 5, 14, 5.5], "texture": "#1"},
				"south": {"uv": [8.5, 10, 9.5, 10.5], "texture": "#1"},
				"west": {"uv": [5.5, 13.5, 6, 14], "texture": "#1"},
				"up": {"uv": [11, 9, 10, 8.5], "texture": "#1"},
				"down": {"uv": [10.5, 10, 9.5, 10.5], "texture": "#1"}
			}
		},
		{
			"from": [9, 16, 8],
			"to": [10, 17, 9],
			"faces": {
				"north": {"uv": [13.5, 5.5, 14, 6], "texture": "#1"},
				"east": {"uv": [6, 13.5, 6.5, 14], "texture": "#1"},
				"south": {"uv": [13.5, 6, 14, 6.5], "texture": "#1"},
				"west": {"uv": [6.5, 13.5, 7, 14], "texture": "#1"},
				"up": {"uv": [14, 7, 13.5, 6.5], "texture": "#1"},
				"down": {"uv": [7.5, 13.5, 7, 14], "texture": "#1"}
			}
		},
		{
			"from": [7, 17, 8],
			"to": [9, 18, 9],
			"faces": {
				"north": {"uv": [10.5, 0, 11.5, 0.5], "texture": "#1"},
				"east": {"uv": [13.5, 7, 14, 7.5], "texture": "#1"},
				"south": {"uv": [10.5, 0.5, 11.5, 1], "texture": "#1"},
				"west": {"uv": [7.5, 13.5, 8, 14], "texture": "#1"},
				"up": {"uv": [2.5, 11, 1.5, 10.5], "texture": "#1"},
				"down": {"uv": [3.5, 10.5, 2.5, 11], "texture": "#1"}
			}
		},
		{
			"from": [10, 14, 8],
			"to": [11, 16, 9],
			"faces": {
				"north": {"uv": [3.5, 10.5, 4, 11.5], "texture": "#1"},
				"east": {"uv": [4, 10.5, 4.5, 11.5], "texture": "#1"},
				"south": {"uv": [4.5, 10.5, 5, 11.5], "texture": "#1"},
				"west": {"uv": [5, 10.5, 5.5, 11.5], "texture": "#1"},
				"up": {"uv": [14, 8, 13.5, 7.5], "texture": "#1"},
				"down": {"uv": [8.5, 13.5, 8, 14], "texture": "#1"}
			}
		},
		{
			"from": [6, 14, 8],
			"to": [10, 16, 9],
			"faces": {
				"north": {"uv": [1.5, 7, 3.5, 8], "texture": "#1"},
				"east": {"uv": [10.5, 6, 11, 7], "texture": "#1"},
				"south": {"uv": [3.5, 7, 5.5, 8], "texture": "#1"},
				"west": {"uv": [10.5, 7, 11, 8], "texture": "#1"},
				"up": {"uv": [10, 3, 8, 2.5], "texture": "#1"},
				"down": {"uv": [10, 3, 8, 3.5], "texture": "#1"}
			}
		},
		{
			"from": [11, 12, 8],
			"to": [12, 14, 9],
			"faces": {
				"north": {"uv": [8.5, 10.5, 9, 11.5], "texture": "#1"},
				"east": {"uv": [9, 10.5, 9.5, 11.5], "texture": "#1"},
				"south": {"uv": [10.5, 9, 11, 10], "texture": "#1"},
				"west": {"uv": [9.5, 10.5, 10, 11.5], "texture": "#1"},
				"up": {"uv": [14, 8.5, 13.5, 8], "texture": "#1"},
				"down": {"uv": [9, 13.5, 8.5, 14], "texture": "#1"}
			}
		},
		{
			"from": [5, 12, 8],
			"to": [11, 14, 9],
			"faces": {
				"north": {"uv": [5, 2, 8, 3], "texture": "#1"},
				"east": {"uv": [10, 10.5, 10.5, 11.5], "texture": "#1"},
				"south": {"uv": [5, 3, 8, 4], "texture": "#1"},
				"west": {"uv": [10.5, 10, 11, 11], "texture": "#1"},
				"up": {"uv": [4.5, 8.5, 1.5, 8], "texture": "#1"},
				"down": {"uv": [11, 2, 8, 2.5], "texture": "#1"}
			}
		},
		{
			"from": [12, 8, 8],
			"to": [13, 12, 9],
			"faces": {
				"north": {"uv": [7.5, 8, 8, 10], "texture": "#1"},
				"east": {"uv": [8, 8, 8.5, 10], "texture": "#1"},
				"south": {"uv": [1.5, 8.5, 2, 10.5], "texture": "#1"},
				"west": {"uv": [2, 8.5, 2.5, 10.5], "texture": "#1"},
				"up": {"uv": [14, 9, 13.5, 8.5], "texture": "#1"},
				"down": {"uv": [9.5, 13.5, 9, 14], "texture": "#1"}
			}
		},
		{
			"from": [4, 8, 8],
			"to": [12, 12, 9],
			"faces": {
				"north": {"uv": [0, 5, 4, 7], "texture": "#1"},
				"east": {"uv": [2.5, 8.5, 3, 10.5], "texture": "#1"},
				"south": {"uv": [5, 0, 9, 2], "texture": "#1"},
				"west": {"uv": [3, 8.5, 3.5, 10.5], "texture": "#1"},
				"up": {"uv": [11, 5.5, 7, 5], "texture": "#1"},
				"down": {"uv": [11, 5.5, 7, 6], "texture": "#1"}
			}
		},
		{
			"from": [3, 3, 8],
			"to": [13, 8, 9],
			"faces": {
				"north": {"uv": [0, 0, 5, 2.5], "texture": "#1"},
				"east": {"uv": [4.5, 8, 5, 10.5], "texture": "#1"},
				"south": {"uv": [0, 2.5, 5, 5], "texture": "#1"},
				"west": {"uv": [5, 8, 5.5, 10.5], "texture": "#1"},
				"up": {"uv": [12, 4.5, 7, 4], "texture": "#1"},
				"down": {"uv": [12, 4.5, 7, 5], "texture": "#1"}
			}
		},
		{
			"from": [15, 7, 8],
			"to": [16, 8, 9],
			"rotation": {"angle": 0, "axis": "z", "origin": [17, 7, 8.5]},
			"faces": {
				"north": {"uv": [13.5, 9, 14, 9.5], "texture": "#1"},
				"east": {"uv": [9.5, 13.5, 10, 14], "texture": "#1"},
				"south": {"uv": [13.5, 9.5, 14, 10], "texture": "#1"},
				"west": {"uv": [10, 13.5, 10.5, 14], "texture": "#1"},
				"up": {"uv": [14, 10.5, 13.5, 10], "texture": "#1"},
				"down": {"uv": [11, 13.5, 10.5, 14], "texture": "#1"}
			}
		},
		{
			"from": [16, 6, 8],
			"to": [17, 7, 9],
			"rotation": {"angle": 0, "axis": "z", "origin": [17, 7, 8.5]},
			"faces": {
				"north": {"uv": [13.5, 10.5, 14, 11], "texture": "#1"},
				"east": {"uv": [11, 13.5, 11.5, 14], "texture": "#1"},
				"south": {"uv": [13.5, 11, 14, 11.5], "texture": "#1"},
				"west": {"uv": [11.5, 13.5, 12, 14], "texture": "#1"},
				"up": {"uv": [14, 12, 13.5, 11.5], "texture": "#1"},
				"down": {"uv": [12.5, 13.5, 12, 14], "texture": "#1"}
			}
		},
		{
			"from": [16, 5, 8],
			"to": [17, 6, 9],
			"rotation": {"angle": 0, "axis": "z", "origin": [17, 7, 8.5]},
			"faces": {
				"north": {"uv": [13.5, 12, 14, 12.5], "texture": "#1"},
				"east": {"uv": [12.5, 13.5, 13, 14], "texture": "#1"},
				"south": {"uv": [13.5, 12.5, 14, 13], "texture": "#1"},
				"west": {"uv": [13, 13.5, 13.5, 14], "texture": "#1"},
				"up": {"uv": [14, 13.5, 13.5, 13], "texture": "#1"},
				"down": {"uv": [14, 13.5, 13.5, 14], "texture": "#1"}
			}
		},
		{
			"from": [-1, 3, 8],
			"to": [0, 5, 9],
			"faces": {
				"north": {"uv": [0, 11, 0.5, 12], "texture": "#1"},
				"east": {"uv": [0.5, 11, 1, 12], "texture": "#1"},
				"south": {"uv": [1, 11, 1.5, 12], "texture": "#1"},
				"west": {"uv": [11, 1, 11.5, 2], "texture": "#1"},
				"up": {"uv": [0.5, 14.5, 0, 14], "texture": "#1"},
				"down": {"uv": [14.5, 0, 14, 0.5], "texture": "#1"}
			}
		},
		{
			"from": [16, 3, 8],
			"to": [17, 5, 9],
			"faces": {
				"north": {"uv": [1.5, 11, 2, 12], "texture": "#1"},
				"east": {"uv": [2, 11, 2.5, 12], "texture": "#1"},
				"south": {"uv": [11, 2, 11.5, 3], "texture": "#1"},
				"west": {"uv": [2.5, 11, 3, 12], "texture": "#1"},
				"up": {"uv": [1, 14.5, 0.5, 14], "texture": "#1"},
				"down": {"uv": [14.5, 0.5, 14, 1], "texture": "#1"}
			}
		},
		{
			"from": [13, 3, 8],
			"to": [16, 7, 9],
			"faces": {
				"north": {"uv": [4, 5, 5.5, 7], "texture": "#1"},
				"east": {"uv": [3.5, 8.5, 4, 10.5], "texture": "#1"},
				"south": {"uv": [5.5, 4, 7, 6], "texture": "#1"},
				"west": {"uv": [4, 8.5, 4.5, 10.5], "texture": "#1"},
				"up": {"uv": [9.5, 4, 8, 3.5], "texture": "#1"},
				"down": {"uv": [10.5, 9, 9, 9.5], "texture": "#1"}
			}
		},
		{
			"from": [0, 3, 8],
			"to": [3, 7, 9],
			"faces": {
				"north": {"uv": [5.5, 6, 7, 8], "texture": "#1"},
				"east": {"uv": [8.5, 8, 9, 10], "texture": "#1"},
				"south": {"uv": [0, 7, 1.5, 9], "texture": "#1"},
				"west": {"uv": [0, 9, 0.5, 11], "texture": "#1"},
				"up": {"uv": [11, 4, 9.5, 3.5], "texture": "#1"},
				"down": {"uv": [10.5, 9.5, 9, 10], "texture": "#1"}
			}
		},
		{
			"from": [12, 0, 8],
			"to": [14, 1, 9],
			"faces": {
				"north": {"uv": [11, 3, 12, 3.5], "texture": "#1"},
				"east": {"uv": [1, 14, 1.5, 14.5], "texture": "#1"},
				"south": {"uv": [11, 3.5, 12, 4], "texture": "#1"},
				"west": {"uv": [14, 1, 14.5, 1.5], "texture": "#1"},
				"up": {"uv": [12, 5.5, 11, 5], "texture": "#1"},
				"down": {"uv": [6.5, 11, 5.5, 11.5], "texture": "#1"}
			}
		},
		{
			"from": [12, 1, 8],
			"to": [14, 3, 9],
			"faces": {
				"north": {"uv": [9, 0, 10, 1], "texture": "#1"},
				"east": {"uv": [3, 11, 3.5, 12], "texture": "#1"},
				"south": {"uv": [0.5, 9, 1.5, 10], "texture": "#1"},
				"west": {"uv": [11, 5.5, 11.5, 6.5], "texture": "#1"},
				"up": {"uv": [7.5, 11.5, 6.5, 11], "texture": "#1"},
				"down": {"uv": [12, 6.5, 11, 7], "texture": "#1"}
			}
		},
		{
			"from": [2, 1, 8],
			"to": [4, 3, 9],
			"faces": {
				"north": {"uv": [9, 1, 10, 2], "texture": "#1"},
				"east": {"uv": [11, 7, 11.5, 8], "texture": "#1"},
				"south": {"uv": [9, 8, 10, 9], "texture": "#1"},
				"west": {"uv": [7.5, 11, 8, 12], "texture": "#1"},
				"up": {"uv": [12, 8.5, 11, 8], "texture": "#1"},
				"down": {"uv": [12, 8.5, 11, 9], "texture": "#1"}
			}
		},
		{
			"from": [2, 0, 8],
			"to": [4, 1, 9],
			"faces": {
				"north": {"uv": [11, 9, 12, 9.5], "texture": "#1"},
				"east": {"uv": [1.5, 14, 2, 14.5], "texture": "#1"},
				"south": {"uv": [11, 9.5, 12, 10], "texture": "#1"},
				"west": {"uv": [14, 1.5, 14.5, 2], "texture": "#1"},
				"up": {"uv": [12, 10.5, 11, 10], "texture": "#1"},
				"down": {"uv": [11.5, 11, 10.5, 11.5], "texture": "#1"}
			}
		}
	],
	"gui_light": "front",
	"display": {
		"thirdperson_righthand": {
			"translation": [0, 1.75, 0.75],
			"scale": [0.2, 0.2, 0.5]
		},
		"thirdperson_lefthand": {
			"translation": [0, 1.75, 0.75],
			"scale": [0.2, 0.2, 0.5]
		},
		"firstperson_righthand": {
			"rotation": [-60, -50, 0],
			"translation": [2.5, 1.5, 0],
			"scale": [0.3, 0.3, 0.8]
		},
		"firstperson_lefthand": {
			"rotation": [-60, -50, 0],
			"translation": [2.5, 1.5, 0],
			"scale": [0.3, 0.3, 0.8]
		},
		"ground": {
			"rotation": [45, 50, 0],
			"translation": [0, 2, 0],
			"scale": [0.3, 0.3, 0.8]
		},
		"gui": {
			"rotation": [0, 0, 45],
			"scale": [0.6, 0.6, 0.5]
		},
		"fixed": {
			"rotation": [0, 0, 45],
			"translation": [-0.25, 0, -1.5],
			"scale": [0.4, 0.4, 1]
		}
	},
	"groups": [
		{
			"name": "Frog",
			"origin": [8, 8, 8],
			"color": 0,
			"children": [
				0,
				1,
				2,
				3,
				4,
				5,
				6,
				7,
				8,
				9,
				10,
				11,
				12,
				13,
				14,
				15,
				16,
				17,
				18,
				19,
				20,
				21,
				22,
				23,
				24,
				25,
				26,
				27,
				28,
				29,
				30,
				31,
				32,
				33,
				34,
				35,
				36,
				37,
				38,
				39,
				40,
				41,
				42,
				43,
				44,
				45,
				46,
				47,
				48,
				49,
				50,
				51,
				52,
				53,
				54,
				55,
				56,
				57,
				58
			]
		}
	]
}