{
	"credit": "Made with Blockbench",
	"textures": {
		"0": "custom/coffee_roast",
		"particle": "custom/coffee_roast"
	},
	"elements": [
		{
			"from": [3.25, 1.25, 6],
			"to": [6.25, 2.25, 7],
			"faces": {
				"north": {"uv": [0, 0, 3, 1], "texture": "#0"},
				"east": {"uv": [0, 8, 1, 9], "texture": "#0"},
				"south": {"uv": [0, 1, 3, 2], "texture": "#0"},
				"west": {"uv": [1, 8, 2, 9], "texture": "#0"},
				"up": {"uv": [3, 3, 0, 2], "texture": "#0"},
				"down": {"uv": [3, 3, 0, 4], "texture": "#0"}
			}
		},
		{
			"from": [3.25, 3.25, 6],
			"to": [6.25, 4.25, 7],
			"faces": {
				"north": {"uv": [3, 0, 6, 1], "texture": "#0"},
				"east": {"uv": [2, 8, 3, 9], "texture": "#0"},
				"south": {"uv": [3, 1, 6, 2], "texture": "#0"},
				"west": {"uv": [3, 8, 4, 9], "texture": "#0"},
				"up": {"uv": [6, 3, 3, 2], "texture": "#0"},
				"down": {"uv": [6, 3, 3, 4], "texture": "#0"}
			}
		},
		{
			"from": [3.25, 2.25, 6],
			"to": [6.25, 3.25, 7],
			"faces": {
				"north": {"uv": [0, 4, 3, 5], "texture": "#0"},
				"east": {"uv": [4, 8, 5, 9], "texture": "#0"},
				"south": {"uv": [3, 4, 6, 5], "texture": "#0"},
				"west": {"uv": [5, 8, 6, 9], "texture": "#0"},
				"up": {"uv": [3, 6, 0, 5], "texture": "#0"},
				"down": {"uv": [6, 5, 3, 6], "texture": "#0"}
			}
		},
		{
			"from": [6.25, -0.75, 7],
			"to": [9.25, 0.25, 8],
			"faces": {
				"north": {"uv": [0, 0, 3, 1], "texture": "#0"},
				"east": {"uv": [0, 8, 1, 9], "texture": "#0"},
				"south": {"uv": [0, 1, 3, 2], "texture": "#0"},
				"west": {"uv": [1, 8, 2, 9], "texture": "#0"},
				"up": {"uv": [3, 3, 0, 2], "texture": "#0"},
				"down": {"uv": [3, 3, 0, 4], "texture": "#0"}
			}
		},
		{
			"from": [6.25, 1.25, 7],
			"to": [9.25, 2.25, 8],
			"faces": {
				"north": {"uv": [3, 0, 6, 1], "texture": "#0"},
				"east": {"uv": [2, 8, 3, 9], "texture": "#0"},
				"south": {"uv": [3, 1, 6, 2], "texture": "#0"},
				"west": {"uv": [3, 8, 4, 9], "texture": "#0"},
				"up": {"uv": [6, 3, 3, 2], "texture": "#0"},
				"down": {"uv": [6, 3, 3, 4], "texture": "#0"}
			}
		},
		{
			"from": [6.25, 0.25, 7],
			"to": [9.25, 1.25, 8],
			"faces": {
				"north": {"uv": [0, 4, 3, 5], "texture": "#0"},
				"east": {"uv": [4, 8, 5, 9], "texture": "#0"},
				"south": {"uv": [3, 4, 6, 5], "texture": "#0"},
				"west": {"uv": [5, 8, 6, 9], "texture": "#0"},
				"up": {"uv": [3, 6, 0, 5], "texture": "#0"},
				"down": {"uv": [6, 5, 3, 6], "texture": "#0"}
			}
		},
		{
			"from": [2.25, -0.75, 7],
			"to": [5.25, 0.25, 8],
			"rotation": {"angle": -22.5, "axis": "z", "origin": [3.75, 0.75, 7.5]},
			"faces": {
				"north": {"uv": [0, 0, 3, 1], "texture": "#0"},
				"east": {"uv": [0, 8, 1, 9], "texture": "#0"},
				"south": {"uv": [0, 1, 3, 2], "texture": "#0"},
				"west": {"uv": [1, 8, 2, 9], "texture": "#0"},
				"up": {"uv": [3, 3, 0, 2], "texture": "#0"},
				"down": {"uv": [3, 3, 0, 4], "texture": "#0"}
			}
		},
		{
			"from": [2.25, 1.25, 7],
			"to": [5.25, 2.25, 8],
			"rotation": {"angle": -22.5, "axis": "z", "origin": [3.75, 0.75, 7.5]},
			"faces": {
				"north": {"uv": [3, 0, 6, 1], "texture": "#0"},
				"east": {"uv": [2, 8, 3, 9], "texture": "#0"},
				"south": {"uv": [3, 1, 6, 2], "texture": "#0"},
				"west": {"uv": [3, 8, 4, 9], "texture": "#0"},
				"up": {"uv": [6, 3, 3, 2], "texture": "#0"},
				"down": {"uv": [6, 3, 3, 4], "texture": "#0"}
			}
		},
		{
			"from": [2.25, 0.25, 7],
			"to": [5.25, 1.25, 8],
			"rotation": {"angle": -22.5, "axis": "z", "origin": [3.75, 0.75, 7.5]},
			"faces": {
				"north": {"uv": [0, 4, 3, 5], "texture": "#0"},
				"east": {"uv": [4, 8, 5, 9], "texture": "#0"},
				"south": {"uv": [3, 4, 6, 5], "texture": "#0"},
				"west": {"uv": [5, 8, 6, 9], "texture": "#0"},
				"up": {"uv": [3, 6, 0, 5], "texture": "#0"},
				"down": {"uv": [6, 5, 3, 6], "texture": "#0"}
			}
		},
		{
			"from": [9.25, 1.25, 6],
			"to": [12.25, 2.25, 7],
			"rotation": {"angle": -22.5, "axis": "z", "origin": [10.75, 2.75, 6.5]},
			"faces": {
				"north": {"uv": [0, 0, 3, 1], "texture": "#0"},
				"east": {"uv": [0, 8, 1, 9], "texture": "#0"},
				"south": {"uv": [0, 1, 3, 2], "texture": "#0"},
				"west": {"uv": [1, 8, 2, 9], "texture": "#0"},
				"up": {"uv": [3, 3, 0, 2], "texture": "#0"},
				"down": {"uv": [3, 3, 0, 4], "texture": "#0"}
			}
		},
		{
			"from": [9.25, 3.25, 6],
			"to": [12.25, 4.25, 7],
			"rotation": {"angle": -22.5, "axis": "z", "origin": [10.75, 2.75, 6.5]},
			"faces": {
				"north": {"uv": [3, 0, 6, 1], "texture": "#0"},
				"east": {"uv": [2, 8, 3, 9], "texture": "#0"},
				"south": {"uv": [3, 1, 6, 2], "texture": "#0"},
				"west": {"uv": [3, 8, 4, 9], "texture": "#0"},
				"up": {"uv": [6, 3, 3, 2], "texture": "#0"},
				"down": {"uv": [6, 3, 3, 4], "texture": "#0"}
			}
		},
		{
			"from": [9.25, 2.25, 6],
			"to": [12.25, 3.25, 7],
			"rotation": {"angle": -22.5, "axis": "z", "origin": [10.75, 2.75, 6.5]},
			"faces": {
				"north": {"uv": [0, 4, 3, 5], "texture": "#0"},
				"east": {"uv": [4, 8, 5, 9], "texture": "#0"},
				"south": {"uv": [3, 4, 6, 5], "texture": "#0"},
				"west": {"uv": [5, 8, 6, 9], "texture": "#0"},
				"up": {"uv": [3, 6, 0, 5], "texture": "#0"},
				"down": {"uv": [6, 5, 3, 6], "texture": "#0"}
			}
		},
		{
			"from": [2.25, 3.25, 7],
			"to": [5.25, 4.25, 8],
			"rotation": {"angle": -45, "axis": "z", "origin": [3.75, 4.75, 7.5]},
			"faces": {
				"north": {"uv": [0, 0, 3, 1], "texture": "#0"},
				"east": {"uv": [0, 8, 1, 9], "texture": "#0"},
				"south": {"uv": [0, 1, 3, 2], "texture": "#0"},
				"west": {"uv": [1, 8, 2, 9], "texture": "#0"},
				"up": {"uv": [3, 3, 0, 2], "texture": "#0"},
				"down": {"uv": [3, 3, 0, 4], "texture": "#0"}
			}
		},
		{
			"from": [2.25, 5.25, 7],
			"to": [5.25, 6.25, 8],
			"rotation": {"angle": -45, "axis": "z", "origin": [3.75, 4.75, 7.5]},
			"faces": {
				"north": {"uv": [3, 0, 6, 1], "texture": "#0"},
				"east": {"uv": [2, 8, 3, 9], "texture": "#0"},
				"south": {"uv": [3, 1, 6, 2], "texture": "#0"},
				"west": {"uv": [3, 8, 4, 9], "texture": "#0"},
				"up": {"uv": [6, 3, 3, 2], "texture": "#0"},
				"down": {"uv": [6, 3, 3, 4], "texture": "#0"}
			}
		},
		{
			"from": [2.25, 4.25, 7],
			"to": [5.25, 5.25, 8],
			"rotation": {"angle": -45, "axis": "z", "origin": [3.75, 4.75, 7.5]},
			"faces": {
				"north": {"uv": [0, 4, 3, 5], "texture": "#0"},
				"east": {"uv": [4, 8, 5, 9], "texture": "#0"},
				"south": {"uv": [3, 4, 6, 5], "texture": "#0"},
				"west": {"uv": [5, 8, 6, 9], "texture": "#0"},
				"up": {"uv": [3, 6, 0, 5], "texture": "#0"},
				"down": {"uv": [6, 5, 3, 6], "texture": "#0"}
			}
		},
		{
			"from": [8.5, 5, 6],
			"to": [11.5, 6, 7],
			"faces": {
				"north": {"uv": [0, 6, 3, 7], "texture": "#0"},
				"east": {"uv": [6, 8, 7, 9], "texture": "#0"},
				"south": {"uv": [6, 0, 9, 1], "texture": "#0"},
				"west": {"uv": [7, 8, 8, 9], "texture": "#0"},
				"up": {"uv": [9, 2, 6, 1], "texture": "#0"},
				"down": {"uv": [9, 2, 6, 3], "texture": "#0"}
			}
		},
		{
			"from": [8.5, 7, 6],
			"to": [11.5, 8, 7],
			"faces": {
				"north": {"uv": [3, 6, 6, 7], "texture": "#0"},
				"east": {"uv": [8, 8, 9, 9], "texture": "#0"},
				"south": {"uv": [6, 3, 9, 4], "texture": "#0"},
				"west": {"uv": [0, 9, 1, 10], "texture": "#0"},
				"up": {"uv": [9, 5, 6, 4], "texture": "#0"},
				"down": {"uv": [9, 5, 6, 6], "texture": "#0"}
			}
		},
		{
			"from": [8.5, 6, 6],
			"to": [11.5, 7, 7],
			"faces": {
				"north": {"uv": [6, 6, 9, 7], "texture": "#0"},
				"east": {"uv": [9, 0, 10, 1], "texture": "#0"},
				"south": {"uv": [0, 7, 3, 8], "texture": "#0"},
				"west": {"uv": [1, 9, 2, 10], "texture": "#0"},
				"up": {"uv": [6, 8, 3, 7], "texture": "#0"},
				"down": {"uv": [9, 7, 6, 8], "texture": "#0"}
			}
		},
		{
			"from": [4.5, 6, 6],
			"to": [7.5, 7, 7],
			"faces": {
				"north": {"uv": [0, 6, 3, 7], "texture": "#0"},
				"east": {"uv": [6, 8, 7, 9], "texture": "#0"},
				"south": {"uv": [6, 0, 9, 1], "texture": "#0"},
				"west": {"uv": [7, 8, 8, 9], "texture": "#0"},
				"up": {"uv": [9, 2, 6, 1], "texture": "#0"},
				"down": {"uv": [9, 2, 6, 3], "texture": "#0"}
			}
		},
		{
			"from": [4.5, 8, 6],
			"to": [7.5, 9, 7],
			"faces": {
				"north": {"uv": [3, 6, 6, 7], "texture": "#0"},
				"east": {"uv": [8, 8, 9, 9], "texture": "#0"},
				"south": {"uv": [6, 3, 9, 4], "texture": "#0"},
				"west": {"uv": [0, 9, 1, 10], "texture": "#0"},
				"up": {"uv": [9, 5, 6, 4], "texture": "#0"},
				"down": {"uv": [9, 5, 6, 6], "texture": "#0"}
			}
		},
		{
			"from": [4.5, 7, 6],
			"to": [7.5, 8, 7],
			"faces": {
				"north": {"uv": [6, 6, 9, 7], "texture": "#0"},
				"east": {"uv": [9, 0, 10, 1], "texture": "#0"},
				"south": {"uv": [0, 7, 3, 8], "texture": "#0"},
				"west": {"uv": [1, 9, 2, 10], "texture": "#0"},
				"up": {"uv": [6, 8, 3, 7], "texture": "#0"},
				"down": {"uv": [9, 7, 6, 8], "texture": "#0"}
			}
		},
		{
			"from": [6.5, 3, 7],
			"to": [9.5, 4, 8],
			"rotation": {"angle": 22.5, "axis": "z", "origin": [8, 4.5, 7.5]},
			"faces": {
				"north": {"uv": [0, 6, 3, 7], "texture": "#0"},
				"east": {"uv": [6, 8, 7, 9], "texture": "#0"},
				"south": {"uv": [6, 0, 9, 1], "texture": "#0"},
				"west": {"uv": [7, 8, 8, 9], "texture": "#0"},
				"up": {"uv": [9, 2, 6, 1], "texture": "#0"},
				"down": {"uv": [9, 2, 6, 3], "texture": "#0"}
			}
		},
		{
			"from": [6.5, 5, 7],
			"to": [9.5, 6, 8],
			"rotation": {"angle": 22.5, "axis": "z", "origin": [8, 4.5, 7.5]},
			"faces": {
				"north": {"uv": [3, 6, 6, 7], "texture": "#0"},
				"east": {"uv": [8, 8, 9, 9], "texture": "#0"},
				"south": {"uv": [6, 3, 9, 4], "texture": "#0"},
				"west": {"uv": [0, 9, 1, 10], "texture": "#0"},
				"up": {"uv": [9, 5, 6, 4], "texture": "#0"},
				"down": {"uv": [9, 5, 6, 6], "texture": "#0"}
			}
		},
		{
			"from": [6.5, 4, 7],
			"to": [9.5, 5, 8],
			"rotation": {"angle": 22.5, "axis": "z", "origin": [8, 4.5, 7.5]},
			"faces": {
				"north": {"uv": [6, 6, 9, 7], "texture": "#0"},
				"east": {"uv": [9, 0, 10, 1], "texture": "#0"},
				"south": {"uv": [0, 7, 3, 8], "texture": "#0"},
				"west": {"uv": [1, 9, 2, 10], "texture": "#0"},
				"up": {"uv": [6, 8, 3, 7], "texture": "#0"},
				"down": {"uv": [9, 7, 6, 8], "texture": "#0"}
			}
		}
	],
	"display": {
		"thirdperson_righthand": {
			"translation": [0.25, 2.25, 1.25],
			"scale": [0.2, 0.25, 0.4]
		},
		"thirdperson_lefthand": {
			"translation": [0.25, 2.25, 1.25],
			"scale": [0.2, 0.25, 0.4]
		},
		"firstperson_righthand": {
			"rotation": [45, -115, 0],
			"translation": [-1, 4.25, 3.5],
			"scale": [0.2, 0.4, 0.4]
		},
		"firstperson_lefthand": {
			"rotation": [45, -115, 0],
			"translation": [-0.75, 4.75, 3.5],
			"scale": [0.2, 0.4, 0.4]
		},
		"ground": {
			"rotation": [60, 0, 115],
			"translation": [-1, 6, 1],
			"scale": [0.3, 0.4, 0.4]
		},
		"gui": {
			"rotation": [-45, 0, -45],
			"translation": [4, 2, 0]
		},
		"fixed": {
			"translation": [0, 3, 1],
			"scale": [0.6, 0.7, 0.4]
		}
	},
	"groups": [
		{
			"name": "beagle_blocks",
			"origin": [8, 8, 8],
			"color": 0,
			"children": [
				{
					"name": "group",
					"origin": [8, 8, 8],
					"color": 0,
					"children": [0, 1, 2]
				},
				{
					"name": "group",
					"origin": [8, 8, 8],
					"color": 0,
					"children": [3, 4, 5]
				},
				{
					"name": "group",
					"origin": [8, 8, 8],
					"color": 0,
					"children": [6, 7, 8]
				},
				{
					"name": "group",
					"origin": [8, 8, 8],
					"color": 0,
					"children": [9, 10, 11]
				},
				{
					"name": "group",
					"origin": [8, 8, 8],
					"color": 0,
					"children": [12, 13, 14]
				},
				{
					"name": "group",
					"origin": [8, 8, 8],
					"color": 0,
					"children": [15, 16, 17]
				},
				{
					"name": "group",
					"origin": [8, 8, 8],
					"color": 0,
					"children": [18, 19, 20]
				},
				{
					"name": "group",
					"origin": [8, 8, 8],
					"color": 0,
					"children": [21, 22, 23]
				}
			]
		}
	]
}