{
	"format_version": "1.21.6",
	"credit": "Made with Blockbench",
	"texture_size": [32, 32],
	"textures": {
		"0": "custom/coffee_cup",
		"particle": "custom/coffee_cup"
	},
	"elements": [
		{
			"from": [3, 0, 3],
			"to": [13, 10, 13],
			"faces": {
				"north": {"uv": [0, 0, 5, 5], "texture": "#0"},
				"east": {"uv": [0, 5, 5, 10], "texture": "#0"},
				"south": {"uv": [5, 0, 10, 5], "texture": "#0"},
				"west": {"uv": [5, 5, 10, 10], "texture": "#0"},
				"up": {"uv": [5, 15, 0, 10], "texture": "#0"},
				"down": {"uv": [15, 0, 10, 5], "texture": "#0"}
			}
		},
		{
			"from": [3, 10, 3],
			"to": [13, 10.5, 3.5],
			"faces": {
				"north": {"uv": [6, 10, 11, 10.5], "texture": "#0"},
				"east": {"uv": [11, 8, 11.5, 8.5], "texture": "#0"},
				"south": {"uv": [10, 8.5, 15, 9], "texture": "#0"},
				"west": {"uv": [11.5, 8, 12, 8.5], "texture": "#0"},
				"up": {"uv": [15, 9.5, 10, 9], "texture": "#0"},
				"down": {"uv": [15, 9.5, 10, 10], "texture": "#0"}
			}
		},
		{
			"from": [3, 10, 12.5],
			"to": [13, 10.5, 13],
			"faces": {
				"north": {"uv": [6, 10.5, 11, 11], "texture": "#0"},
				"east": {"uv": [12, 8, 12.5, 8.5], "texture": "#0"},
				"south": {"uv": [11, 5, 16, 5.5], "texture": "#0"},
				"west": {"uv": [12.5, 8, 13, 8.5], "texture": "#0"},
				"up": {"uv": [16, 6, 11, 5.5], "texture": "#0"},
				"down": {"uv": [11, 11, 6, 11.5], "texture": "#0"}
			}
		},
		{
			"from": [12.5, 10, 3.5],
			"to": [13, 10.5, 12.5],
			"rotation": {"angle": 0, "axis": "y", "origin": [8, 10.5, 3.75]},
			"faces": {
				"north": {"uv": [13, 8, 13.5, 8.5], "texture": "#0"},
				"east": {"uv": [11, 6, 15.5, 6.5], "texture": "#0"},
				"south": {"uv": [5, 13.5, 5.5, 14], "texture": "#0"},
				"west": {"uv": [11, 6.5, 15.5, 7], "texture": "#0"},
				"up": {"uv": [11.5, 14.5, 11, 10], "texture": "#0"},
				"down": {"uv": [6.5, 11.5, 6, 16], "texture": "#0"}
			}
		},
		{
			"from": [3, 10, 3.5],
			"to": [3.5, 10.5, 12.5],
			"rotation": {"angle": 0, "axis": "y", "origin": [8, 10.5, 3.75]},
			"faces": {
				"north": {"uv": [5.5, 13.5, 6, 14], "texture": "#0"},
				"east": {"uv": [11, 7, 15.5, 7.5], "texture": "#0"},
				"south": {"uv": [13.5, 8, 14, 8.5], "texture": "#0"},
				"west": {"uv": [11, 7.5, 15.5, 8], "texture": "#0"},
				"up": {"uv": [7, 16, 6.5, 11.5], "texture": "#0"},
				"down": {"uv": [7.5, 11.5, 7, 16], "texture": "#0"}
			}
		},
		{
			"from": [1, 1, 7],
			"to": [3, 3, 9],
			"faces": {
				"north": {"uv": [8.5, 11.5, 9.5, 12.5], "texture": "#0"},
				"east": {"uv": [9.5, 11.5, 10.5, 12.5], "texture": "#0"},
				"south": {"uv": [11.5, 10, 12.5, 11], "texture": "#0"},
				"west": {"uv": [11.5, 11, 12.5, 12], "texture": "#0"},
				"up": {"uv": [12.5, 13, 11.5, 12], "texture": "#0"},
				"down": {"uv": [9.5, 12.5, 8.5, 13.5], "texture": "#0"}
			}
		},
		{
			"from": [0, 1, 7],
			"to": [1, 8, 9],
			"faces": {
				"north": {"uv": [7.5, 11.5, 8, 15], "texture": "#0"},
				"east": {"uv": [5, 10, 6, 13.5], "texture": "#0"},
				"south": {"uv": [8, 11.5, 8.5, 15], "texture": "#0"},
				"west": {"uv": [10, 5, 11, 8.5], "texture": "#0"},
				"up": {"uv": [11, 12.5, 10.5, 11.5], "texture": "#0"},
				"down": {"uv": [11, 12.5, 10.5, 13.5], "texture": "#0"}
			}
		},
		{
			"from": [1, 6, 7],
			"to": [3, 8, 9],
			"faces": {
				"north": {"uv": [9.5, 12.5, 10.5, 13.5], "texture": "#0"},
				"east": {"uv": [12.5, 10, 13.5, 11], "texture": "#0"},
				"south": {"uv": [12.5, 11, 13.5, 12], "texture": "#0"},
				"west": {"uv": [12.5, 12, 13.5, 13], "texture": "#0"},
				"up": {"uv": [12.5, 14, 11.5, 13], "texture": "#0"},
				"down": {"uv": [13.5, 13, 12.5, 14], "texture": "#0"}
			}
		}
	],
	"display": {
		"thirdperson_righthand": {
			"rotation": [69, 90, 0],
			"translation": [0, 1.75, 0.5],
			"scale": [0.3, 0.3, 0.3]
		},
		"thirdperson_lefthand": {
			"rotation": [69, -90, 0],
			"translation": [0, 1.75, 0.5],
			"scale": [0.3, 0.3, 0.3]
		},
		"firstperson_righthand": {
			"rotation": [0, 90, 0],
			"translation": [0.5, 0.5, 0],
			"scale": [0.3, 0.3, 0.3]
		},
		"firstperson_lefthand": {
			"rotation": [0, -90, 0],
			"translation": [0.5, 0.5, 0],
			"scale": [0.3, 0.3, 0.3]
		},
		"ground": {
			"translation": [0, 6, 0],
			"scale": [0.3, 0.3, 0.3]
		},
		"gui": {
			"rotation": [45, -135, 0],
			"translation": [0, 1.5, 0],
			"scale": [0.6, 0.6, 0.6]
		},
		"fixed": {
			"rotation": [-90, 0, 0],
			"translation": [0, 0, -4],
			"scale": [0.5, 0.5, 0.5]
		}
	},
	"groups": [
		{
			"name": "Beagleblocks",
			"origin": [8, 8, 8],
			"color": 0,
			"children": [0, 1, 2, 3, 4, 5, 6, 7]
		}
	]
}