{
	"credit": "Made with Blockbench",
	"texture_size": [64, 64],
	"textures": {
		"3": "custom/brewing_station",
		"particle": "custom/brewing_station"
	},
	"elements": [
		{
			"from": [2, 11.25, 1],
			"to": [14, 12, 14],
			"faces": {
				"north": {"uv": [8.75, 5, 11.75, 5.25], "texture": "#3"},
				"east": {"uv": [8.5, 7.75, 11.75, 8], "texture": "#3"},
				"south": {"uv": [8.75, 5.25, 11.75, 5.5], "texture": "#3"},
				"west": {"uv": [8.5, 8, 11.75, 8.25], "texture": "#3"},
				"up": {"uv": [3, 6.75, 0, 3.5], "texture": "#3"},
				"down": {"uv": [6, 3.5, 3, 6.75], "texture": "#3"}
			}
		},
		{
			"from": [2.5, 0.95, 6],
			"to": [13.5, 6, 13],
			"faces": {
				"north": {"uv": [0, 9, 2.75, 10.25], "texture": "#3"},
				"east": {"uv": [2.75, 9, 4.5, 10.25], "texture": "#3"},
				"south": {"uv": [7.5, 10, 10.25, 11.25], "texture": "#3"},
				"west": {"uv": [0, 10.25, 1.75, 11.5], "texture": "#3"},
				"up": {"uv": [10.25, 10, 7.5, 8.25], "texture": "#3"},
				"down": {"uv": [11.25, 6, 8.5, 7.75], "texture": "#3"}
			}
		},
		{
			"from": [3, 12, 3],
			"to": [13, 12.75, 12],
			"faces": {
				"north": {"uv": [10.25, 8.5, 12.75, 8.75], "texture": "#3"},
				"east": {"uv": [10.25, 9.5, 12.5, 9.75], "texture": "#3"},
				"south": {"uv": [10.25, 8.75, 12.75, 9], "texture": "#3"},
				"west": {"uv": [10.25, 9.75, 12.5, 10], "texture": "#3"},
				"up": {"uv": [8.5, 8.25, 6, 6], "texture": "#3"},
				"down": {"uv": [2.5, 6.75, 0, 9], "texture": "#3"}
			}
		},
		{
			"from": [3, 12.75, 3],
			"to": [13, 13, 12],
			"faces": {
				"north": {"uv": [10.25, 9, 12.75, 9.25], "texture": "#3"},
				"east": {"uv": [10.25, 10, 12.5, 10.25], "texture": "#3"},
				"south": {"uv": [10.25, 9.25, 12.75, 9.5], "texture": "#3"},
				"west": {"uv": [10.25, 10.25, 12.5, 10.5], "texture": "#3"},
				"up": {"uv": [5, 9, 2.5, 6.75], "texture": "#3"},
				"down": {"uv": [7.5, 8.25, 5, 10.5], "texture": "#3"}
			}
		},
		{
			"from": [2.5, 0, 1],
			"to": [13.5, 1, 13],
			"faces": {
				"north": {"uv": [1.75, 10.25, 4.5, 10.5], "texture": "#3"},
				"east": {"uv": [8.75, 5.5, 11.75, 5.75], "texture": "#3"},
				"south": {"uv": [10.25, 8.25, 13, 8.5], "texture": "#3"},
				"west": {"uv": [8.75, 5.75, 11.75, 6], "texture": "#3"},
				"up": {"uv": [8.75, 3, 6, 0], "texture": "#3"},
				"down": {"uv": [8.75, 3, 6, 6], "texture": "#3"}
			}
		},
		{
			"from": [2, 6, 0.5],
			"to": [14, 11.25, 14],
			"faces": {
				"north": {"uv": [8.75, 2.5, 11.75, 3.75], "texture": "#3"},
				"east": {"uv": [8.75, 0, 12.25, 1.25], "texture": "#3"},
				"south": {"uv": [8.75, 3.75, 11.75, 5], "texture": "#3"},
				"west": {"uv": [8.75, 1.25, 12.25, 2.5], "texture": "#3"},
				"up": {"uv": [3, 3.5, 0, 0], "texture": "#3"},
				"down": {"uv": [6, 0, 3, 3.5], "texture": "#3"}
			}
		},
		{
			"from": [4, 1.5, 2.5],
			"to": [7, 4, 3],
			"faces": {
				"north": {"uv": [5, 6.75, 5.75, 7.5], "texture": "#3"},
				"east": {"uv": [5.75, 6.75, 6, 7.5], "texture": "#3"},
				"south": {"uv": [5, 7.5, 5.75, 8.25], "texture": "#3"},
				"west": {"uv": [5.75, 7.5, 6, 8.25], "texture": "#3"},
				"up": {"uv": [6.5, 10.75, 5.75, 10.5], "texture": "#3"},
				"down": {"uv": [7.25, 10.5, 6.5, 10.75], "texture": "#3"}
			}
		},
		{
			"from": [4, 1, 2.5],
			"to": [7, 1.5, 5.5],
			"faces": {
				"north": {"uv": [10.25, 10.5, 11, 10.75], "texture": "#3"},
				"east": {"uv": [5.75, 10.75, 6.5, 11], "texture": "#3"},
				"south": {"uv": [6.5, 10.75, 7.25, 11], "texture": "#3"},
				"west": {"uv": [10.25, 10.75, 11, 11], "texture": "#3"},
				"up": {"uv": [2.5, 11.25, 1.75, 10.5], "texture": "#3"},
				"down": {"uv": [3.25, 10.5, 2.5, 11.25], "texture": "#3"}
			}
		},
		{
			"from": [4, 1.5, 5],
			"to": [7, 4, 5.5],
			"faces": {
				"north": {"uv": [3.25, 10.5, 4, 11.25], "texture": "#3"},
				"east": {"uv": [7.25, 10.5, 7.5, 11.25], "texture": "#3"},
				"south": {"uv": [4, 10.5, 4.75, 11.25], "texture": "#3"},
				"west": {"uv": [5.75, 11, 6, 11.75], "texture": "#3"},
				"up": {"uv": [6.75, 11.25, 6, 11], "texture": "#3"},
				"down": {"uv": [11, 11, 10.25, 11.25], "texture": "#3"}
			}
		},
		{
			"from": [4, 1.5, 3],
			"to": [4.5, 4, 5],
			"faces": {
				"north": {"uv": [6.75, 11, 7, 11.75], "texture": "#3"},
				"east": {"uv": [4.5, 9, 5, 9.75], "texture": "#3"},
				"south": {"uv": [7, 11, 7.25, 11.75], "texture": "#3"},
				"west": {"uv": [4.5, 9.75, 5, 10.5], "texture": "#3"},
				"up": {"uv": [2.25, 11.75, 2, 11.25], "texture": "#3"},
				"down": {"uv": [2.5, 11.25, 2.25, 11.75], "texture": "#3"}
			}
		},
		{
			"from": [6.5, 1.5, 3],
			"to": [7, 4, 5],
			"faces": {
				"north": {"uv": [11, 10.5, 11.25, 11.25], "texture": "#3"},
				"east": {"uv": [4.75, 10.5, 5.25, 11.25], "texture": "#3"},
				"south": {"uv": [1.75, 11.25, 2, 12], "texture": "#3"},
				"west": {"uv": [5.25, 10.5, 5.75, 11.25], "texture": "#3"},
				"up": {"uv": [2.75, 11.75, 2.5, 11.25], "texture": "#3"},
				"down": {"uv": [3, 11.25, 2.75, 11.75], "texture": "#3"}
			}
		},
		{
			"from": [9, 1.5, 2.5],
			"to": [12, 4, 3],
			"faces": {
				"north": {"uv": [5, 6.75, 5.75, 7.5], "texture": "#3"},
				"east": {"uv": [5.75, 6.75, 6, 7.5], "texture": "#3"},
				"south": {"uv": [5, 7.5, 5.75, 8.25], "texture": "#3"},
				"west": {"uv": [5.75, 7.5, 6, 8.25], "texture": "#3"},
				"up": {"uv": [6.5, 10.75, 5.75, 10.5], "texture": "#3"},
				"down": {"uv": [7.25, 10.5, 6.5, 10.75], "texture": "#3"}
			}
		},
		{
			"from": [9, 1, 2.5],
			"to": [12, 1.5, 5.5],
			"faces": {
				"north": {"uv": [10.25, 10.5, 11, 10.75], "texture": "#3"},
				"east": {"uv": [5.75, 10.75, 6.5, 11], "texture": "#3"},
				"south": {"uv": [6.5, 10.75, 7.25, 11], "texture": "#3"},
				"west": {"uv": [10.25, 10.75, 11, 11], "texture": "#3"},
				"up": {"uv": [2.5, 11.25, 1.75, 10.5], "texture": "#3"},
				"down": {"uv": [3.25, 10.5, 2.5, 11.25], "texture": "#3"}
			}
		},
		{
			"from": [9, 1.5, 5],
			"to": [12, 4, 5.5],
			"faces": {
				"north": {"uv": [3.25, 10.5, 4, 11.25], "texture": "#3"},
				"east": {"uv": [7.25, 10.5, 7.5, 11.25], "texture": "#3"},
				"south": {"uv": [4, 10.5, 4.75, 11.25], "texture": "#3"},
				"west": {"uv": [5.75, 11, 6, 11.75], "texture": "#3"},
				"up": {"uv": [6.75, 11.25, 6, 11], "texture": "#3"},
				"down": {"uv": [11, 11, 10.25, 11.25], "texture": "#3"}
			}
		},
		{
			"from": [9, 1.5, 3],
			"to": [9.5, 4, 5],
			"faces": {
				"north": {"uv": [6.75, 11, 7, 11.75], "texture": "#3"},
				"east": {"uv": [4.5, 9, 5, 9.75], "texture": "#3"},
				"south": {"uv": [7, 11, 7.25, 11.75], "texture": "#3"},
				"west": {"uv": [4.5, 9.75, 5, 10.5], "texture": "#3"},
				"up": {"uv": [2.25, 11.75, 2, 11.25], "texture": "#3"},
				"down": {"uv": [2.5, 11.25, 2.25, 11.75], "texture": "#3"}
			}
		},
		{
			"from": [11.5, 1.5, 3],
			"to": [12, 4, 5],
			"faces": {
				"north": {"uv": [11, 10.5, 11.25, 11.25], "texture": "#3"},
				"east": {"uv": [4.75, 10.5, 5.25, 11.25], "texture": "#3"},
				"south": {"uv": [1.75, 11.25, 2, 12], "texture": "#3"},
				"west": {"uv": [5.25, 10.5, 5.75, 11.25], "texture": "#3"},
				"up": {"uv": [2.75, 11.75, 2.5, 11.25], "texture": "#3"},
				"down": {"uv": [3, 11.25, 2.75, 11.75], "texture": "#3"}
			}
		}
	],
	"display": {
		"thirdperson_righthand": {
			"rotation": [70, 0, 0],
			"translation": [0, 1.25, 0.25],
			"scale": [0.3, 0.3, 0.3]
		},
		"thirdperson_lefthand": {
			"rotation": [70, 0, 0],
			"translation": [0, 1.25, 0.25],
			"scale": [0.3, 0.3, 0.3]
		},
		"firstperson_righthand": {
			"rotation": [40, 40, 0],
			"scale": [0.3, 0.3, 0.3]
		},
		"firstperson_lefthand": {
			"rotation": [40, 40, 0],
			"scale": [0.3, 0.3, 0.3]
		},
		"ground": {
			"translation": [0, 4, 0],
			"scale": [0.25, 0.25, 0.25]
		},
		"gui": {
			"rotation": [45, 135, 0],
			"translation": [0.5, 1, 0],
			"scale": [0.5, 0.7, 0.5]
		},
		"head": {
			"rotation": [0, 180, 0],
			"translation": [-17, -14, -17.25],
			"scale": [2.1, 2.2, 2.15]
		},
		"fixed": {
			"rotation": [-90, 0, 0],
			"translation": [0, 0.75, -5],
			"scale": [0.75, 0.75, 0.75]
		}
	},
	"groups": [
		{
			"name": "beagleblocks",
			"origin": [0, 0, 0],
			"color": 0,
			"children": [0, 1, 2, 3, 4, 5]
		},
		{
			"name": "group",
			"origin": [8, 8, 8],
			"color": 0,
			"children": [6, 7, 8, 9, 10]
		},
		{
			"name": "group",
			"origin": [8, 8, 8],
			"color": 0,
			"children": [11, 12, 13, 14, 15]
		}
	]
}