{
  "parent": "minecraft:item/generated",
  "textures": {
    "layer0": "minecraft:item/dried_kelp"
  },

  "overrides": [
    { "predicate": {"custom_model_data": 120}, "model": "item/lumen_beans"},
    { "predicate": {"custom_model_data": 121}, "model": "item/sickly_sweets"},
    { "predicate": {"custom_model_data": 122}, "model": "item/boomin_bon_bon"},
    { "predicate": {"custom_model_data": 123}, "model": "item/bubbling_beez"},
    { "predicate": {"custom_model_data": 124}, "model": "item/chocolate_hopper"}
]
}

