{
  "parent": "minecraft:item/generated",
  "textures": {
    "layer0": "minecraft:item/glow_item_frame"
  },

  "overrides": [
   { "predicate": {"custom_model_data": 600}, "model": "item/coffee_pot"},
   { "predicate": {"custom_model_data": 601}, "model": "item/coffee_pot_east"},
   { "predicate": {"custom_model_data": 602}, "model": "item/coffee_pot_south"},
   { "predicate": {"custom_model_data": 603}, "model": "item/coffee_pot_west"},
   { "predicate": {"custom_model_data": 610}, "model": "item/bakers_oven"},
   { "predicate": {"custom_model_data": 611}, "model": "item/bakers_oven_east"},
   { "predicate": {"custom_model_data": 612}, "model": "item/bakers_oven_south"},
   { "predicate": {"custom_model_data": 613}, "model": "item/bakers_oven_west"},
   { "predicate": {"custom_model_data": 700}, "model": "item/register_oak"},
   { "predicate": {"custom_model_data": 701}, "model": "item/register_oak_east"},
   { "predicate": {"custom_model_data": 702}, "model": "item/register_oak_south"},
   { "predicate": {"custom_model_data": 703}, "model": "item/register_oak_west"},
   { "predicate": {"custom_model_data": 704}, "model": "item/register_acadia"},
   { "predicate": {"custom_model_data": 705}, "model": "item/register_acadia_east"},
   { "predicate": {"custom_model_data": 706}, "model": "item/register_acadia_south"},
   { "predicate": {"custom_model_data": 707}, "model": "item/register_acadia_west"},
   { "predicate": {"custom_model_data": 708}, "model": "item/register_bamboo"},
   { "predicate": {"custom_model_data": 709}, "model": "item/register_bamboo_east"},
   { "predicate": {"custom_model_data": 710}, "model": "item/register_bamboo_south"},
   { "predicate": {"custom_model_data": 711}, "model": "item/register_bamboo_west"},
   { "predicate": {"custom_model_data": 712}, "model": "item/register_birch"},
   { "predicate": {"custom_model_data": 713}, "model": "item/register_birch_east"},
   { "predicate": {"custom_model_data": 714}, "model": "item/register_birch_south"},
   { "predicate": {"custom_model_data": 715}, "model": "item/register_birch_west"},
   { "predicate": {"custom_model_data": 716}, "model": "item/register_cherry"},
   { "predicate": {"custom_model_data": 717}, "model": "item/register_cherry_east"},
   { "predicate": {"custom_model_data": 718}, "model": "item/register_cherry_south"},
   { "predicate": {"custom_model_data": 719}, "model": "item/register_cherry_west"},
   { "predicate": {"custom_model_data": 720}, "model": "item/register_crimson"},
   { "predicate": {"custom_model_data": 721}, "model": "item/register_crimson_east"},
   { "predicate": {"custom_model_data": 722}, "model": "item/register_crimson_south"},
   { "predicate": {"custom_model_data": 723}, "model": "item/register_crimson_west"},
   { "predicate": {"custom_model_data": 724}, "model": "item/register_dark_oak"},
   { "predicate": {"custom_model_data": 725}, "model": "item/register_dark_oak_east"},
   { "predicate": {"custom_model_data": 726}, "model": "item/register_dark_oak_south"},
   { "predicate": {"custom_model_data": 727}, "model": "item/register_dark_oak_west"},
   { "predicate": {"custom_model_data": 728}, "model": "item/register_jungle"},
   { "predicate": {"custom_model_data": 729}, "model": "item/register_jungle_east"},
   { "predicate": {"custom_model_data": 730}, "model": "item/register_jungle_south"},
   { "predicate": {"custom_model_data": 731}, "model": "item/register_jungle_west"},
   { "predicate": {"custom_model_data": 732}, "model": "item/register_mangrove"},
   { "predicate": {"custom_model_data": 733}, "model": "item/register_mangrove_east"},
   { "predicate": {"custom_model_data": 734}, "model": "item/register_mangrove_south"},
   { "predicate": {"custom_model_data": 735}, "model": "item/register_mangrove_west"},
   { "predicate": {"custom_model_data": 736}, "model": "item/register_spruce"},
   { "predicate": {"custom_model_data": 737}, "model": "item/register_spruce_east"},
   { "predicate": {"custom_model_data": 738}, "model": "item/register_spruce_south"},
   { "predicate": {"custom_model_data": 739}, "model": "item/register_spruce_west"},
   { "predicate": {"custom_model_data": 740}, "model": "item/register_warped"},
   { "predicate": {"custom_model_data": 741}, "model": "item/register_warped_east"},
   { "predicate": {"custom_model_data": 742}, "model": "item/register_warped_south"},
   { "predicate": {"custom_model_data": 743}, "model": "item/register_warped_west"},
   { "predicate": {"custom_model_data": 800}, "model": "item/prep_table_oak"},
   { "predicate": {"custom_model_data": 801}, "model": "item/prep_table_spruce"},
   { "predicate": {"custom_model_data": 802}, "model": "item/prep_table_birch"},
   { "predicate": {"custom_model_data": 803}, "model": "item/prep_table_jungle"},
   { "predicate": {"custom_model_data": 804}, "model": "item/prep_table_acadia"},
   { "predicate": {"custom_model_data": 805}, "model": "item/prep_table_dark_oak"},
   { "predicate": {"custom_model_data": 806}, "model": "item/prep_table_mangrove"},
   { "predicate": {"custom_model_data": 807}, "model": "item/prep_table_cherry"},
   { "predicate": {"custom_model_data": 808}, "model": "item/prep_table_bamboo"},
   { "predicate": {"custom_model_data": 809}, "model": "item/prep_table_crimson"},
   { "predicate": {"custom_model_data": 810}, "model": "item/prep_table_warped"},
   { "predicate": {"custom_model_data": 850}, "model": "item/sweet_box_brownie"},
   { "predicate": {"custom_model_data": 851}, "model": "item/sweet_box_apple_pie"},
   { "predicate": {"custom_model_data": 852}, "model": "item/sweet_box_berry_pie"},
   { "predicate": {"custom_model_data": 853}, "model": "item/sweet_box_cupcake"},
   { "predicate": {"custom_model_data": 854}, "model": "item/sweet_box_berry_muffin"},
   { "predicate": {"custom_model_data": 855}, "model": "item/sweet_box_honeybun"},
   { "predicate": {"custom_model_data": 856}, "model": "item/sweet_box_carrot_cake"},
   { "predicate": {"custom_model_data": 857}, "model": "item/sweet_box_berry_cheese_cake"},
   { "predicate": {"custom_model_data": 858}, "model": "item/sweet_box_cupcake_red_velvet"},
   { "predicate": {"custom_model_data": 859}, "model": "item/sweet_box_lumen_beans"},
   { "predicate": {"custom_model_data": 860}, "model": "item/sweet_box_sickly_sweets"},
   { "predicate": {"custom_model_data": 861}, "model": "item/sweet_box_boomin_bon"},
   { "predicate": {"custom_model_data": 862}, "model": "item/sweet_box_whirlin_beez"},
   { "predicate": {"custom_model_data": 863}, "model": "item/sweet_box_chocolate_hopper"},
   { "predicate": {"custom_model_data": 864}, "model": "item/sweet_box_blaze_powder_donut"},
   { "predicate": {"custom_model_data": 865}, "model": "item/sweet_box_fox_fudge"},
   { "predicate": {"custom_model_data": 866}, "model": "item/sweet_box_pumpkin_pie"},
   { "predicate": {"custom_model_data": 1000}, "model": "item/bushel_berry"},
   { "predicate": {"custom_model_data": 1001}, "model": "item/bushel_beans"},
   { "predicate": {"custom_model_data": 1002}, "model": "item/bushel_chorus"},
   { "predicate": {"custom_model_data": 1003}, "model": "item/bushel_glow_berry"},
   { "predicate": {"custom_model_data": 1004}, "model": "item/6-pack-honey"}
  ]
}