{
  "parent": "minecraft:item/generated",
  "textures": {
    "layer0": "minecraft:item/iron_nugget"
  },

  "overrides": [
    { "predicate": {"custom_model_data": 10}, "model": "item/tea_roast"},
    { "predicate": {"custom_model_data": 20}, "model": "item/coffee_roast"},
    { "predicate": {"custom_model_data": 30}, "model": "item/mixing_bowl"},
    { "predicate": {"custom_model_data": 40}, "model": "item/batter_brownie"},
    { "predicate": {"custom_model_data": 50}, "model": "item/batter_carrot_cake"},
    { "predicate": {"custom_model_data": 60}, "model": "item/batter_berry_cheesecake"},
    { "predicate": {"custom_model_data": 70}, "model": "item/batter_fox_fudge"},
    { "predicate": {"custom_model_data": 80}, "model": "item/batter_cupcake"},
    { "predicate": {"custom_model_data": 90}, "model": "item/batter_velvet_cupcake"},
    { "predicate": {"custom_model_data": 100}, "model": "item/batter_berry_muffin"},
    { "predicate": {"custom_model_data": 110}, "model": "item/batter_apple_pie"},
    { "predicate": {"custom_model_data": 120}, "model": "item/batter_berry_pie"},
    { "predicate": {"custom_model_data": 130}, "model": "item/batter_honeybun"},
    { "predicate": {"custom_model_data": 140}, "model": "item/batter_blaze_donut"},
    { "predicate": {"custom_model_data": 150}, "model": "item/batter_lumen_beans"},
    { "predicate": {"custom_model_data": 160}, "model": "item/batter_sickly_sweets"},
    { "predicate": {"custom_model_data": 170}, "model": "item/batter_bon_bon"},
    { "predicate": {"custom_model_data": 180}, "model": "item/batter_hopper"},
    { "predicate": {"custom_model_data": 190}, "model": "item/batter_beez"}
]
}