{
	"format_version": "1.21.6",
	"credit": "Made with Blockbench",
	"texture_size": [32, 32],
	"textures": {
		"0": "custom/lumen_bean",
		"1": "custom/lumen_bean_glow_tint",
		"2": "custom/lumen_bean_glow",
		"particle": "custom/lumen_bean"
	},
	"elements": [
		{
			"from": [4, 2, 7],
			"to": [5, 3, 8],
			"faces": {
				"north": {"uv": [1.5, 5.5, 2, 6], "texture": "#0"},
				"east": {"uv": [5.5, 2.5, 6, 3], "texture": "#0"},
				"south": {"uv": [3, 5.5, 3.5, 6], "texture": "#0"},
				"west": {"uv": [5.5, 3, 6, 3.5], "texture": "#0"},
				"up": {"uv": [4, 6, 3.5, 5.5], "texture": "#0"},
				"down": {"uv": [4.5, 5.5, 4, 6], "texture": "#0"}
			}
		},
		{
			"from": [4, 8, 7],
			"to": [5, 9, 8],
			"faces": {
				"north": {"uv": [4.5, 5.5, 5, 6], "texture": "#0"},
				"east": {"uv": [5, 5.5, 5.5, 6], "texture": "#0"},
				"south": {"uv": [5.5, 5.5, 6, 6], "texture": "#0"},
				"west": {"uv": [0, 6, 0.5, 6.5], "texture": "#0"},
				"up": {"uv": [1, 6.5, 0.5, 6], "texture": "#0"},
				"down": {"uv": [1.5, 6, 1, 6.5], "texture": "#0"}
			}
		},
		{
			"from": [5, 8, 7],
			"to": [6, 9, 8],
			"faces": {
				"north": {"uv": [1.5, 6, 2, 6.5], "texture": "#0"},
				"east": {"uv": [6, 2.5, 6.5, 3], "texture": "#0"},
				"south": {"uv": [3, 6, 3.5, 6.5], "texture": "#0"},
				"west": {"uv": [6, 3, 6.5, 3.5], "texture": "#0"},
				"up": {"uv": [4, 6.5, 3.5, 6], "texture": "#0"},
				"down": {"uv": [4.5, 6, 4, 6.5], "texture": "#0"}
			}
		},
		{
			"from": [3, 3, 7],
			"to": [4, 4, 8],
			"faces": {
				"north": {"uv": [6, 4, 6.5, 4.5], "texture": "#0"},
				"east": {"uv": [4.5, 6, 5, 6.5], "texture": "#0"},
				"south": {"uv": [6, 4.5, 6.5, 5], "texture": "#0"},
				"west": {"uv": [5, 6, 5.5, 6.5], "texture": "#0"},
				"up": {"uv": [6.5, 5.5, 6, 5], "texture": "#0"},
				"down": {"uv": [6, 6, 5.5, 6.5], "texture": "#0"}
			}
		},
		{
			"from": [2, 4, 7],
			"to": [3, 5, 8],
			"faces": {
				"north": {"uv": [6, 5.5, 6.5, 6], "texture": "#0"},
				"east": {"uv": [6, 6, 6.5, 6.5], "texture": "#0"},
				"south": {"uv": [0, 6.5, 0.5, 7], "texture": "#0"},
				"west": {"uv": [0.5, 6.5, 1, 7], "texture": "#0"},
				"up": {"uv": [7, 1, 6.5, 0.5], "texture": "#0"},
				"down": {"uv": [1.5, 6.5, 1, 7], "texture": "#0"}
			}
		},
		{
			"from": [2, 5, 7],
			"to": [3, 6, 8],
			"faces": {
				"north": {"uv": [6.5, 1, 7, 1.5], "texture": "#0"},
				"east": {"uv": [1.5, 6.5, 2, 7], "texture": "#0"},
				"south": {"uv": [6.5, 1.5, 7, 2], "texture": "#0"},
				"west": {"uv": [2, 6.5, 2.5, 7], "texture": "#0"},
				"up": {"uv": [7, 2.5, 6.5, 2], "texture": "#0"},
				"down": {"uv": [3, 6.5, 2.5, 7], "texture": "#0"}
			}
		},
		{
			"from": [2, 6, 7],
			"to": [3, 7, 8],
			"faces": {
				"north": {"uv": [6.5, 2.5, 7, 3], "texture": "#0"},
				"east": {"uv": [3, 6.5, 3.5, 7], "texture": "#0"},
				"south": {"uv": [6.5, 3, 7, 3.5], "texture": "#0"},
				"west": {"uv": [3.5, 6.5, 4, 7], "texture": "#0"},
				"up": {"uv": [7, 4, 6.5, 3.5], "texture": "#0"},
				"down": {"uv": [4.5, 6.5, 4, 7], "texture": "#0"}
			}
		},
		{
			"from": [3, 4, 7],
			"to": [8, 7, 8],
			"faces": {
				"north": {"uv": [0, 0, 2.5, 1.5], "texture": "#0"},
				"east": {"uv": [5, 0.5, 5.5, 2], "texture": "#0"},
				"south": {"uv": [0, 1.5, 2.5, 3], "texture": "#0"},
				"west": {"uv": [2, 5, 2.5, 6.5], "texture": "#0"},
				"up": {"uv": [2.5, 3.5, 0, 3], "texture": "#0"},
				"down": {"uv": [5, 3, 2.5, 3.5], "texture": "#0"}
			}
		},
		{
			"from": [8, 2, 7],
			"to": [13, 5, 8],
			"faces": {
				"north": {"uv": [2.5, 0, 5, 1.5], "texture": "#0"},
				"east": {"uv": [5, 2, 5.5, 3.5], "texture": "#0"},
				"south": {"uv": [2.5, 1.5, 5, 3], "texture": "#0"},
				"west": {"uv": [2.5, 5, 3, 6.5], "texture": "#0"},
				"up": {"uv": [2.5, 4, 0, 3.5], "texture": "#0"},
				"down": {"uv": [5, 3.5, 2.5, 4], "texture": "#0"}
			}
		},
		{
			"from": [13, 4, 7],
			"to": [14, 5, 8],
			"faces": {
				"north": {"uv": [6.5, 4, 7, 4.5], "texture": "#0"},
				"east": {"uv": [4.5, 6.5, 5, 7], "texture": "#0"},
				"south": {"uv": [6.5, 4.5, 7, 5], "texture": "#0"},
				"west": {"uv": [5, 6.5, 5.5, 7], "texture": "#0"},
				"up": {"uv": [7, 5.5, 6.5, 5], "texture": "#0"},
				"down": {"uv": [6, 6.5, 5.5, 7], "texture": "#0"}
			}
		},
		{
			"from": [13, 3, 7],
			"to": [14, 4, 8],
			"faces": {
				"north": {"uv": [6.5, 5.5, 7, 6], "texture": "#0"},
				"east": {"uv": [6, 6.5, 6.5, 7], "texture": "#0"},
				"south": {"uv": [6.5, 6, 7, 6.5], "texture": "#0"},
				"west": {"uv": [6.5, 6.5, 7, 7], "texture": "#0"},
				"up": {"uv": [0.5, 7.5, 0, 7], "texture": "#0"},
				"down": {"uv": [7.5, 0, 7, 0.5], "texture": "#0"}
			}
		},
		{
			"from": [13, 2, 7],
			"to": [14, 3, 8],
			"faces": {
				"north": {"uv": [0.5, 7, 1, 7.5], "texture": "#0"},
				"east": {"uv": [7, 0.5, 7.5, 1], "texture": "#0"},
				"south": {"uv": [1, 7, 1.5, 7.5], "texture": "#0"},
				"west": {"uv": [7, 1, 7.5, 1.5], "texture": "#0"},
				"up": {"uv": [2, 7.5, 1.5, 7], "texture": "#0"},
				"down": {"uv": [7.5, 1.5, 7, 2], "texture": "#0"}
			}
		},
		{
			"from": [3, 7, 7],
			"to": [4, 8, 8],
			"faces": {
				"north": {"uv": [2, 7, 2.5, 7.5], "texture": "#0"},
				"east": {"uv": [7, 2, 7.5, 2.5], "texture": "#0"},
				"south": {"uv": [2.5, 7, 3, 7.5], "texture": "#0"},
				"west": {"uv": [7, 2.5, 7.5, 3], "texture": "#0"},
				"up": {"uv": [3.5, 7.5, 3, 7], "texture": "#0"},
				"down": {"uv": [7.5, 3, 7, 3.5], "texture": "#0"}
			}
		},
		{
			"from": [5, 2, 7],
			"to": [6, 3, 8],
			"faces": {
				"north": {"uv": [3.5, 7, 4, 7.5], "texture": "#0"},
				"east": {"uv": [7, 3.5, 7.5, 4], "texture": "#0"},
				"south": {"uv": [4, 7, 4.5, 7.5], "texture": "#0"},
				"west": {"uv": [7, 4, 7.5, 4.5], "texture": "#0"},
				"up": {"uv": [5, 7.5, 4.5, 7], "texture": "#0"},
				"down": {"uv": [7.5, 4.5, 7, 5], "texture": "#0"}
			}
		},
		{
			"from": [6, 2, 7],
			"to": [7, 3, 8],
			"faces": {
				"north": {"uv": [5, 7, 5.5, 7.5], "texture": "#0"},
				"east": {"uv": [7, 5, 7.5, 5.5], "texture": "#0"},
				"south": {"uv": [5.5, 7, 6, 7.5], "texture": "#0"},
				"west": {"uv": [7, 5.5, 7.5, 6], "texture": "#0"},
				"up": {"uv": [6.5, 7.5, 6, 7], "texture": "#0"},
				"down": {"uv": [7.5, 6, 7, 6.5], "texture": "#0"}
			}
		},
		{
			"from": [7, 2, 7],
			"to": [8, 3, 8],
			"faces": {
				"north": {"uv": [6.5, 7, 7, 7.5], "texture": "#0"},
				"east": {"uv": [7, 6.5, 7.5, 7], "texture": "#0"},
				"south": {"uv": [7, 7, 7.5, 7.5], "texture": "#0"},
				"west": {"uv": [0, 7.5, 0.5, 8], "texture": "#0"},
				"up": {"uv": [8, 0.5, 7.5, 0], "texture": "#0"},
				"down": {"uv": [1, 7.5, 0.5, 8], "texture": "#0"}
			}
		},
		{
			"from": [6, 1, 7],
			"to": [7, 2, 8],
			"faces": {
				"north": {"uv": [7.5, 0.5, 8, 1], "texture": "#0"},
				"east": {"uv": [1, 7.5, 1.5, 8], "texture": "#0"},
				"south": {"uv": [7.5, 1, 8, 1.5], "texture": "#0"},
				"west": {"uv": [1.5, 7.5, 2, 8], "texture": "#0"},
				"up": {"uv": [8, 2, 7.5, 1.5], "texture": "#0"},
				"down": {"uv": [2.5, 7.5, 2, 8], "texture": "#0"}
			}
		},
		{
			"from": [7, 1, 7],
			"to": [8, 2, 8],
			"faces": {
				"north": {"uv": [7.5, 2, 8, 2.5], "texture": "#0"},
				"east": {"uv": [2.5, 7.5, 3, 8], "texture": "#0"},
				"south": {"uv": [7.5, 2.5, 8, 3], "texture": "#0"},
				"west": {"uv": [3, 7.5, 3.5, 8], "texture": "#0"},
				"up": {"uv": [8, 3.5, 7.5, 3], "texture": "#0"},
				"down": {"uv": [4, 7.5, 3.5, 8], "texture": "#0"}
			}
		},
		{
			"from": [12, 1, 7],
			"to": [13, 2, 8],
			"faces": {
				"north": {"uv": [7.5, 3.5, 8, 4], "texture": "#0"},
				"east": {"uv": [4, 7.5, 4.5, 8], "texture": "#0"},
				"south": {"uv": [7.5, 4, 8, 4.5], "texture": "#0"},
				"west": {"uv": [4.5, 7.5, 5, 8], "texture": "#0"},
				"up": {"uv": [8, 5, 7.5, 4.5], "texture": "#0"},
				"down": {"uv": [5.5, 7.5, 5, 8], "texture": "#0"}
			}
		},
		{
			"from": [6, 7, 7],
			"to": [7, 8, 8],
			"faces": {
				"north": {"uv": [7.5, 5, 8, 5.5], "texture": "#0"},
				"east": {"uv": [5.5, 7.5, 6, 8], "texture": "#0"},
				"south": {"uv": [7.5, 5.5, 8, 6], "texture": "#0"},
				"west": {"uv": [6, 7.5, 6.5, 8], "texture": "#0"},
				"up": {"uv": [8, 6.5, 7.5, 6], "texture": "#0"},
				"down": {"uv": [7, 7.5, 6.5, 8], "texture": "#0"}
			}
		},
		{
			"from": [4, 7, 7],
			"to": [6, 8, 8],
			"faces": {
				"north": {"uv": [5.5, 0.5, 6.5, 1], "texture": "#0"},
				"east": {"uv": [7.5, 6.5, 8, 7], "texture": "#0"},
				"south": {"uv": [5.5, 1, 6.5, 1.5], "texture": "#0"},
				"west": {"uv": [7, 7.5, 7.5, 8], "texture": "#0"},
				"up": {"uv": [6.5, 2, 5.5, 1.5], "texture": "#0"},
				"down": {"uv": [6.5, 2, 5.5, 2.5], "texture": "#0"}
			}
		},
		{
			"from": [7, 7, 7],
			"to": [8, 8, 8],
			"faces": {
				"north": {"uv": [7.5, 7, 8, 7.5], "texture": "#0"},
				"east": {"uv": [7.5, 7.5, 8, 8], "texture": "#0"},
				"south": {"uv": [0, 8, 0.5, 8.5], "texture": "#0"},
				"west": {"uv": [8, 0, 8.5, 0.5], "texture": "#0"},
				"up": {"uv": [1, 8.5, 0.5, 8], "texture": "#0"},
				"down": {"uv": [8.5, 0.5, 8, 1], "texture": "#0"}
			}
		},
		{
			"from": [9, 0, 7],
			"to": [10, 1, 8],
			"faces": {
				"north": {"uv": [1, 8, 1.5, 8.5], "texture": "#0"},
				"east": {"uv": [8, 1, 8.5, 1.5], "texture": "#0"},
				"south": {"uv": [1.5, 8, 2, 8.5], "texture": "#0"},
				"west": {"uv": [8, 1.5, 8.5, 2], "texture": "#0"},
				"up": {"uv": [2.5, 8.5, 2, 8], "texture": "#0"},
				"down": {"uv": [8.5, 2, 8, 2.5], "texture": "#0"}
			}
		},
		{
			"from": [8, 1, 7],
			"to": [12, 2, 8],
			"faces": {
				"north": {"uv": [0, 4, 2, 4.5], "texture": "#0"},
				"east": {"uv": [2.5, 8, 3, 8.5], "texture": "#0"},
				"south": {"uv": [2, 4, 4, 4.5], "texture": "#0"},
				"west": {"uv": [8, 2.5, 8.5, 3], "texture": "#0"},
				"up": {"uv": [6, 4.5, 4, 4], "texture": "#0"},
				"down": {"uv": [2, 4.5, 0, 5], "texture": "#0"}
			}
		},
		{
			"from": [4, 3, 7],
			"to": [8, 4, 8],
			"faces": {
				"north": {"uv": [2, 4.5, 4, 5], "texture": "#0"},
				"east": {"uv": [3, 8, 3.5, 8.5], "texture": "#0"},
				"south": {"uv": [4, 4.5, 6, 5], "texture": "#0"},
				"west": {"uv": [8, 3, 8.5, 3.5], "texture": "#0"},
				"up": {"uv": [2, 5.5, 0, 5], "texture": "#0"},
				"down": {"uv": [7, 0, 5, 0.5], "texture": "#0"}
			}
		},
		{
			"from": [9, 6, 7],
			"to": [10, 7, 8],
			"faces": {
				"north": {"uv": [3.5, 8, 4, 8.5], "texture": "#0"},
				"east": {"uv": [8, 3.5, 8.5, 4], "texture": "#0"},
				"south": {"uv": [4, 8, 4.5, 8.5], "texture": "#0"},
				"west": {"uv": [8, 4, 8.5, 4.5], "texture": "#0"},
				"up": {"uv": [5, 8.5, 4.5, 8], "texture": "#0"},
				"down": {"uv": [8.5, 4.5, 8, 5], "texture": "#0"}
			}
		},
		{
			"from": [8, 5, 7],
			"to": [11, 6, 8],
			"faces": {
				"north": {"uv": [3, 5, 4.5, 5.5], "texture": "#0"},
				"east": {"uv": [5, 8, 5.5, 8.5], "texture": "#0"},
				"south": {"uv": [5, 3.5, 6.5, 4], "texture": "#0"},
				"west": {"uv": [8, 5, 8.5, 5.5], "texture": "#0"},
				"up": {"uv": [6, 5.5, 4.5, 5], "texture": "#0"},
				"down": {"uv": [1.5, 5.5, 0, 6], "texture": "#0"}
			}
		},
		{
			"from": [8, 6, 7],
			"to": [9, 7, 8],
			"faces": {
				"north": {"uv": [5.5, 8, 6, 8.5], "texture": "#0"},
				"east": {"uv": [8, 5.5, 8.5, 6], "texture": "#0"},
				"south": {"uv": [6, 8, 6.5, 8.5], "texture": "#0"},
				"west": {"uv": [8, 6, 8.5, 6.5], "texture": "#0"},
				"up": {"uv": [7, 8.5, 6.5, 8], "texture": "#0"},
				"down": {"uv": [8.5, 6.5, 8, 7], "texture": "#0"}
			}
		},
		{
			"from": [10, 6, 7],
			"to": [11, 7, 8],
			"faces": {
				"north": {"uv": [7, 8, 7.5, 8.5], "texture": "#0"},
				"east": {"uv": [8, 7, 8.5, 7.5], "texture": "#0"},
				"south": {"uv": [7.5, 8, 8, 8.5], "texture": "#0"},
				"west": {"uv": [8, 7.5, 8.5, 8], "texture": "#0"},
				"up": {"uv": [8.5, 8.5, 8, 8], "texture": "#0"},
				"down": {"uv": [0.5, 8.5, 0, 9], "texture": "#0"}
			}
		},
		{
			"from": [11, 5, 7],
			"to": [12, 6, 8],
			"faces": {
				"north": {"uv": [8.5, 0, 9, 0.5], "texture": "#0"},
				"east": {"uv": [0.5, 8.5, 1, 9], "texture": "#0"},
				"south": {"uv": [8.5, 0.5, 9, 1], "texture": "#0"},
				"west": {"uv": [1, 8.5, 1.5, 9], "texture": "#0"},
				"up": {"uv": [9, 1.5, 8.5, 1], "texture": "#0"},
				"down": {"uv": [2, 8.5, 1.5, 9], "texture": "#0"}
			}
		},
		{
			"from": [12, 5, 7],
			"to": [13, 6, 8],
			"faces": {
				"north": {"uv": [8.5, 1.5, 9, 2], "texture": "#0"},
				"east": {"uv": [2, 8.5, 2.5, 9], "texture": "#0"},
				"south": {"uv": [8.5, 2, 9, 2.5], "texture": "#0"},
				"west": {"uv": [2.5, 8.5, 3, 9], "texture": "#0"},
				"up": {"uv": [9, 3, 8.5, 2.5], "texture": "#0"},
				"down": {"uv": [3.5, 8.5, 3, 9], "texture": "#0"}
			}
		},
		{
			"from": [8, 0, 7],
			"to": [9, 1, 8],
			"faces": {
				"north": {"uv": [8.5, 3, 9, 3.5], "texture": "#0"},
				"east": {"uv": [3.5, 8.5, 4, 9], "texture": "#0"},
				"south": {"uv": [8.5, 3.5, 9, 4], "texture": "#0"},
				"west": {"uv": [4, 8.5, 4.5, 9], "texture": "#0"},
				"up": {"uv": [9, 4.5, 8.5, 4], "texture": "#0"},
				"down": {"uv": [5, 8.5, 4.5, 9], "texture": "#0"}
			}
		},
		{
			"from": [11, 0, 7],
			"to": [12, 1, 8],
			"faces": {
				"north": {"uv": [8.5, 4.5, 9, 5], "texture": "#0"},
				"east": {"uv": [5, 8.5, 5.5, 9], "texture": "#0"},
				"south": {"uv": [8.5, 5, 9, 5.5], "texture": "#0"},
				"west": {"uv": [5.5, 8.5, 6, 9], "texture": "#0"},
				"up": {"uv": [9, 6, 8.5, 5.5], "texture": "#0"},
				"down": {"uv": [6.5, 8.5, 6, 9], "texture": "#0"}
			}
		},
		{
			"from": [10, 0, 7],
			"to": [11, 1, 8],
			"faces": {
				"north": {"uv": [8.5, 6, 9, 6.5], "texture": "#0"},
				"east": {"uv": [6.5, 8.5, 7, 9], "texture": "#0"},
				"south": {"uv": [8.5, 6.5, 9, 7], "texture": "#0"},
				"west": {"uv": [7, 8.5, 7.5, 9], "texture": "#0"},
				"up": {"uv": [9, 7.5, 8.5, 7], "texture": "#0"},
				"down": {"uv": [8, 8.5, 7.5, 9], "texture": "#0"}
			}
		},
		{
			"from": [3, 12, 7],
			"to": [4, 13, 8],
			"faces": {
				"north": {"uv": [1.5, 5.5, 2, 6], "texture": "#1"},
				"east": {"uv": [5.5, 2.5, 6, 3], "texture": "#1"},
				"south": {"uv": [3, 5.5, 3.5, 6], "texture": "#1"},
				"west": {"uv": [5.5, 3, 6, 3.5], "texture": "#1"},
				"up": {"uv": [4, 6, 3.5, 5.5], "texture": "#1"},
				"down": {"uv": [4.5, 5.5, 4, 6], "texture": "#1"}
			}
		},
		{
			"from": [3, 18, 7],
			"to": [4, 19, 8],
			"faces": {
				"north": {"uv": [4.5, 5.5, 5, 6], "texture": "#1"},
				"east": {"uv": [5, 5.5, 5.5, 6], "texture": "#1"},
				"south": {"uv": [5.5, 5.5, 6, 6], "texture": "#1"},
				"west": {"uv": [0, 6, 0.5, 6.5], "texture": "#1"},
				"up": {"uv": [1, 6.5, 0.5, 6], "texture": "#1"},
				"down": {"uv": [1.5, 6, 1, 6.5], "texture": "#1"}
			}
		},
		{
			"from": [4, 18, 7],
			"to": [5, 19, 8],
			"faces": {
				"north": {"uv": [1.5, 6, 2, 6.5], "texture": "#1"},
				"east": {"uv": [6, 2.5, 6.5, 3], "texture": "#1"},
				"south": {"uv": [3, 6, 3.5, 6.5], "texture": "#1"},
				"west": {"uv": [6, 3, 6.5, 3.5], "texture": "#1"},
				"up": {"uv": [4, 6.5, 3.5, 6], "texture": "#1"},
				"down": {"uv": [4.5, 6, 4, 6.5], "texture": "#1"}
			}
		},
		{
			"from": [2, 13, 7],
			"to": [3, 14, 8],
			"faces": {
				"north": {"uv": [6, 4, 6.5, 4.5], "texture": "#1"},
				"east": {"uv": [4.5, 6, 5, 6.5], "texture": "#1"},
				"south": {"uv": [6, 4.5, 6.5, 5], "texture": "#1"},
				"west": {"uv": [5, 6, 5.5, 6.5], "texture": "#1"},
				"up": {"uv": [6.5, 5.5, 6, 5], "texture": "#1"},
				"down": {"uv": [6, 6, 5.5, 6.5], "texture": "#1"}
			}
		},
		{
			"from": [1, 14, 7],
			"to": [2, 15, 8],
			"faces": {
				"north": {"uv": [6, 5.5, 6.5, 6], "texture": "#1"},
				"east": {"uv": [6, 6, 6.5, 6.5], "texture": "#1"},
				"south": {"uv": [0, 6.5, 0.5, 7], "texture": "#1"},
				"west": {"uv": [0.5, 6.5, 1, 7], "texture": "#1"},
				"up": {"uv": [7, 1, 6.5, 0.5], "texture": "#1"},
				"down": {"uv": [1.5, 6.5, 1, 7], "texture": "#1"}
			}
		},
		{
			"from": [1, 15, 7],
			"to": [2, 16, 8],
			"faces": {
				"north": {"uv": [6.5, 1, 7, 1.5], "texture": "#1"},
				"east": {"uv": [1.5, 6.5, 2, 7], "texture": "#1"},
				"south": {"uv": [6.5, 1.5, 7, 2], "texture": "#1"},
				"west": {"uv": [2, 6.5, 2.5, 7], "texture": "#1"},
				"up": {"uv": [7, 2.5, 6.5, 2], "texture": "#1"},
				"down": {"uv": [3, 6.5, 2.5, 7], "texture": "#1"}
			}
		},
		{
			"from": [1, 16, 7],
			"to": [2, 17, 8],
			"faces": {
				"north": {"uv": [6.5, 2.5, 7, 3], "texture": "#1"},
				"east": {"uv": [3, 6.5, 3.5, 7], "texture": "#1"},
				"south": {"uv": [6.5, 3, 7, 3.5], "texture": "#1"},
				"west": {"uv": [3.5, 6.5, 4, 7], "texture": "#1"},
				"up": {"uv": [7, 4, 6.5, 3.5], "texture": "#1"},
				"down": {"uv": [4.5, 6.5, 4, 7], "texture": "#1"}
			}
		},
		{
			"from": [2, 14, 7],
			"to": [7, 17, 8],
			"faces": {
				"north": {"uv": [0, 0, 2.5, 1.5], "texture": "#1"},
				"east": {"uv": [5, 0.5, 5.5, 2], "texture": "#1"},
				"south": {"uv": [0, 1.5, 2.5, 3], "texture": "#1"},
				"west": {"uv": [2, 5, 2.5, 6.5], "texture": "#1"},
				"up": {"uv": [2.5, 3.5, 0, 3], "texture": "#1"},
				"down": {"uv": [5, 3, 2.5, 3.5], "texture": "#1"}
			}
		},
		{
			"from": [7, 12, 7],
			"to": [12, 15, 8],
			"faces": {
				"north": {"uv": [2.5, 0, 5, 1.5], "texture": "#1"},
				"east": {"uv": [5, 2, 5.5, 3.5], "texture": "#1"},
				"south": {"uv": [2.5, 1.5, 5, 3], "texture": "#1"},
				"west": {"uv": [2.5, 5, 3, 6.5], "texture": "#1"},
				"up": {"uv": [2.5, 4, 0, 3.5], "texture": "#1"},
				"down": {"uv": [5, 3.5, 2.5, 4], "texture": "#1"}
			}
		},
		{
			"from": [12, 14, 7],
			"to": [13, 15, 8],
			"faces": {
				"north": {"uv": [6.5, 4, 7, 4.5], "texture": "#1"},
				"east": {"uv": [4.5, 6.5, 5, 7], "texture": "#1"},
				"south": {"uv": [6.5, 4.5, 7, 5], "texture": "#1"},
				"west": {"uv": [5, 6.5, 5.5, 7], "texture": "#1"},
				"up": {"uv": [7, 5.5, 6.5, 5], "texture": "#1"},
				"down": {"uv": [6, 6.5, 5.5, 7], "texture": "#1"}
			}
		},
		{
			"from": [12, 13, 7],
			"to": [13, 14, 8],
			"faces": {
				"north": {"uv": [6.5, 5.5, 7, 6], "texture": "#1"},
				"east": {"uv": [6, 6.5, 6.5, 7], "texture": "#1"},
				"south": {"uv": [6.5, 6, 7, 6.5], "texture": "#1"},
				"west": {"uv": [6.5, 6.5, 7, 7], "texture": "#1"},
				"up": {"uv": [0.5, 7.5, 0, 7], "texture": "#1"},
				"down": {"uv": [7.5, 0, 7, 0.5], "texture": "#1"}
			}
		},
		{
			"from": [12, 12, 7],
			"to": [13, 13, 8],
			"faces": {
				"north": {"uv": [0.5, 7, 1, 7.5], "texture": "#1"},
				"east": {"uv": [7, 0.5, 7.5, 1], "texture": "#1"},
				"south": {"uv": [1, 7, 1.5, 7.5], "texture": "#1"},
				"west": {"uv": [7, 1, 7.5, 1.5], "texture": "#1"},
				"up": {"uv": [2, 7.5, 1.5, 7], "texture": "#1"},
				"down": {"uv": [7.5, 1.5, 7, 2], "texture": "#1"}
			}
		},
		{
			"from": [2, 17, 7],
			"to": [3, 18, 8],
			"faces": {
				"north": {"uv": [2, 7, 2.5, 7.5], "texture": "#1"},
				"east": {"uv": [7, 2, 7.5, 2.5], "texture": "#1"},
				"south": {"uv": [2.5, 7, 3, 7.5], "texture": "#1"},
				"west": {"uv": [7, 2.5, 7.5, 3], "texture": "#1"},
				"up": {"uv": [3.5, 7.5, 3, 7], "texture": "#1"},
				"down": {"uv": [7.5, 3, 7, 3.5], "texture": "#1"}
			}
		},
		{
			"from": [4, 12, 7],
			"to": [5, 13, 8],
			"faces": {
				"north": {"uv": [3.5, 7, 4, 7.5], "texture": "#1"},
				"east": {"uv": [7, 3.5, 7.5, 4], "texture": "#1"},
				"south": {"uv": [4, 7, 4.5, 7.5], "texture": "#1"},
				"west": {"uv": [7, 4, 7.5, 4.5], "texture": "#1"},
				"up": {"uv": [5, 7.5, 4.5, 7], "texture": "#1"},
				"down": {"uv": [7.5, 4.5, 7, 5], "texture": "#1"}
			}
		},
		{
			"from": [5, 12, 7],
			"to": [6, 13, 8],
			"faces": {
				"north": {"uv": [5, 7, 5.5, 7.5], "texture": "#1"},
				"east": {"uv": [7, 5, 7.5, 5.5], "texture": "#1"},
				"south": {"uv": [5.5, 7, 6, 7.5], "texture": "#1"},
				"west": {"uv": [7, 5.5, 7.5, 6], "texture": "#1"},
				"up": {"uv": [6.5, 7.5, 6, 7], "texture": "#1"},
				"down": {"uv": [7.5, 6, 7, 6.5], "texture": "#1"}
			}
		},
		{
			"from": [6, 12, 7],
			"to": [7, 13, 8],
			"faces": {
				"north": {"uv": [6.5, 7, 7, 7.5], "texture": "#1"},
				"east": {"uv": [7, 6.5, 7.5, 7], "texture": "#1"},
				"south": {"uv": [7, 7, 7.5, 7.5], "texture": "#1"},
				"west": {"uv": [0, 7.5, 0.5, 8], "texture": "#1"},
				"up": {"uv": [8, 0.5, 7.5, 0], "texture": "#1"},
				"down": {"uv": [1, 7.5, 0.5, 8], "texture": "#1"}
			}
		},
		{
			"from": [5, 11, 7],
			"to": [6, 12, 8],
			"faces": {
				"north": {"uv": [7.5, 0.5, 8, 1], "texture": "#1"},
				"east": {"uv": [1, 7.5, 1.5, 8], "texture": "#1"},
				"south": {"uv": [7.5, 1, 8, 1.5], "texture": "#1"},
				"west": {"uv": [1.5, 7.5, 2, 8], "texture": "#1"},
				"up": {"uv": [8, 2, 7.5, 1.5], "texture": "#1"},
				"down": {"uv": [2.5, 7.5, 2, 8], "texture": "#1"}
			}
		},
		{
			"from": [6, 11, 7],
			"to": [7, 12, 8],
			"faces": {
				"north": {"uv": [7.5, 2, 8, 2.5], "texture": "#1"},
				"east": {"uv": [2.5, 7.5, 3, 8], "texture": "#1"},
				"south": {"uv": [7.5, 2.5, 8, 3], "texture": "#1"},
				"west": {"uv": [3, 7.5, 3.5, 8], "texture": "#1"},
				"up": {"uv": [8, 3.5, 7.5, 3], "texture": "#1"},
				"down": {"uv": [4, 7.5, 3.5, 8], "texture": "#1"}
			}
		},
		{
			"from": [11, 11, 7],
			"to": [12, 12, 8],
			"faces": {
				"north": {"uv": [7.5, 3.5, 8, 4], "texture": "#1"},
				"east": {"uv": [4, 7.5, 4.5, 8], "texture": "#1"},
				"south": {"uv": [7.5, 4, 8, 4.5], "texture": "#1"},
				"west": {"uv": [4.5, 7.5, 5, 8], "texture": "#1"},
				"up": {"uv": [8, 5, 7.5, 4.5], "texture": "#1"},
				"down": {"uv": [5.5, 7.5, 5, 8], "texture": "#1"}
			}
		},
		{
			"from": [5, 17, 7],
			"to": [6, 18, 8],
			"faces": {
				"north": {"uv": [7.5, 5, 8, 5.5], "texture": "#1"},
				"east": {"uv": [5.5, 7.5, 6, 8], "texture": "#1"},
				"south": {"uv": [7.5, 5.5, 8, 6], "texture": "#1"},
				"west": {"uv": [6, 7.5, 6.5, 8], "texture": "#1"},
				"up": {"uv": [8, 6.5, 7.5, 6], "texture": "#1"},
				"down": {"uv": [7, 7.5, 6.5, 8], "texture": "#1"}
			}
		},
		{
			"from": [3, 17, 7],
			"to": [5, 18, 8],
			"faces": {
				"north": {"uv": [5.5, 0.5, 6.5, 1], "texture": "#1"},
				"east": {"uv": [7.5, 6.5, 8, 7], "texture": "#1"},
				"south": {"uv": [5.5, 1, 6.5, 1.5], "texture": "#1"},
				"west": {"uv": [7, 7.5, 7.5, 8], "texture": "#1"},
				"up": {"uv": [6.5, 2, 5.5, 1.5], "texture": "#1"},
				"down": {"uv": [6.5, 2, 5.5, 2.5], "texture": "#1"}
			}
		},
		{
			"from": [6, 17, 7],
			"to": [7, 18, 8],
			"faces": {
				"north": {"uv": [7.5, 7, 8, 7.5], "texture": "#1"},
				"east": {"uv": [7.5, 7.5, 8, 8], "texture": "#1"},
				"south": {"uv": [0, 8, 0.5, 8.5], "texture": "#1"},
				"west": {"uv": [8, 0, 8.5, 0.5], "texture": "#1"},
				"up": {"uv": [1, 8.5, 0.5, 8], "texture": "#1"},
				"down": {"uv": [8.5, 0.5, 8, 1], "texture": "#1"}
			}
		},
		{
			"from": [8, 10, 7],
			"to": [9, 11, 8],
			"faces": {
				"north": {"uv": [1, 8, 1.5, 8.5], "texture": "#1"},
				"east": {"uv": [8, 1, 8.5, 1.5], "texture": "#1"},
				"south": {"uv": [1.5, 8, 2, 8.5], "texture": "#1"},
				"west": {"uv": [8, 1.5, 8.5, 2], "texture": "#1"},
				"up": {"uv": [2.5, 8.5, 2, 8], "texture": "#1"},
				"down": {"uv": [8.5, 2, 8, 2.5], "texture": "#1"}
			}
		},
		{
			"from": [7, 11, 7],
			"to": [11, 12, 8],
			"faces": {
				"north": {"uv": [0, 4, 2, 4.5], "texture": "#1"},
				"east": {"uv": [2.5, 8, 3, 8.5], "texture": "#1"},
				"south": {"uv": [2, 4, 4, 4.5], "texture": "#1"},
				"west": {"uv": [8, 2.5, 8.5, 3], "texture": "#1"},
				"up": {"uv": [6, 4.5, 4, 4], "texture": "#1"},
				"down": {"uv": [2, 4.5, 0, 5], "texture": "#1"}
			}
		},
		{
			"from": [3, 13, 7],
			"to": [7, 14, 8],
			"faces": {
				"north": {"uv": [2, 4.5, 4, 5], "texture": "#1"},
				"east": {"uv": [3, 8, 3.5, 8.5], "texture": "#1"},
				"south": {"uv": [4, 4.5, 6, 5], "texture": "#1"},
				"west": {"uv": [8, 3, 8.5, 3.5], "texture": "#1"},
				"up": {"uv": [2, 5.5, 0, 5], "texture": "#1"},
				"down": {"uv": [7, 0, 5, 0.5], "texture": "#1"}
			}
		},
		{
			"from": [8, 16, 7],
			"to": [9, 17, 8],
			"faces": {
				"north": {"uv": [3.5, 8, 4, 8.5], "texture": "#1"},
				"east": {"uv": [8, 3.5, 8.5, 4], "texture": "#1"},
				"south": {"uv": [4, 8, 4.5, 8.5], "texture": "#1"},
				"west": {"uv": [8, 4, 8.5, 4.5], "texture": "#1"},
				"up": {"uv": [5, 8.5, 4.5, 8], "texture": "#1"},
				"down": {"uv": [8.5, 4.5, 8, 5], "texture": "#1"}
			}
		},
		{
			"from": [7, 15, 7],
			"to": [10, 16, 8],
			"faces": {
				"north": {"uv": [3, 5, 4.5, 5.5], "texture": "#1"},
				"east": {"uv": [5, 8, 5.5, 8.5], "texture": "#1"},
				"south": {"uv": [5, 3.5, 6.5, 4], "texture": "#1"},
				"west": {"uv": [8, 5, 8.5, 5.5], "texture": "#1"},
				"up": {"uv": [6, 5.5, 4.5, 5], "texture": "#1"},
				"down": {"uv": [1.5, 5.5, 0, 6], "texture": "#1"}
			}
		},
		{
			"from": [7, 16, 7],
			"to": [8, 17, 8],
			"faces": {
				"north": {"uv": [5.5, 8, 6, 8.5], "texture": "#1"},
				"east": {"uv": [8, 5.5, 8.5, 6], "texture": "#1"},
				"south": {"uv": [6, 8, 6.5, 8.5], "texture": "#1"},
				"west": {"uv": [8, 6, 8.5, 6.5], "texture": "#1"},
				"up": {"uv": [7, 8.5, 6.5, 8], "texture": "#1"},
				"down": {"uv": [8.5, 6.5, 8, 7], "texture": "#1"}
			}
		},
		{
			"from": [9, 16, 7],
			"to": [10, 17, 8],
			"faces": {
				"north": {"uv": [7, 8, 7.5, 8.5], "texture": "#1"},
				"east": {"uv": [8, 7, 8.5, 7.5], "texture": "#1"},
				"south": {"uv": [7.5, 8, 8, 8.5], "texture": "#1"},
				"west": {"uv": [8, 7.5, 8.5, 8], "texture": "#1"},
				"up": {"uv": [8.5, 8.5, 8, 8], "texture": "#1"},
				"down": {"uv": [0.5, 8.5, 0, 9], "texture": "#1"}
			}
		},
		{
			"from": [10, 15, 7],
			"to": [11, 16, 8],
			"faces": {
				"north": {"uv": [8.5, 0, 9, 0.5], "texture": "#1"},
				"east": {"uv": [0.5, 8.5, 1, 9], "texture": "#1"},
				"south": {"uv": [8.5, 0.5, 9, 1], "texture": "#1"},
				"west": {"uv": [1, 8.5, 1.5, 9], "texture": "#1"},
				"up": {"uv": [9, 1.5, 8.5, 1], "texture": "#1"},
				"down": {"uv": [2, 8.5, 1.5, 9], "texture": "#1"}
			}
		},
		{
			"from": [11, 15, 7],
			"to": [12, 16, 8],
			"faces": {
				"north": {"uv": [8.5, 1.5, 9, 2], "texture": "#1"},
				"east": {"uv": [2, 8.5, 2.5, 9], "texture": "#1"},
				"south": {"uv": [8.5, 2, 9, 2.5], "texture": "#1"},
				"west": {"uv": [2.5, 8.5, 3, 9], "texture": "#1"},
				"up": {"uv": [9, 3, 8.5, 2.5], "texture": "#1"},
				"down": {"uv": [3.5, 8.5, 3, 9], "texture": "#1"}
			}
		},
		{
			"from": [7, 10, 7],
			"to": [8, 11, 8],
			"faces": {
				"north": {"uv": [8.5, 3, 9, 3.5], "texture": "#1"},
				"east": {"uv": [3.5, 8.5, 4, 9], "texture": "#1"},
				"south": {"uv": [8.5, 3.5, 9, 4], "texture": "#1"},
				"west": {"uv": [4, 8.5, 4.5, 9], "texture": "#1"},
				"up": {"uv": [9, 4.5, 8.5, 4], "texture": "#1"},
				"down": {"uv": [5, 8.5, 4.5, 9], "texture": "#1"}
			}
		},
		{
			"from": [10, 10, 7],
			"to": [11, 11, 8],
			"faces": {
				"north": {"uv": [8.5, 4.5, 9, 5], "texture": "#1"},
				"east": {"uv": [5, 8.5, 5.5, 9], "texture": "#1"},
				"south": {"uv": [8.5, 5, 9, 5.5], "texture": "#1"},
				"west": {"uv": [5.5, 8.5, 6, 9], "texture": "#1"},
				"up": {"uv": [9, 6, 8.5, 5.5], "texture": "#1"},
				"down": {"uv": [6.5, 8.5, 6, 9], "texture": "#1"}
			}
		},
		{
			"from": [9, 10, 7],
			"to": [10, 11, 8],
			"faces": {
				"north": {"uv": [8.5, 6, 9, 6.5], "texture": "#1"},
				"east": {"uv": [6.5, 8.5, 7, 9], "texture": "#1"},
				"south": {"uv": [8.5, 6.5, 9, 7], "texture": "#1"},
				"west": {"uv": [7, 8.5, 7.5, 9], "texture": "#1"},
				"up": {"uv": [9, 7.5, 8.5, 7], "texture": "#1"},
				"down": {"uv": [8, 8.5, 7.5, 9], "texture": "#1"}
			}
		},
		{
			"from": [18.5, 7.5, 7],
			"to": [19.5, 8.5, 8],
			"rotation": {"angle": 0, "axis": "z", "origin": [19, 8.5, 7.5]},
			"faces": {
				"north": {"uv": [1.5, 5.5, 2, 6], "rotation": 90, "texture": "#2"},
				"east": {"uv": [4.5, 5.5, 4, 6], "rotation": 270, "texture": "#2"},
				"south": {"uv": [3, 5.5, 3.5, 6], "rotation": 270, "texture": "#2"},
				"west": {"uv": [4, 6, 3.5, 5.5], "rotation": 270, "texture": "#2"},
				"up": {"uv": [5.5, 2.5, 6, 3], "rotation": 270, "texture": "#2"},
				"down": {"uv": [5.5, 3, 6, 3.5], "rotation": 270, "texture": "#2"}
			}
		},
		{
			"from": [12.5, 7.5, 7],
			"to": [13.5, 8.5, 8],
			"rotation": {"angle": 0, "axis": "z", "origin": [19, 8.5, 7.5]},
			"faces": {
				"north": {"uv": [4.5, 5.5, 5, 6], "rotation": 90, "texture": "#2"},
				"east": {"uv": [1.5, 6, 1, 6.5], "rotation": 270, "texture": "#2"},
				"south": {"uv": [5.5, 5.5, 6, 6], "rotation": 270, "texture": "#2"},
				"west": {"uv": [1, 6.5, 0.5, 6], "rotation": 270, "texture": "#2"},
				"up": {"uv": [5, 5.5, 5.5, 6], "rotation": 270, "texture": "#2"},
				"down": {"uv": [0, 6, 0.5, 6.5], "rotation": 270, "texture": "#2"}
			}
		},
		{
			"from": [12.5, 8.5, 7],
			"to": [13.5, 9.5, 8],
			"rotation": {"angle": 0, "axis": "z", "origin": [19, 8.5, 7.5]},
			"faces": {
				"north": {"uv": [1.5, 6, 2, 6.5], "rotation": 90, "texture": "#2"},
				"east": {"uv": [4.5, 6, 4, 6.5], "rotation": 270, "texture": "#2"},
				"south": {"uv": [3, 6, 3.5, 6.5], "rotation": 270, "texture": "#2"},
				"west": {"uv": [4, 6.5, 3.5, 6], "rotation": 270, "texture": "#2"},
				"up": {"uv": [6, 2.5, 6.5, 3], "rotation": 270, "texture": "#2"},
				"down": {"uv": [6, 3, 6.5, 3.5], "rotation": 270, "texture": "#2"}
			}
		},
		{
			"from": [17.5, 6.5, 7],
			"to": [18.5, 7.5, 8],
			"rotation": {"angle": 0, "axis": "z", "origin": [19, 8.5, 7.5]},
			"faces": {
				"north": {"uv": [6, 4, 6.5, 4.5], "rotation": 90, "texture": "#2"},
				"east": {"uv": [6, 6, 5.5, 6.5], "rotation": 270, "texture": "#2"},
				"south": {"uv": [6, 4.5, 6.5, 5], "rotation": 270, "texture": "#2"},
				"west": {"uv": [6.5, 5.5, 6, 5], "rotation": 270, "texture": "#2"},
				"up": {"uv": [4.5, 6, 5, 6.5], "rotation": 270, "texture": "#2"},
				"down": {"uv": [5, 6, 5.5, 6.5], "rotation": 270, "texture": "#2"}
			}
		},
		{
			"from": [16.5, 5.5, 7],
			"to": [17.5, 6.5, 8],
			"rotation": {"angle": 0, "axis": "z", "origin": [19, 8.5, 7.5]},
			"faces": {
				"north": {"uv": [6, 5.5, 6.5, 6], "rotation": 90, "texture": "#2"},
				"east": {"uv": [1.5, 6.5, 1, 7], "rotation": 270, "texture": "#2"},
				"south": {"uv": [0, 6.5, 0.5, 7], "rotation": 270, "texture": "#2"},
				"west": {"uv": [7, 1, 6.5, 0.5], "rotation": 270, "texture": "#2"},
				"up": {"uv": [6, 6, 6.5, 6.5], "rotation": 270, "texture": "#2"},
				"down": {"uv": [0.5, 6.5, 1, 7], "rotation": 270, "texture": "#2"}
			}
		},
		{
			"from": [15.5, 5.5, 7],
			"to": [16.5, 6.5, 8],
			"rotation": {"angle": 0, "axis": "z", "origin": [19, 8.5, 7.5]},
			"faces": {
				"north": {"uv": [6.5, 1, 7, 1.5], "rotation": 90, "texture": "#2"},
				"east": {"uv": [3, 6.5, 2.5, 7], "rotation": 270, "texture": "#2"},
				"south": {"uv": [6.5, 1.5, 7, 2], "rotation": 270, "texture": "#2"},
				"west": {"uv": [7, 2.5, 6.5, 2], "rotation": 270, "texture": "#2"},
				"up": {"uv": [1.5, 6.5, 2, 7], "rotation": 270, "texture": "#2"},
				"down": {"uv": [2, 6.5, 2.5, 7], "rotation": 270, "texture": "#2"}
			}
		},
		{
			"from": [14.5, 5.5, 7],
			"to": [15.5, 6.5, 8],
			"rotation": {"angle": 0, "axis": "z", "origin": [19, 8.5, 7.5]},
			"faces": {
				"north": {"uv": [6.5, 2.5, 7, 3], "rotation": 90, "texture": "#2"},
				"east": {"uv": [4.5, 6.5, 4, 7], "rotation": 270, "texture": "#2"},
				"south": {"uv": [6.5, 3, 7, 3.5], "rotation": 270, "texture": "#2"},
				"west": {"uv": [7, 4, 6.5, 3.5], "rotation": 270, "texture": "#2"},
				"up": {"uv": [3, 6.5, 3.5, 7], "rotation": 270, "texture": "#2"},
				"down": {"uv": [3.5, 6.5, 4, 7], "rotation": 270, "texture": "#2"}
			}
		},
		{
			"from": [14.5, 6.5, 7],
			"to": [17.5, 11.5, 8],
			"rotation": {"angle": 0, "axis": "z", "origin": [19, 8.5, 7.5]},
			"faces": {
				"north": {"uv": [0, 0, 2.5, 1.5], "rotation": 90, "texture": "#2"},
				"east": {"uv": [5, 3, 2.5, 3.5], "rotation": 270, "texture": "#2"},
				"south": {"uv": [0, 1.5, 2.5, 3], "rotation": 270, "texture": "#2"},
				"west": {"uv": [2.5, 3.5, 0, 3], "rotation": 270, "texture": "#2"},
				"up": {"uv": [5, 0.5, 5.5, 2], "rotation": 270, "texture": "#2"},
				"down": {"uv": [2, 5, 2.5, 6.5], "rotation": 270, "texture": "#2"}
			}
		},
		{
			"from": [16.5, 11.5, 7],
			"to": [19.5, 16.5, 8],
			"rotation": {"angle": 0, "axis": "z", "origin": [19, 8.5, 7.5]},
			"faces": {
				"north": {"uv": [2.5, 0, 5, 1.5], "rotation": 90, "texture": "#2"},
				"east": {"uv": [5, 3.5, 2.5, 4], "rotation": 270, "texture": "#2"},
				"south": {"uv": [2.5, 1.5, 5, 3], "rotation": 270, "texture": "#2"},
				"west": {"uv": [2.5, 4, 0, 3.5], "rotation": 270, "texture": "#2"},
				"up": {"uv": [5, 2, 5.5, 3.5], "rotation": 270, "texture": "#2"},
				"down": {"uv": [2.5, 5, 3, 6.5], "rotation": 270, "texture": "#2"}
			}
		},
		{
			"from": [16.5, 16.5, 7],
			"to": [17.5, 17.5, 8],
			"rotation": {"angle": 0, "axis": "z", "origin": [19, 8.5, 7.5]},
			"faces": {
				"north": {"uv": [6.5, 4, 7, 4.5], "rotation": 90, "texture": "#2"},
				"east": {"uv": [6, 6.5, 5.5, 7], "rotation": 270, "texture": "#2"},
				"south": {"uv": [6.5, 4.5, 7, 5], "rotation": 270, "texture": "#2"},
				"west": {"uv": [7, 5.5, 6.5, 5], "rotation": 270, "texture": "#2"},
				"up": {"uv": [4.5, 6.5, 5, 7], "rotation": 270, "texture": "#2"},
				"down": {"uv": [5, 6.5, 5.5, 7], "rotation": 270, "texture": "#2"}
			}
		},
		{
			"from": [17.5, 16.5, 7],
			"to": [18.5, 17.5, 8],
			"rotation": {"angle": 0, "axis": "z", "origin": [19, 8.5, 7.5]},
			"faces": {
				"north": {"uv": [6.5, 5.5, 7, 6], "rotation": 90, "texture": "#2"},
				"east": {"uv": [7.5, 0, 7, 0.5], "rotation": 270, "texture": "#2"},
				"south": {"uv": [6.5, 6, 7, 6.5], "rotation": 270, "texture": "#2"},
				"west": {"uv": [0.5, 7.5, 0, 7], "rotation": 270, "texture": "#2"},
				"up": {"uv": [6, 6.5, 6.5, 7], "rotation": 270, "texture": "#2"},
				"down": {"uv": [6.5, 6.5, 7, 7], "rotation": 270, "texture": "#2"}
			}
		},
		{
			"from": [18.5, 16.5, 7],
			"to": [19.5, 17.5, 8],
			"rotation": {"angle": 0, "axis": "z", "origin": [19, 8.5, 7.5]},
			"faces": {
				"north": {"uv": [0.5, 7, 1, 7.5], "rotation": 90, "texture": "#2"},
				"east": {"uv": [7.5, 1.5, 7, 2], "rotation": 270, "texture": "#2"},
				"south": {"uv": [1, 7, 1.5, 7.5], "rotation": 270, "texture": "#2"},
				"west": {"uv": [2, 7.5, 1.5, 7], "rotation": 270, "texture": "#2"},
				"up": {"uv": [7, 0.5, 7.5, 1], "rotation": 270, "texture": "#2"},
				"down": {"uv": [7, 1, 7.5, 1.5], "rotation": 270, "texture": "#2"}
			}
		},
		{
			"from": [13.5, 6.5, 7],
			"to": [14.5, 7.5, 8],
			"rotation": {"angle": 0, "axis": "z", "origin": [19, 8.5, 7.5]},
			"faces": {
				"north": {"uv": [2, 7, 2.5, 7.5], "rotation": 90, "texture": "#2"},
				"east": {"uv": [7.5, 3, 7, 3.5], "rotation": 270, "texture": "#2"},
				"south": {"uv": [2.5, 7, 3, 7.5], "rotation": 270, "texture": "#2"},
				"west": {"uv": [3.5, 7.5, 3, 7], "rotation": 270, "texture": "#2"},
				"up": {"uv": [7, 2, 7.5, 2.5], "rotation": 270, "texture": "#2"},
				"down": {"uv": [7, 2.5, 7.5, 3], "rotation": 270, "texture": "#2"}
			}
		},
		{
			"from": [18.5, 8.5, 7],
			"to": [19.5, 9.5, 8],
			"rotation": {"angle": 0, "axis": "z", "origin": [19, 8.5, 7.5]},
			"faces": {
				"north": {"uv": [3.5, 7, 4, 7.5], "rotation": 90, "texture": "#2"},
				"east": {"uv": [7.5, 4.5, 7, 5], "rotation": 270, "texture": "#2"},
				"south": {"uv": [4, 7, 4.5, 7.5], "rotation": 270, "texture": "#2"},
				"west": {"uv": [5, 7.5, 4.5, 7], "rotation": 270, "texture": "#2"},
				"up": {"uv": [7, 3.5, 7.5, 4], "rotation": 270, "texture": "#2"},
				"down": {"uv": [7, 4, 7.5, 4.5], "rotation": 270, "texture": "#2"}
			}
		},
		{
			"from": [18.5, 9.5, 7],
			"to": [19.5, 10.5, 8],
			"rotation": {"angle": 0, "axis": "z", "origin": [19, 8.5, 7.5]},
			"faces": {
				"north": {"uv": [5, 7, 5.5, 7.5], "rotation": 90, "texture": "#2"},
				"east": {"uv": [7.5, 6, 7, 6.5], "rotation": 270, "texture": "#2"},
				"south": {"uv": [5.5, 7, 6, 7.5], "rotation": 270, "texture": "#2"},
				"west": {"uv": [6.5, 7.5, 6, 7], "rotation": 270, "texture": "#2"},
				"up": {"uv": [7, 5, 7.5, 5.5], "rotation": 270, "texture": "#2"},
				"down": {"uv": [7, 5.5, 7.5, 6], "rotation": 270, "texture": "#2"}
			}
		},
		{
			"from": [18.5, 10.5, 7],
			"to": [19.5, 11.5, 8],
			"rotation": {"angle": 0, "axis": "z", "origin": [19, 8.5, 7.5]},
			"faces": {
				"north": {"uv": [6.5, 7, 7, 7.5], "rotation": 90, "texture": "#2"},
				"east": {"uv": [1, 7.5, 0.5, 8], "rotation": 270, "texture": "#2"},
				"south": {"uv": [7, 7, 7.5, 7.5], "rotation": 270, "texture": "#2"},
				"west": {"uv": [8, 0.5, 7.5, 0], "rotation": 270, "texture": "#2"},
				"up": {"uv": [7, 6.5, 7.5, 7], "rotation": 270, "texture": "#2"},
				"down": {"uv": [0, 7.5, 0.5, 8], "rotation": 270, "texture": "#2"}
			}
		},
		{
			"from": [19.5, 9.5, 7],
			"to": [20.5, 10.5, 8],
			"rotation": {"angle": 0, "axis": "z", "origin": [19, 8.5, 7.5]},
			"faces": {
				"north": {"uv": [7.5, 0.5, 8, 1], "rotation": 90, "texture": "#2"},
				"east": {"uv": [2.5, 7.5, 2, 8], "rotation": 270, "texture": "#2"},
				"south": {"uv": [7.5, 1, 8, 1.5], "rotation": 270, "texture": "#2"},
				"west": {"uv": [8, 2, 7.5, 1.5], "rotation": 270, "texture": "#2"},
				"up": {"uv": [1, 7.5, 1.5, 8], "rotation": 270, "texture": "#2"},
				"down": {"uv": [1.5, 7.5, 2, 8], "rotation": 270, "texture": "#2"}
			}
		},
		{
			"from": [19.5, 10.5, 7],
			"to": [20.5, 11.5, 8],
			"rotation": {"angle": 0, "axis": "z", "origin": [19, 8.5, 7.5]},
			"faces": {
				"north": {"uv": [7.5, 2, 8, 2.5], "rotation": 90, "texture": "#2"},
				"east": {"uv": [4, 7.5, 3.5, 8], "rotation": 270, "texture": "#2"},
				"south": {"uv": [7.5, 2.5, 8, 3], "rotation": 270, "texture": "#2"},
				"west": {"uv": [8, 3.5, 7.5, 3], "rotation": 270, "texture": "#2"},
				"up": {"uv": [2.5, 7.5, 3, 8], "rotation": 270, "texture": "#2"},
				"down": {"uv": [3, 7.5, 3.5, 8], "rotation": 270, "texture": "#2"}
			}
		},
		{
			"from": [19.5, 15.5, 7],
			"to": [20.5, 16.5, 8],
			"rotation": {"angle": 0, "axis": "z", "origin": [19, 8.5, 7.5]},
			"faces": {
				"north": {"uv": [7.5, 3.5, 8, 4], "rotation": 90, "texture": "#2"},
				"east": {"uv": [5.5, 7.5, 5, 8], "rotation": 270, "texture": "#2"},
				"south": {"uv": [7.5, 4, 8, 4.5], "rotation": 270, "texture": "#2"},
				"west": {"uv": [8, 5, 7.5, 4.5], "rotation": 270, "texture": "#2"},
				"up": {"uv": [4, 7.5, 4.5, 8], "rotation": 270, "texture": "#2"},
				"down": {"uv": [4.5, 7.5, 5, 8], "rotation": 270, "texture": "#2"}
			}
		},
		{
			"from": [13.5, 9.5, 7],
			"to": [14.5, 10.5, 8],
			"rotation": {"angle": 0, "axis": "z", "origin": [19, 8.5, 7.5]},
			"faces": {
				"north": {"uv": [7.5, 5, 8, 5.5], "rotation": 90, "texture": "#2"},
				"east": {"uv": [7, 7.5, 6.5, 8], "rotation": 270, "texture": "#2"},
				"south": {"uv": [7.5, 5.5, 8, 6], "rotation": 270, "texture": "#2"},
				"west": {"uv": [8, 6.5, 7.5, 6], "rotation": 270, "texture": "#2"},
				"up": {"uv": [5.5, 7.5, 6, 8], "rotation": 270, "texture": "#2"},
				"down": {"uv": [6, 7.5, 6.5, 8], "rotation": 270, "texture": "#2"}
			}
		},
		{
			"from": [13.5, 7.5, 7],
			"to": [14.5, 9.5, 8],
			"rotation": {"angle": 0, "axis": "z", "origin": [19, 8.5, 7.5]},
			"faces": {
				"north": {"uv": [5.5, 0.5, 6.5, 1], "rotation": 90, "texture": "#2"},
				"east": {"uv": [6.5, 2, 5.5, 2.5], "rotation": 270, "texture": "#2"},
				"south": {"uv": [5.5, 1, 6.5, 1.5], "rotation": 270, "texture": "#2"},
				"west": {"uv": [6.5, 2, 5.5, 1.5], "rotation": 270, "texture": "#2"},
				"up": {"uv": [7.5, 6.5, 8, 7], "rotation": 270, "texture": "#2"},
				"down": {"uv": [7, 7.5, 7.5, 8], "rotation": 270, "texture": "#2"}
			}
		},
		{
			"from": [13.5, 10.5, 7],
			"to": [14.5, 11.5, 8],
			"rotation": {"angle": 0, "axis": "z", "origin": [19, 8.5, 7.5]},
			"faces": {
				"north": {"uv": [7.5, 7, 8, 7.5], "rotation": 90, "texture": "#2"},
				"east": {"uv": [8.5, 0.5, 8, 1], "rotation": 270, "texture": "#2"},
				"south": {"uv": [0, 8, 0.5, 8.5], "rotation": 270, "texture": "#2"},
				"west": {"uv": [1, 8.5, 0.5, 8], "rotation": 270, "texture": "#2"},
				"up": {"uv": [7.5, 7.5, 8, 8], "rotation": 270, "texture": "#2"},
				"down": {"uv": [8, 0, 8.5, 0.5], "rotation": 270, "texture": "#2"}
			}
		},
		{
			"from": [20.5, 12.5, 7],
			"to": [21.5, 13.5, 8],
			"rotation": {"angle": 0, "axis": "z", "origin": [19, 8.5, 7.5]},
			"faces": {
				"north": {"uv": [1, 8, 1.5, 8.5], "rotation": 90, "texture": "#2"},
				"east": {"uv": [8.5, 2, 8, 2.5], "rotation": 270, "texture": "#2"},
				"south": {"uv": [1.5, 8, 2, 8.5], "rotation": 270, "texture": "#2"},
				"west": {"uv": [2.5, 8.5, 2, 8], "rotation": 270, "texture": "#2"},
				"up": {"uv": [8, 1, 8.5, 1.5], "rotation": 270, "texture": "#2"},
				"down": {"uv": [8, 1.5, 8.5, 2], "rotation": 270, "texture": "#2"}
			}
		},
		{
			"from": [19.5, 11.5, 7],
			"to": [20.5, 15.5, 8],
			"rotation": {"angle": 0, "axis": "z", "origin": [19, 8.5, 7.5]},
			"faces": {
				"north": {"uv": [0, 4, 2, 4.5], "rotation": 90, "texture": "#2"},
				"east": {"uv": [2, 4.5, 0, 5], "rotation": 270, "texture": "#2"},
				"south": {"uv": [2, 4, 4, 4.5], "rotation": 270, "texture": "#2"},
				"west": {"uv": [6, 4.5, 4, 4], "rotation": 270, "texture": "#2"},
				"up": {"uv": [2.5, 8, 3, 8.5], "rotation": 270, "texture": "#2"},
				"down": {"uv": [8, 2.5, 8.5, 3], "rotation": 270, "texture": "#2"}
			}
		},
		{
			"from": [17.5, 7.5, 7],
			"to": [18.5, 11.5, 8],
			"rotation": {"angle": 0, "axis": "z", "origin": [19, 8.5, 7.5]},
			"faces": {
				"north": {"uv": [2, 4.5, 4, 5], "rotation": 90, "texture": "#2"},
				"east": {"uv": [7, 0, 5, 0.5], "rotation": 270, "texture": "#2"},
				"south": {"uv": [4, 4.5, 6, 5], "rotation": 270, "texture": "#2"},
				"west": {"uv": [2, 5.5, 0, 5], "rotation": 270, "texture": "#2"},
				"up": {"uv": [3, 8, 3.5, 8.5], "rotation": 270, "texture": "#2"},
				"down": {"uv": [8, 3, 8.5, 3.5], "rotation": 270, "texture": "#2"}
			}
		},
		{
			"from": [14.5, 12.5, 7],
			"to": [15.5, 13.5, 8],
			"rotation": {"angle": 0, "axis": "z", "origin": [19, 8.5, 7.5]},
			"faces": {
				"north": {"uv": [3.5, 8, 4, 8.5], "rotation": 90, "texture": "#2"},
				"east": {"uv": [8.5, 4.5, 8, 5], "rotation": 270, "texture": "#2"},
				"south": {"uv": [4, 8, 4.5, 8.5], "rotation": 270, "texture": "#2"},
				"west": {"uv": [5, 8.5, 4.5, 8], "rotation": 270, "texture": "#2"},
				"up": {"uv": [8, 3.5, 8.5, 4], "rotation": 270, "texture": "#2"},
				"down": {"uv": [8, 4, 8.5, 4.5], "rotation": 270, "texture": "#2"}
			}
		},
		{
			"from": [15.5, 11.5, 7],
			"to": [16.5, 14.5, 8],
			"rotation": {"angle": 0, "axis": "z", "origin": [19, 8.5, 7.5]},
			"faces": {
				"north": {"uv": [3, 5, 4.5, 5.5], "rotation": 90, "texture": "#2"},
				"east": {"uv": [1.5, 5.5, 0, 6], "rotation": 270, "texture": "#2"},
				"south": {"uv": [5, 3.5, 6.5, 4], "rotation": 270, "texture": "#2"},
				"west": {"uv": [6, 5.5, 4.5, 5], "rotation": 270, "texture": "#2"},
				"up": {"uv": [5, 8, 5.5, 8.5], "rotation": 270, "texture": "#2"},
				"down": {"uv": [8, 5, 8.5, 5.5], "rotation": 270, "texture": "#2"}
			}
		},
		{
			"from": [14.5, 11.5, 7],
			"to": [15.5, 12.5, 8],
			"rotation": {"angle": 0, "axis": "z", "origin": [19, 8.5, 7.5]},
			"faces": {
				"north": {"uv": [5.5, 8, 6, 8.5], "rotation": 90, "texture": "#2"},
				"east": {"uv": [8.5, 6.5, 8, 7], "rotation": 270, "texture": "#2"},
				"south": {"uv": [6, 8, 6.5, 8.5], "rotation": 270, "texture": "#2"},
				"west": {"uv": [7, 8.5, 6.5, 8], "rotation": 270, "texture": "#2"},
				"up": {"uv": [8, 5.5, 8.5, 6], "rotation": 270, "texture": "#2"},
				"down": {"uv": [8, 6, 8.5, 6.5], "rotation": 270, "texture": "#2"}
			}
		},
		{
			"from": [14.5, 13.5, 7],
			"to": [15.5, 14.5, 8],
			"rotation": {"angle": 0, "axis": "z", "origin": [19, 8.5, 7.5]},
			"faces": {
				"north": {"uv": [7, 8, 7.5, 8.5], "rotation": 90, "texture": "#2"},
				"east": {"uv": [0.5, 8.5, 0, 9], "rotation": 270, "texture": "#2"},
				"south": {"uv": [7.5, 8, 8, 8.5], "rotation": 270, "texture": "#2"},
				"west": {"uv": [8.5, 8.5, 8, 8], "rotation": 270, "texture": "#2"},
				"up": {"uv": [8, 7, 8.5, 7.5], "rotation": 270, "texture": "#2"},
				"down": {"uv": [8, 7.5, 8.5, 8], "rotation": 270, "texture": "#2"}
			}
		},
		{
			"from": [15.5, 14.5, 7],
			"to": [16.5, 15.5, 8],
			"rotation": {"angle": 0, "axis": "z", "origin": [19, 8.5, 7.5]},
			"faces": {
				"north": {"uv": [8.5, 0, 9, 0.5], "rotation": 90, "texture": "#2"},
				"east": {"uv": [2, 8.5, 1.5, 9], "rotation": 270, "texture": "#2"},
				"south": {"uv": [8.5, 0.5, 9, 1], "rotation": 270, "texture": "#2"},
				"west": {"uv": [9, 1.5, 8.5, 1], "rotation": 270, "texture": "#2"},
				"up": {"uv": [0.5, 8.5, 1, 9], "rotation": 270, "texture": "#2"},
				"down": {"uv": [1, 8.5, 1.5, 9], "rotation": 270, "texture": "#2"}
			}
		},
		{
			"from": [15.5, 15.5, 7],
			"to": [16.5, 16.5, 8],
			"rotation": {"angle": 0, "axis": "z", "origin": [19, 8.5, 7.5]},
			"faces": {
				"north": {"uv": [8.5, 1.5, 9, 2], "rotation": 90, "texture": "#2"},
				"east": {"uv": [3.5, 8.5, 3, 9], "rotation": 270, "texture": "#2"},
				"south": {"uv": [8.5, 2, 9, 2.5], "rotation": 270, "texture": "#2"},
				"west": {"uv": [9, 3, 8.5, 2.5], "rotation": 270, "texture": "#2"},
				"up": {"uv": [2, 8.5, 2.5, 9], "rotation": 270, "texture": "#2"},
				"down": {"uv": [2.5, 8.5, 3, 9], "rotation": 270, "texture": "#2"}
			}
		},
		{
			"from": [20.5, 11.5, 7],
			"to": [21.5, 12.5, 8],
			"rotation": {"angle": 0, "axis": "z", "origin": [19, 8.5, 7.5]},
			"faces": {
				"north": {"uv": [8.5, 3, 9, 3.5], "rotation": 90, "texture": "#2"},
				"east": {"uv": [5, 8.5, 4.5, 9], "rotation": 270, "texture": "#2"},
				"south": {"uv": [8.5, 3.5, 9, 4], "rotation": 270, "texture": "#2"},
				"west": {"uv": [9, 4.5, 8.5, 4], "rotation": 270, "texture": "#2"},
				"up": {"uv": [3.5, 8.5, 4, 9], "rotation": 270, "texture": "#2"},
				"down": {"uv": [4, 8.5, 4.5, 9], "rotation": 270, "texture": "#2"}
			}
		},
		{
			"from": [20.5, 14.5, 7],
			"to": [21.5, 15.5, 8],
			"rotation": {"angle": 0, "axis": "z", "origin": [19, 8.5, 7.5]},
			"faces": {
				"north": {"uv": [8.5, 4.5, 9, 5], "rotation": 90, "texture": "#2"},
				"east": {"uv": [6.5, 8.5, 6, 9], "rotation": 270, "texture": "#2"},
				"south": {"uv": [8.5, 5, 9, 5.5], "rotation": 270, "texture": "#2"},
				"west": {"uv": [9, 6, 8.5, 5.5], "rotation": 270, "texture": "#2"},
				"up": {"uv": [5, 8.5, 5.5, 9], "rotation": 270, "texture": "#2"},
				"down": {"uv": [5.5, 8.5, 6, 9], "rotation": 270, "texture": "#2"}
			}
		},
		{
			"from": [20.5, 13.5, 7],
			"to": [21.5, 14.5, 8],
			"rotation": {"angle": 0, "axis": "z", "origin": [19, 8.5, 7.5]},
			"faces": {
				"north": {"uv": [8.5, 6, 9, 6.5], "rotation": 90, "texture": "#2"},
				"east": {"uv": [8, 8.5, 7.5, 9], "rotation": 270, "texture": "#2"},
				"south": {"uv": [8.5, 6.5, 9, 7], "rotation": 270, "texture": "#2"},
				"west": {"uv": [9, 7.5, 8.5, 7], "rotation": 270, "texture": "#2"},
				"up": {"uv": [6.5, 8.5, 7, 9], "rotation": 270, "texture": "#2"},
				"down": {"uv": [7, 8.5, 7.5, 9], "rotation": 270, "texture": "#2"}
			}
		}
	],
	"gui_light": "front",
	"display": {
		"thirdperson_righthand": {
			"translation": [-0.5, 1.75, 0.75],
			"scale": [0.2, 0.2, 0.2]
		},
		"thirdperson_lefthand": {
			"translation": [1, 1.75, 0.75],
			"scale": [0.2, 0.2, 0.2]
		},
		"firstperson_righthand": {
			"rotation": [-30, -75, 0],
			"translation": [1.5, 1.5, 0],
			"scale": [0.2, 0.2, 0.2]
		},
		"firstperson_lefthand": {
			"rotation": [-30, -75, 0],
			"translation": [3, 1.5, 0],
			"scale": [0.2, 0.2, 0.2]
		},
		"ground": {
			"translation": [0, 2, 0],
			"scale": [0.3, 0.3, 0.3]
		},
		"gui": {
			"translation": [-1.5, -0.75, 0],
			"scale": [0.5, 0.5, 0.5]
		},
		"fixed": {
			"translation": [-0.75, -0.5, 0],
			"scale": [0.3, 0.3, 0.6]
		}
	},
	"groups": [
		{
			"name": "beans",
			"origin": [8, 8, 8],
			"color": 0,
			"children": []
		},
		{
			"name": "Bean",
			"origin": [0, 0, 0],
			"color": 0,
			"children": [0, 1, 2, 3, 4, 5, 6, 7, 8, 9, 10, 11, 12, 13, 14, 15, 16, 17, 18, 19, 20, 21, 22, 23, 24, 25, 26, 27, 28, 29, 30, 31, 32, 33]
		},
		{
			"name": "Bean",
			"origin": [0, 0, 0],
			"color": 0,
			"children": [34, 35, 36, 37, 38, 39, 40, 41, 42, 43, 44, 45, 46, 47, 48, 49, 50, 51, 52, 53, 54, 55, 56, 57, 58, 59, 60, 61, 62, 63, 64, 65, 66, 67]
		},
		{
			"name": "Bean",
			"origin": [0, 0, 0],
			"color": 0,
			"children": [68, 69, 70, 71, 72, 73, 74, 75, 76, 77, 78, 79, 80, 81, 82, 83, 84, 85, 86, 87, 88, 89, 90, 91, 92, 93, 94, 95, 96, 97, 98, 99, 100, 101]
		}
	]
}