{
	"credit": "Made with Blockbench",
	"texture_size": [32, 32],
	"textures": {
		"1": "custom/mixing"
	},
	"elements": [
		{
			"from": [6, 0, 7],
			"to": [10, 1, 8],
			"rotation": {"angle": 0, "axis": "y", "origin": [8, 4, 7.5]},
			"faces": {
				"north": {"uv": [4, 6, 6, 6.5], "texture": "#1"},
				"east": {"uv": [3.5, 6.5, 4, 7], "texture": "#1"},
				"south": {"uv": [6, 3.5, 8, 4], "texture": "#1"},
				"west": {"uv": [3, 6.5, 3.5, 7], "texture": "#1"},
				"up": {"uv": [8, 6.5, 6, 6], "rotation": 180, "texture": "#1"},
				"down": {"uv": [2, 6.5, 0, 7], "rotation": 180, "texture": "#1"}
			}
		},
		{
			"from": [4, 1, 7],
			"to": [12, 2, 8],
			"rotation": {"angle": 0, "axis": "y", "origin": [8, 4, 7.5]},
			"faces": {
				"north": {"uv": [6, 0, 10, 0.5], "texture": "#1"},
				"east": {"uv": [4.5, 6.5, 5, 7], "texture": "#1"},
				"south": {"uv": [0, 6, 4, 6.5], "texture": "#1"},
				"west": {"uv": [4, 6.5, 4.5, 7], "texture": "#1"},
				"up": {"uv": [10, 1, 6, 0.5], "rotation": 180, "texture": "#1"},
				"down": {"uv": [10, 1, 6, 1.5], "rotation": 180, "texture": "#1"}
			}
		},
		{
			"from": [5, 7, 7],
			"to": [11, 8, 8],
			"rotation": {"angle": 0, "axis": "y", "origin": [8, 4, 7.5]},
			"faces": {
				"north": {"uv": [6, 2, 9, 2.5], "texture": "#1"},
				"east": {"uv": [5.5, 6.5, 6, 7], "texture": "#1"},
				"south": {"uv": [6, 1.5, 9, 2], "texture": "#1"},
				"west": {"uv": [5, 6.5, 5.5, 7], "texture": "#1"},
				"up": {"uv": [9, 3, 6, 2.5], "rotation": 180, "texture": "#1"},
				"down": {"uv": [9, 3, 6, 3.5], "rotation": 180, "texture": "#1"}
			}
		},
		{
			"from": [3, 2, 7],
			"to": [13, 3, 8],
			"rotation": {"angle": 0, "axis": "y", "origin": [8, 4, 7.5]},
			"faces": {
				"north": {"uv": [0, 4.5, 5, 5], "texture": "#1"},
				"east": {"uv": [6.5, 6.5, 7, 7], "texture": "#1"},
				"south": {"uv": [0, 4, 5, 4.5], "texture": "#1"},
				"west": {"uv": [6, 6.5, 6.5, 7], "texture": "#1"},
				"up": {"uv": [5, 5.5, 0, 5], "rotation": 180, "texture": "#1"},
				"down": {"uv": [10, 4, 5, 4.5], "rotation": 180, "texture": "#1"}
			}
		},
		{
			"from": [3, 6, 7],
			"to": [13, 7, 8],
			"rotation": {"angle": 0, "axis": "y", "origin": [8, 4, 7.5]},
			"faces": {
				"north": {"uv": [5, 5, 10, 5.5], "texture": "#1"},
				"east": {"uv": [0.5, 7, 1, 7.5], "texture": "#1"},
				"south": {"uv": [5, 4.5, 10, 5], "texture": "#1"},
				"west": {"uv": [0, 7, 0.5, 7.5], "texture": "#1"},
				"up": {"uv": [5, 6, 0, 5.5], "rotation": 180, "texture": "#1"},
				"down": {"uv": [10, 5.5, 5, 6], "rotation": 180, "texture": "#1"}
			}
		},
		{
			"from": [2, 3, 7],
			"to": [14, 6, 8],
			"rotation": {"angle": 0, "axis": "y", "origin": [8, 4, 7.5]},
			"faces": {
				"north": {"uv": [0, 1.5, 6, 3], "texture": "#1"},
				"east": {"uv": [2.5, 6.5, 3, 8], "texture": "#1"},
				"south": {"uv": [0, 0, 6, 1.5], "texture": "#1"},
				"west": {"uv": [2, 6.5, 2.5, 8], "texture": "#1"},
				"up": {"uv": [6, 3.5, 0, 3], "rotation": 180, "texture": "#1"},
				"down": {"uv": [6, 3.5, 0, 4], "rotation": 180, "texture": "#1"}
			}
		}
	],
	"gui_light": "front",
	"display": {
		"thirdperson_righthand": {
			"translation": [0, 4.75, 1.25],
			"scale": [0.55, 0.55, 0.55]
		},
		"thirdperson_lefthand": {
			"translation": [0, 4.75, 1.25],
			"scale": [0.55, 0.55, 0.55]
		},
		"firstperson_righthand": {
			"rotation": [0, -90, 25],
			"translation": [-0.75, 5.5, 2],
			"scale": [0.55, 0.55, 0.6]
		},
		"firstperson_lefthand": {
			"rotation": [0, -90, 25],
			"translation": [-0.75, 5.5, 2],
			"scale": [0.55, 0.55, 0.6]
		},
		"ground": {
			"translation": [0, 3.25, 0],
			"scale": [0.5, 0.5, 0.5]
		},
		"gui": {
			"translation": [0, 3, 0]
		},
		"fixed": {
			"rotation": [0, 180, 0],
			"translation": [0, 3, 0]
		}
	},
	"groups": [
		{
			"name": "Beagleblocks",
			"origin": [0, 0, 0],
			"color": 0,
			"children": [0, 1, 2, 3, 4, 5]
		}
	]
}