{
	"format_version": "1.21.6",
	"credit": "Made with Blockbench",
	"textures": {
		"1": "custom/platter_green"
	},
	"elements": [
		{
			"name": "bottom",
			"from": [4.5, 0.5, 4.5],
			"to": [11.5, 1, 11.5],
			"rotation": {"angle": 0, "axis": "y", "origin": [8.5, 0, 9.5]},
			"faces": {
				"north": {"uv": [8, 0, 16, 1], "texture": "#1"},
				"east": {"uv": [8, 1, 16, 2], "texture": "#1"},
				"south": {"uv": [8, 2, 16, 3], "texture": "#1"},
				"west": {"uv": [8, 3, 16, 4], "texture": "#1"},
				"up": {"uv": [8, 8, 0, 0], "texture": "#1"},
				"down": {"uv": [8, 8, 0, 16], "texture": "#1"}
			}
		},
		{
			"name": "bottom",
			"from": [5.5, 0, 5.5],
			"to": [10.5, 0.5, 10.5],
			"rotation": {"angle": 0, "axis": "y", "origin": [8.5, -0.5, 9.5]},
			"faces": {
				"north": {"uv": [8, 0, 16, 1], "texture": "#1"},
				"east": {"uv": [8, 1, 16, 2], "texture": "#1"},
				"south": {"uv": [8, 2, 16, 3], "texture": "#1"},
				"west": {"uv": [8, 3, 16, 4], "texture": "#1"},
				"up": {"uv": [8, 8, 0, 0], "texture": "#1"},
				"down": {"uv": [8, 8, 0, 16], "texture": "#1"}
			}
		}
	],
	"display": {
		"thirdperson_righthand": {
			"rotation": [90, 0, 0],
			"translation": [0, 3.5, 2],
			"scale": [0.3, 0.2, 0.3]
		},
		"thirdperson_lefthand": {
			"rotation": [90, 0, 0],
			"translation": [0, 3.5, 2],
			"scale": [0.3, 0.2, 0.3]
		},
		"firstperson_righthand": {
			"rotation": [90, -60, 90],
			"translation": [0.25, 3.25, 2],
			"scale": [0.3, 0.2, 0.3]
		},
		"firstperson_lefthand": {
			"rotation": [90, -60, 90],
			"translation": [0.25, 3.25, 2],
			"scale": [0.3, 0.2, 0.3]
		},
		"ground": {
			"rotation": [90, 90, -90],
			"translation": [0, 4, 0],
			"scale": [0.3, 0.2, 0.3]
		},
		"gui": {
			"rotation": [30, 45, 0],
			"translation": [0.5, 1.25, -2],
			"scale": [1.2, 0.8, 1.2]
		},
		"head": {
			"rotation": [0, 45, 0],
			"translation": [0, -36, 0],
			"scale": [1.27, 1, 1.27]
		},
		"fixed": {
			"rotation": [-90, 45, 0],
			"translation": [0.5, 0.5, -3.75],
			"scale": [0.8, 0.6, 0.8]
		}
	},
	"groups": [
		{
			"name": "box",
			"origin": [8, 8, 8],
			"color": 0,
			"children": [0, 1]
		}
	]
}