{
	"format_version": "1.21.6",
	"credit": "Made with Blockbench",
	"texture_size": [128, 128],
	"textures": {
		"1": "custom/pumpkin_pie_sb",
		"particle": "custom/pumpkin_pie"
	},
	"elements": [
		{
			"from": [14, 2, 5.25],
			"to": [15, 4, 10.25],
			"rotation": {"angle": 0, "axis": "x", "origin": [7, 6.5, 8]},
			"faces": {
				"north": {"uv": [4.5, 10, 4, 10.5], "texture": "#1"},
				"east": {"uv": [2, 6.5, 2.5, 9], "rotation": 270, "texture": "#1"},
				"south": {"uv": [10.5, 2.5, 10, 2], "rotation": 180, "texture": "#1"},
				"west": {"uv": [1, 6.5, 1.5, 9], "rotation": 90, "texture": "#1"},
				"up": {"uv": [1.5, 6.5, 2, 9], "rotation": 180, "texture": "#1"},
				"down": {"uv": [4, 5, 4.5, 7.5], "texture": "#1"}
			}
		},
		{
			"from": [6, 2, 3.25],
			"to": [7, 4, 6.25],
			"rotation": {"angle": 0, "axis": "x", "origin": [7, 6.5, 8]},
			"faces": {
				"north": {"uv": [5.5, 10, 5, 10.5], "texture": "#1"},
				"east": {"uv": [3.5, 9, 4, 10.5], "rotation": 270, "texture": "#1"},
				"south": {"uv": [5, 10.5, 4.5, 10], "rotation": 180, "texture": "#1"},
				"west": {"uv": [2.5, 9, 3, 10.5], "rotation": 90, "texture": "#1"},
				"up": {"uv": [3, 9, 3.5, 10.5], "rotation": 180, "texture": "#1"},
				"down": {"uv": [2, 9, 2.5, 10.5], "texture": "#1"}
			}
		},
		{
			"from": [1, 2, 5.25],
			"to": [2, 4, 10.25],
			"rotation": {"angle": 0, "axis": "x", "origin": [7, 6.5, 8]},
			"faces": {
				"north": {"uv": [6.5, 10, 6, 10.5], "texture": "#1"},
				"east": {"uv": [4.5, 6.5, 5, 9], "rotation": 270, "texture": "#1"},
				"south": {"uv": [6, 10.5, 5.5, 10], "rotation": 180, "texture": "#1"},
				"west": {"uv": [3, 6.5, 3.5, 9], "rotation": 90, "texture": "#1"},
				"up": {"uv": [3.5, 6.5, 4, 9], "rotation": 180, "texture": "#1"},
				"down": {"uv": [2.5, 6.5, 3, 9], "texture": "#1"}
			}
		},
		{
			"from": [13, 2, 10.25],
			"to": [14, 4, 11.25],
			"rotation": {"angle": 0, "axis": "x", "origin": [7, 6.5, 8]},
			"faces": {
				"north": {"uv": [9, 10, 8.5, 10.5], "texture": "#1"},
				"east": {"uv": [8, 10, 8.5, 10.5], "rotation": 270, "texture": "#1"},
				"south": {"uv": [10.5, 8.5, 10, 8], "rotation": 180, "texture": "#1"},
				"west": {"uv": [7, 10, 7.5, 10.5], "rotation": 90, "texture": "#1"},
				"up": {"uv": [7.5, 10, 8, 10.5], "rotation": 180, "texture": "#1"},
				"down": {"uv": [6.5, 10, 7, 10.5], "texture": "#1"}
			}
		},
		{
			"from": [13, 2, 4.25],
			"to": [14, 4, 5.25],
			"rotation": {"angle": 0, "axis": "x", "origin": [7, 6.5, 8]},
			"faces": {
				"north": {"uv": [1.5, 10.5, 1, 11], "texture": "#1"},
				"east": {"uv": [0, 10.5, 0.5, 11], "rotation": 270, "texture": "#1"},
				"south": {"uv": [1, 11, 0.5, 10.5], "rotation": 180, "texture": "#1"},
				"west": {"uv": [9.5, 10, 10, 10.5], "rotation": 90, "texture": "#1"},
				"up": {"uv": [10, 10, 10.5, 10.5], "rotation": 180, "texture": "#1"},
				"down": {"uv": [10, 8.5, 10.5, 9], "texture": "#1"}
			}
		},
		{
			"from": [11, 2, 3.25],
			"to": [13, 4, 4.25],
			"rotation": {"angle": 0, "axis": "x", "origin": [7, 6.5, 8]},
			"faces": {
				"north": {"uv": [5, 9.5, 4, 10], "texture": "#1"},
				"east": {"uv": [1.5, 10.5, 2, 11], "rotation": 270, "texture": "#1"},
				"south": {"uv": [10.5, 4, 9.5, 3.5], "rotation": 180, "texture": "#1"},
				"west": {"uv": [10.5, 1, 11, 1.5], "rotation": 90, "texture": "#1"},
				"up": {"uv": [0, 9.5, 1, 10], "rotation": 180, "texture": "#1"},
				"down": {"uv": [6, 9, 7, 9.5], "texture": "#1"}
			}
		},
		{
			"from": [2, 2, 10.25],
			"to": [3, 4, 11.25],
			"rotation": {"angle": 0, "axis": "x", "origin": [7, 6.5, 8]},
			"faces": {
				"north": {"uv": [4, 10.5, 3.5, 11], "texture": "#1"},
				"east": {"uv": [2.5, 10.5, 3, 11], "rotation": 270, "texture": "#1"},
				"south": {"uv": [3.5, 11, 3, 10.5], "rotation": 180, "texture": "#1"},
				"west": {"uv": [2, 10.5, 2.5, 11], "rotation": 90, "texture": "#1"},
				"up": {"uv": [10.5, 2, 11, 2.5], "rotation": 180, "texture": "#1"},
				"down": {"uv": [10.5, 1.5, 11, 2], "texture": "#1"}
			}
		},
		{
			"from": [11, 2, 11.25],
			"to": [13, 4, 12.25],
			"rotation": {"angle": 0, "axis": "x", "origin": [7, 6.5, 8]},
			"faces": {
				"north": {"uv": [10.5, 5, 9.5, 5.5], "texture": "#1"},
				"east": {"uv": [4, 10.5, 4.5, 11], "rotation": 270, "texture": "#1"},
				"south": {"uv": [6, 10, 5, 9.5], "rotation": 180, "texture": "#1"},
				"west": {"uv": [10.5, 3.5, 11, 4], "rotation": 90, "texture": "#1"},
				"up": {"uv": [9.5, 4.5, 10.5, 5], "rotation": 180, "texture": "#1"},
				"down": {"uv": [9.5, 4, 10.5, 4.5], "texture": "#1"}
			}
		},
		{
			"from": [3, 2, 11.25],
			"to": [5, 4, 12.25],
			"rotation": {"angle": 0, "axis": "x", "origin": [7, 6.5, 8]},
			"faces": {
				"north": {"uv": [8, 9.5, 7, 10], "texture": "#1"},
				"east": {"uv": [4.5, 10.5, 5, 11], "rotation": 270, "texture": "#1"},
				"south": {"uv": [10.5, 6.5, 9.5, 6], "rotation": 180, "texture": "#1"},
				"west": {"uv": [10.5, 4, 11, 4.5], "rotation": 90, "texture": "#1"},
				"up": {"uv": [6, 9.5, 7, 10], "rotation": 180, "texture": "#1"},
				"down": {"uv": [9.5, 5.5, 10.5, 6], "texture": "#1"}
			}
		},
		{
			"from": [2, 2, 4.25],
			"to": [5, 4, 5.25],
			"rotation": {"angle": 0, "axis": "x", "origin": [7, 6.5, 8]},
			"faces": {
				"north": {"uv": [10.5, 7, 9, 7.5], "texture": "#1"},
				"east": {"uv": [5, 10.5, 5.5, 11], "rotation": 270, "texture": "#1"},
				"south": {"uv": [10.5, 7, 9, 6.5], "rotation": 180, "texture": "#1"},
				"west": {"uv": [10.5, 4.5, 11, 5], "rotation": 90, "texture": "#1"},
				"up": {"uv": [4.5, 9, 6, 9.5], "rotation": 180, "texture": "#1"},
				"down": {"uv": [8.5, 2, 10, 2.5], "texture": "#1"}
			}
		},
		{
			"from": [5, 2, 5.25],
			"to": [6, 4, 6.25],
			"rotation": {"angle": 0, "axis": "x", "origin": [7, 6.5, 8]},
			"faces": {
				"north": {"uv": [7, 10.5, 6.5, 11], "texture": "#1"},
				"east": {"uv": [6, 10.5, 6.5, 11], "rotation": 270, "texture": "#1"},
				"south": {"uv": [11, 6.5, 10.5, 6], "rotation": 180, "texture": "#1"},
				"west": {"uv": [5.5, 10.5, 6, 11], "rotation": 90, "texture": "#1"},
				"up": {"uv": [10.5, 5.5, 11, 6], "rotation": 180, "texture": "#1"},
				"down": {"uv": [10.5, 5, 11, 5.5], "texture": "#1"}
			}
		},
		{
			"from": [7, 2, 2.25],
			"to": [11, 4, 3.25],
			"rotation": {"angle": 0, "axis": "x", "origin": [7, 6.5, 8]},
			"faces": {
				"north": {"uv": [9.5, 0.5, 7.5, 1], "texture": "#1"},
				"east": {"uv": [7, 10.5, 7.5, 11], "rotation": 270, "texture": "#1"},
				"south": {"uv": [9.5, 0.5, 7.5, 0], "rotation": 180, "texture": "#1"},
				"west": {"uv": [10.5, 6.5, 11, 7], "rotation": 90, "texture": "#1"},
				"up": {"uv": [7, 7, 9, 7.5], "rotation": 180, "texture": "#1"},
				"down": {"uv": [7, 6.5, 9, 7], "texture": "#1"}
			}
		},
		{
			"from": [5, 2, 12.25],
			"to": [11, 4, 13.25],
			"rotation": {"angle": 0, "axis": "x", "origin": [7, 6.5, 8]},
			"faces": {
				"north": {"uv": [8.5, 4.5, 5.5, 5], "texture": "#1"},
				"east": {"uv": [7.5, 10.5, 8, 11], "rotation": 270, "texture": "#1"},
				"south": {"uv": [8.5, 2.5, 5.5, 2], "rotation": 180, "texture": "#1"},
				"west": {"uv": [10.5, 7, 11, 7.5], "rotation": 90, "texture": "#1"},
				"up": {"uv": [5.5, 1.5, 8.5, 2], "rotation": 180, "texture": "#1"},
				"down": {"uv": [5.5, 1, 8.5, 1.5], "texture": "#1"}
			}
		},
		{
			"from": [2, 2, 5.25],
			"to": [5, 4, 10.25],
			"rotation": {"angle": 0, "axis": "x", "origin": [7, 6.5, 8]},
			"faces": {
				"north": {"uv": [11, 0.5, 9.5, 1], "texture": "#1"},
				"east": {"uv": [5.5, 6.5, 6, 9], "rotation": 270, "texture": "#1"},
				"south": {"uv": [11, 0.5, 9.5, 0], "rotation": 180, "texture": "#1"},
				"west": {"uv": [5, 6.5, 5.5, 9], "rotation": 90, "texture": "#1"},
				"up": {"uv": [1.5, 2.5, 3, 5], "rotation": 180, "texture": "#1"},
				"down": {"uv": [0, 2.5, 1.5, 5], "texture": "#1"}
			}
		},
		{
			"from": [5, 2, 6.25],
			"to": [7, 4, 10.25],
			"rotation": {"angle": 0, "axis": "x", "origin": [7, 6.5, 8]},
			"faces": {
				"north": {"uv": [9, 9.5, 8, 10], "texture": "#1"},
				"east": {"uv": [7, 7.5, 7.5, 9.5], "rotation": 270, "texture": "#1"},
				"south": {"uv": [10.5, 8, 9.5, 7.5], "rotation": 180, "texture": "#1"},
				"west": {"uv": [4, 7.5, 4.5, 9.5], "rotation": 90, "texture": "#1"},
				"up": {"uv": [0, 5, 1, 7], "rotation": 180, "texture": "#1"},
				"down": {"uv": [4.5, 4.5, 5.5, 6.5], "texture": "#1"}
			}
		},
		{
			"from": [11, 2, 5.25],
			"to": [14, 4, 10.25],
			"rotation": {"angle": 0, "axis": "x", "origin": [7, 6.5, 8]},
			"faces": {
				"north": {"uv": [11, 3, 9.5, 3.5], "texture": "#1"},
				"east": {"uv": [6.5, 6.5, 7, 9], "rotation": 270, "texture": "#1"},
				"south": {"uv": [11, 3, 9.5, 2.5], "rotation": 180, "texture": "#1"},
				"west": {"uv": [6, 6.5, 6.5, 9], "rotation": 90, "texture": "#1"},
				"up": {"uv": [4, 0, 5.5, 2.5], "rotation": 180, "texture": "#1"},
				"down": {"uv": [3, 2.5, 4.5, 5], "texture": "#1"}
			}
		},
		{
			"from": [7, 2, 5.25],
			"to": [11, 4, 10.25],
			"rotation": {"angle": 0, "axis": "x", "origin": [7, 6.5, 8]},
			"faces": {
				"north": {"uv": [9.5, 8, 7.5, 8.5], "texture": "#1"},
				"east": {"uv": [0.5, 7, 1, 9.5], "rotation": 270, "texture": "#1"},
				"south": {"uv": [9.5, 8, 7.5, 7.5], "rotation": 180, "texture": "#1"},
				"west": {"uv": [0, 7, 0.5, 9.5], "rotation": 90, "texture": "#1"},
				"up": {"uv": [2, 0, 4, 2.5], "rotation": 180, "texture": "#1"},
				"down": {"uv": [0, 0, 2, 2.5], "texture": "#1"}
			}
		},
		{
			"from": [7, 2, 3.25],
			"to": [11, 4, 5.25],
			"rotation": {"angle": 0, "axis": "x", "origin": [7, 6.5, 8]},
			"faces": {
				"north": {"uv": [10.5, 1.5, 8.5, 2], "texture": "#1"},
				"east": {"uv": [9, 9.5, 9.5, 10.5], "rotation": 270, "texture": "#1"},
				"south": {"uv": [10.5, 1.5, 8.5, 1], "rotation": 180, "texture": "#1"},
				"west": {"uv": [9.5, 8, 10, 9], "rotation": 90, "texture": "#1"},
				"up": {"uv": [5.5, 0, 7.5, 1], "rotation": 180, "texture": "#1"},
				"down": {"uv": [1, 5, 3, 6], "texture": "#1"}
			}
		},
		{
			"from": [11, 2, 4.25],
			"to": [13, 4, 5.25],
			"rotation": {"angle": 0, "axis": "x", "origin": [7, 6.5, 8]},
			"faces": {
				"north": {"uv": [2, 10, 1, 10.5], "texture": "#1"},
				"east": {"uv": [8, 10.5, 8.5, 11], "rotation": 270, "texture": "#1"},
				"south": {"uv": [1, 10.5, 0, 10], "rotation": 180, "texture": "#1"},
				"west": {"uv": [10.5, 7.5, 11, 8], "rotation": 90, "texture": "#1"},
				"up": {"uv": [9.5, 9.5, 10.5, 10], "rotation": 180, "texture": "#1"},
				"down": {"uv": [9.5, 9, 10.5, 9.5], "texture": "#1"}
			}
		},
		{
			"from": [3, 2, 10.25],
			"to": [13, 4, 11.25],
			"rotation": {"angle": 0, "axis": "x", "origin": [7, 6.5, 8]},
			"faces": {
				"north": {"uv": [9.5, 4, 4.5, 4.5], "texture": "#1"},
				"east": {"uv": [8.5, 10.5, 9, 11], "rotation": 270, "texture": "#1"},
				"south": {"uv": [9.5, 4, 4.5, 3.5], "rotation": 180, "texture": "#1"},
				"west": {"uv": [10.5, 8, 11, 8.5], "rotation": 90, "texture": "#1"},
				"up": {"uv": [4.5, 3, 9.5, 3.5], "rotation": 180, "texture": "#1"},
				"down": {"uv": [4.5, 2.5, 9.5, 3], "texture": "#1"}
			}
		},
		{
			"from": [5, 2, 11.25],
			"to": [11, 4, 12.25],
			"rotation": {"angle": 0, "axis": "x", "origin": [7, 6.5, 8]},
			"faces": {
				"north": {"uv": [8.5, 6, 5.5, 6.5], "texture": "#1"},
				"east": {"uv": [9, 10.5, 9.5, 11], "rotation": 270, "texture": "#1"},
				"south": {"uv": [4, 6.5, 1, 6], "rotation": 180, "texture": "#1"},
				"west": {"uv": [10.5, 8.5, 11, 9], "rotation": 90, "texture": "#1"},
				"up": {"uv": [5.5, 5.5, 8.5, 6], "rotation": 180, "texture": "#1"},
				"down": {"uv": [5.5, 5, 8.5, 5.5], "texture": "#1"}
			}
		}
	],
	"gui_light": "front",
	"display": {
		"thirdperson_righthand": {
			"rotation": [90, 0, 0],
			"translation": [0, 3.5, 2],
			"scale": [0.3, 0.2, 0.3]
		},
		"thirdperson_lefthand": {
			"rotation": [90, 0, 0],
			"translation": [0, 3.5, 2],
			"scale": [0.3, 0.2, 0.3]
		},
		"firstperson_righthand": {
			"rotation": [-90, 60, 90],
			"translation": [0.25, 3.25, 2],
			"scale": [0.3, 0.2, 0.3]
		},
		"firstperson_lefthand": {
			"rotation": [-90, 60, 90],
			"translation": [0.25, 3.25, 2],
			"scale": [0.3, 0.2, 0.3]
		},
		"ground": {
			"rotation": [90, 90, -90],
			"translation": [0, 4, 0],
			"scale": [0.3, 0.2, 0.3]
		},
		"gui": {
			"rotation": [45, 135, 0],
			"translation": [0.5, 0.5, -2],
			"scale": [0.4, 0.3, 0.4]
		},
		"head": {
			"translation": [-17, -21, -15.75],
			"scale": [1.27, 1, 1.27]
		},
		"fixed": {
			"rotation": [-90, 0, -180],
			"translation": [0, 0.25, 3.75],
			"scale": [0.65, 1, 0.65]
		}
	},
	"groups": [
		{
			"name": "pie",
			"origin": [8, 8, 8],
			"color": 0,
			"children": [
				{
					"name": "Edge",
					"origin": [8, 8, 8],
					"color": 0,
					"children": [0, 1, 2, 3, 4, 5, 6, 7, 8, 9, 10, 11, 12]
				},
				{
					"name": "Inner",
					"origin": [0, 0, 0],
					"color": 0,
					"children": [13, 14, 15, 16, 17, 18, 19, 20]
				}
			]
		}
	]
}