{
	"credit": "Made with Blockbench",
	"texture_size": [32, 32],
	"textures": {
		"2": "custom/crimson_planks",
		"3": "custom/treasure_box_com",
		"4": "custom/lock",
		"particle": "custom/crimson_planks"
	},
	"elements": [
		{
			"from": [0, 0, 0],
			"to": [16, 16, 16],
			"rotation": {"angle": 0, "axis": "y", "origin": [8, 8, 8]},
			"faces": {
				"north": {"uv": [0, 0, 16, 16], "texture": "#2"},
				"east": {"uv": [0, 0, 16, 16], "texture": "#2"},
				"south": {"uv": [0, 0, 16, 16], "texture": "#2"},
				"west": {"uv": [0, 0, 16, 16], "texture": "#2"},
				"up": {"uv": [0, 0, 16, 16], "texture": "#2"},
				"down": {"uv": [0, 0, 16, 16], "texture": "#2"}
			}
		},
		{
			"name": "box",
			"from": [3.4, 16, 3.5],
			"to": [12.4, 19, 11.5],
			"rotation": {"angle": 0, "axis": "y", "origin": [7.9, 17.5, 7.5]},
			"faces": {
				"north": {"uv": [8.125, 2.75, 16, 4.875], "texture": "#3"},
				"east": {"uv": [8, 7.5, 14.75, 9.875], "texture": "#3"},
				"south": {"uv": [16, 2.375, 8, 0], "rotation": 180, "texture": "#3"},
				"west": {"uv": [8, 5, 14.75, 7.375], "texture": "#3"},
				"up": {"uv": [8, 6.8125, 0, 0], "rotation": 180, "texture": "#3"},
				"down": {"uv": [8, 6.8125, 0, 13.5], "rotation": 180, "texture": "#3"}
			}
		},
		{
			"from": [7.6, 17, 11.5],
			"to": [8.2, 18, 11.75],
			"rotation": {"angle": 0, "axis": "y", "origin": [2, 1, -2]},
			"faces": {
				"north": {"uv": [1, 0, 2, 1.5], "texture": "#4"},
				"east": {"uv": [0.5, 1.5, 1, 3], "texture": "#4"},
				"south": {"uv": [0, 0, 1, 1.5], "texture": "#4"},
				"west": {"uv": [0, 1.5, 0.5, 3], "texture": "#4"},
				"up": {"uv": [2, 2, 1, 1.5], "rotation": 180, "texture": "#4"},
				"down": {"uv": [3, 0, 2, 0.5], "rotation": 180, "texture": "#4"}
			}
		}
	],
	"display": {
		"thirdperson_righthand": {
			"rotation": [70, 0, 0],
			"translation": [0, 0, 0.25],
			"scale": [0.3, 0.3, 0.3]
		},
		"thirdperson_lefthand": {
			"rotation": [70, 0, 0],
			"translation": [0, 0, 0.25],
			"scale": [0.3, 0.3, 0.3]
		},
		"firstperson_righthand": {
			"rotation": [40, 40, 0],
			"scale": [0.3, 0.3, 0.3]
		},
		"firstperson_lefthand": {
			"rotation": [40, 40, 0],
			"scale": [0.3, 0.3, 0.3]
		},
		"ground": {
			"translation": [0, 4, 0],
			"scale": [0.25, 0.25, 0.25]
		},
		"gui": {
			"rotation": [45, 45, 0],
			"scale": [0.5, 0.5, 0.5]
		},
		"head": {
			"rotation": [0, 180, 0],
			"translation": [-17, -13.4, -17],
			"scale": [2.15, 2.15, 2.15]
		},
		"fixed": {
			"rotation": [-90, 0, 0],
			"translation": [0, 0, -16],
			"scale": [2.01, 2.01, 2.01]
		}
	},
	"groups": [
		{
			"name": "table",
			"origin": [8, 8, 8],
			"color": 0,
			"children": [0]
		},
		{
			"name": "treasure_box",
			"origin": [8, 8, 8],
			"color": 0,
			"children": [1, 2]
		}
	]
}