{
	"credit": "Made with Blockbench",
	"texture_size": [32, 32],
	"textures": {
		"0": "custom/lumen_beans_sb",
		"particle": "custom/lumen_beans_sb"
	},
	"elements": [
		{
			"from": [4, 0, 4],
			"to": [12, 9, 12],
			"faces": {
				"north": {"uv": [0, 0, 4, 4.5], "texture": "#0"},
				"east": {"uv": [4, 0, 8, 4.5], "texture": "#0"},
				"south": {"uv": [0, 4.5, 4, 9], "texture": "#0"},
				"west": {"uv": [4, 4.5, 8, 9], "texture": "#0"},
				"up": {"uv": [12, 4, 8, 0], "texture": "#0"},
				"down": {"uv": [12, 4, 8, 8], "texture": "#0"}
			}
		},
		{
			"from": [5, 9, 5],
			"to": [11, 10, 11],
			"faces": {
				"north": {"uv": [3, 11, 6, 11.5], "texture": "#0"},
				"east": {"uv": [6, 11, 9, 11.5], "texture": "#0"},
				"south": {"uv": [11, 8, 14, 8.5], "texture": "#0"},
				"west": {"uv": [11, 8.5, 14, 9], "texture": "#0"},
				"up": {"uv": [11, 11, 8, 8], "texture": "#0"},
				"down": {"uv": [3, 9, 0, 12], "texture": "#0"}
			}
		},
		{
			"from": [6, 10, 6],
			"to": [10, 11, 10],
			"faces": {
				"north": {"uv": [9, 11, 11, 11.5], "texture": "#0"},
				"east": {"uv": [11, 9, 13, 9.5], "texture": "#0"},
				"south": {"uv": [11, 9.5, 13, 10], "texture": "#0"},
				"west": {"uv": [11, 10, 13, 10.5], "texture": "#0"},
				"up": {"uv": [5, 11, 3, 9], "texture": "#0"},
				"down": {"uv": [7, 9, 5, 11], "texture": "#0"}
			}
		},
		{
			"from": [7, 11, 7],
			"to": [9, 12, 9],
			"faces": {
				"north": {"uv": [11, 10.5, 12, 11], "texture": "#0"},
				"east": {"uv": [11, 11, 12, 11.5], "texture": "#0"},
				"south": {"uv": [3, 11.5, 4, 12], "texture": "#0"},
				"west": {"uv": [4, 11.5, 5, 12], "texture": "#0"},
				"up": {"uv": [8, 10, 7, 9], "texture": "#0"},
				"down": {"uv": [8, 10, 7, 11], "texture": "#0"}
			}
		}
	],
	"display": {
		"thirdperson_righthand": {
			"translation": [0, 4.25, 2.25],
			"scale": [0.5, 0.5, 0.5]
		},
		"thirdperson_lefthand": {
			"translation": [0, 4.25, 2.25],
			"scale": [0.5, 0.5, 0.5]
		},
		"firstperson_righthand": {
			"rotation": [-30, 15, 0],
			"translation": [0, 4.25, 2.25],
			"scale": [0.5, 0.5, 0.5]
		},
		"firstperson_lefthand": {
			"rotation": [-30, 15, 0],
			"translation": [0, 4.25, 2.25],
			"scale": [0.5, 0.5, 0.5]
		},
		"ground": {
			"translation": [0, 4.25, 0],
			"scale": [0.5, 0.5, 0.5]
		},
		"gui": {
			"rotation": [45, 45, 0],
			"translation": [0, 2.75, 2.25]
		},
		"head": {
			"translation": [-17, -14, -17],
			"scale": [2, 2, 2]
		},
		"fixed": {
			"translation": [0, 1.5, -3]
		}
	},
	"groups": [
		{
			"name": "box",
			"origin": [8, 8, 8],
			"color": 0,
			"children": [0, 1, 2, 3]
		}
	]
}