{
	"credit": "Made with Blockbench",
	"texture_size": [128, 128],
	"textures": {
		"1": "custom/honeybun",
		"2": "custom/sweet_box_holder_buns",
		"particle": "custom/pumpkin_pie"
	},
	"elements": [
		{
			"from": [-8, -2, -5],
			"to": [-7, 8, 20],
			"faces": {
				"north": {"uv": [5, 6.75, 5.125, 8], "texture": "#2"},
				"east": {"uv": [3, 5, 6, 6.25], "texture": "#2"},
				"south": {"uv": [5.125, 6.75, 5.25, 8], "texture": "#2"},
				"west": {"uv": [0, 6, 3, 7.25], "texture": "#2"},
				"up": {"uv": [4.625, 9.75, 4.5, 6.75], "texture": "#2"},
				"down": {"uv": [4.75, 6.75, 4.625, 9.75], "texture": "#2"}
			}
		},
		{
			"from": [23, -2, -5],
			"to": [24, 8, 20],
			"faces": {
				"north": {"uv": [5.25, 6.75, 5.375, 8], "texture": "#2"},
				"east": {"uv": [6, 5, 9, 6.25], "texture": "#2"},
				"south": {"uv": [5.375, 6.75, 5.5, 8], "texture": "#2"},
				"west": {"uv": [6.25, 0, 9.25, 1.25], "texture": "#2"},
				"up": {"uv": [4.875, 9.75, 4.75, 6.75], "texture": "#2"},
				"down": {"uv": [5, 6.75, 4.875, 9.75], "texture": "#2"}
			}
		},
		{
			"from": [-8, -2, -6],
			"to": [24, 8, -5],
			"rotation": {"angle": 0, "axis": "y", "origin": [19.5, 3.5, 7]},
			"faces": {
				"north": {"uv": [3, 0, 6.25, 1.25], "texture": "#2"},
				"east": {"uv": [5.5, 6.75, 5.625, 8], "texture": "#2"},
				"south": {"uv": [3, 1.25, 6.25, 2.5], "texture": "#2"},
				"west": {"uv": [5.625, 6.75, 5.75, 8], "texture": "#2"},
				"up": {"uv": [10, 2.625, 6.75, 2.5], "texture": "#2"},
				"down": {"uv": [10, 2.625, 6.75, 2.75], "texture": "#2"}
			}
		},
		{
			"from": [-8, -2, 20],
			"to": [24, 8, 21],
			"rotation": {"angle": 0, "axis": "y", "origin": [19.5, 3.5, 7]},
			"faces": {
				"north": {"uv": [3, 2.5, 6.25, 3.75], "texture": "#2"},
				"east": {"uv": [5.75, 6.75, 5.875, 8], "texture": "#2"},
				"south": {"uv": [3, 3.75, 6.25, 5], "texture": "#2"},
				"west": {"uv": [5.875, 6.75, 6, 8], "texture": "#2"},
				"up": {"uv": [10, 2.875, 6.75, 2.75], "texture": "#2"},
				"down": {"uv": [10, 2.875, 6.75, 3], "texture": "#2"}
			}
		},
		{
			"name": "bottom",
			"from": [-7, -2, -5],
			"to": [23, 1, 20],
			"faces": {
				"north": {"uv": [6.25, 4.75, 9.25, 5], "texture": "#2"},
				"east": {"uv": [6.75, 1.75, 9.75, 2], "texture": "#2"},
				"south": {"uv": [6.75, 2, 9.75, 2.25], "texture": "#2"},
				"west": {"uv": [6.75, 2.25, 9.75, 2.5], "texture": "#2"},
				"up": {"uv": [3, 3, 0, 0], "texture": "#2"},
				"down": {"uv": [3, 3, 0, 6], "texture": "#2"}
			}
		},
		{
			"name": "bottom",
			"from": [19, 7, -5],
			"to": [23, 8, 20],
			"faces": {
				"north": {"uv": [6.75, 4, 7.25, 4.125], "texture": "#2"},
				"east": {"uv": [6.75, 3, 9.75, 3.125], "texture": "#2"},
				"south": {"uv": [6.75, 4.125, 7.25, 4.25], "texture": "#2"},
				"west": {"uv": [6.75, 3.125, 9.75, 3.25], "texture": "#2"},
				"up": {"uv": [6.75, 4.25, 6.25, 1.25], "texture": "#2"},
				"down": {"uv": [3.5, 6.25, 3, 9.25], "texture": "#2"}
			}
		},
		{
			"name": "bottom",
			"from": [-7, 7, -5],
			"to": [-3, 8, 20],
			"faces": {
				"north": {"uv": [6, 6.75, 6.5, 6.875], "texture": "#2"},
				"east": {"uv": [6.75, 3.25, 9.75, 3.375], "texture": "#2"},
				"south": {"uv": [6.5, 6.75, 7, 6.875], "texture": "#2"},
				"west": {"uv": [6.75, 3.375, 9.75, 3.5], "texture": "#2"},
				"up": {"uv": [4, 9.25, 3.5, 6.25], "texture": "#2"},
				"down": {"uv": [4.5, 6.25, 4, 9.25], "texture": "#2"}
			}
		},
		{
			"name": "bottom",
			"from": [-3, 7, -5],
			"to": [19, 8, -1],
			"rotation": {"angle": 0, "axis": "y", "origin": [8, 0, 7]},
			"faces": {
				"north": {"uv": [6.75, 3.5, 8.75, 3.625], "texture": "#2"},
				"east": {"uv": [6, 6.875, 6.5, 7], "texture": "#2"},
				"south": {"uv": [6.75, 3.625, 8.75, 3.75], "texture": "#2"},
				"west": {"uv": [6.5, 6.875, 7, 7], "texture": "#2"},
				"up": {"uv": [8.25, 4.75, 6.25, 4.25], "texture": "#2"},
				"down": {"uv": [6.5, 6.25, 4.5, 6.75], "texture": "#2"}
			}
		},
		{
			"name": "bottom",
			"from": [-3, 7, 16],
			"to": [19, 8, 20],
			"rotation": {"angle": 0, "axis": "y", "origin": [8, 0, 7]},
			"faces": {
				"north": {"uv": [6.75, 3.75, 8.75, 3.875], "texture": "#2"},
				"east": {"uv": [6, 7, 6.5, 7.125], "texture": "#2"},
				"south": {"uv": [6.75, 3.875, 8.75, 4], "texture": "#2"},
				"west": {"uv": [6.5, 7, 7, 7.125], "texture": "#2"},
				"up": {"uv": [8.5, 6.75, 6.5, 6.25], "texture": "#2"},
				"down": {"uv": [8.75, 1.25, 6.75, 1.75], "texture": "#2"}
			}
		},
		{
			"from": [22, 1, -0.5],
			"to": [23, 3, 4.5],
			"rotation": {"angle": 0, "axis": "x", "origin": [8, 0.5, 8.5]},
			"faces": {
				"north": {"uv": [4.5, 10, 4, 10.5], "texture": "#1"},
				"east": {"uv": [2, 6.5, 2.5, 9], "rotation": 270, "texture": "#1"},
				"south": {"uv": [10.5, 2.5, 10, 2], "rotation": 180, "texture": "#1"},
				"west": {"uv": [1, 6.5, 1.5, 9], "rotation": 90, "texture": "#1"},
				"up": {"uv": [1.5, 6.5, 2, 9], "rotation": 180, "texture": "#1"},
				"down": {"uv": [4, 5, 4.5, 7.5], "texture": "#1"}
			}
		},
		{
			"from": [14, 1, -2.5],
			"to": [15, 3, 0.5],
			"rotation": {"angle": 0, "axis": "x", "origin": [8, 0.5, 8.5]},
			"faces": {
				"north": {"uv": [5.5, 10, 5, 10.5], "texture": "#1"},
				"east": {"uv": [3.5, 9, 4, 10.5], "rotation": 270, "texture": "#1"},
				"south": {"uv": [5, 10.5, 4.5, 10], "rotation": 180, "texture": "#1"},
				"west": {"uv": [2.5, 9, 3, 10.5], "rotation": 90, "texture": "#1"},
				"up": {"uv": [3, 9, 3.5, 10.5], "rotation": 180, "texture": "#1"},
				"down": {"uv": [2, 9, 2.5, 10.5], "texture": "#1"}
			}
		},
		{
			"from": [9, 1, -0.5],
			"to": [10, 3, 4.5],
			"rotation": {"angle": 0, "axis": "x", "origin": [8, 0.5, 8.5]},
			"faces": {
				"north": {"uv": [6.5, 10, 6, 10.5], "texture": "#1"},
				"east": {"uv": [4.5, 6.5, 5, 9], "rotation": 270, "texture": "#1"},
				"south": {"uv": [6, 10.5, 5.5, 10], "rotation": 180, "texture": "#1"},
				"west": {"uv": [3, 6.5, 3.5, 9], "rotation": 90, "texture": "#1"},
				"up": {"uv": [3.5, 6.5, 4, 9], "rotation": 180, "texture": "#1"},
				"down": {"uv": [2.5, 6.5, 3, 9], "texture": "#1"}
			}
		},
		{
			"from": [21, 1, 4.5],
			"to": [22, 3, 5.5],
			"rotation": {"angle": 0, "axis": "x", "origin": [8, 0.5, 8.5]},
			"faces": {
				"north": {"uv": [9, 10, 8.5, 10.5], "texture": "#1"},
				"east": {"uv": [8, 10, 8.5, 10.5], "rotation": 270, "texture": "#1"},
				"south": {"uv": [10.5, 8.5, 10, 8], "rotation": 180, "texture": "#1"},
				"west": {"uv": [7, 10, 7.5, 10.5], "rotation": 90, "texture": "#1"},
				"up": {"uv": [7.5, 10, 8, 10.5], "rotation": 180, "texture": "#1"},
				"down": {"uv": [6.5, 10, 7, 10.5], "texture": "#1"}
			}
		},
		{
			"from": [21, 1, -1.5],
			"to": [22, 3, -0.5],
			"rotation": {"angle": 0, "axis": "x", "origin": [8, 0.5, 8.5]},
			"faces": {
				"north": {"uv": [1.5, 10.5, 1, 11], "texture": "#1"},
				"east": {"uv": [0, 10.5, 0.5, 11], "rotation": 270, "texture": "#1"},
				"south": {"uv": [1, 11, 0.5, 10.5], "rotation": 180, "texture": "#1"},
				"west": {"uv": [9.5, 10, 10, 10.5], "rotation": 90, "texture": "#1"},
				"up": {"uv": [10, 10, 10.5, 10.5], "rotation": 180, "texture": "#1"},
				"down": {"uv": [10, 8.5, 10.5, 9], "texture": "#1"}
			}
		},
		{
			"from": [19, 1, -2.5],
			"to": [21, 3, -1.5],
			"rotation": {"angle": 0, "axis": "x", "origin": [8, 0.5, 8.5]},
			"faces": {
				"north": {"uv": [5, 9.5, 4, 10], "texture": "#1"},
				"east": {"uv": [1.5, 10.5, 2, 11], "rotation": 270, "texture": "#1"},
				"south": {"uv": [10.5, 4, 9.5, 3.5], "rotation": 180, "texture": "#1"},
				"west": {"uv": [10.5, 1, 11, 1.5], "rotation": 90, "texture": "#1"},
				"up": {"uv": [0, 9.5, 1, 10], "rotation": 180, "texture": "#1"},
				"down": {"uv": [6, 9, 7, 9.5], "texture": "#1"}
			}
		},
		{
			"from": [10, 1, 4.5],
			"to": [11, 3, 5.5],
			"rotation": {"angle": 0, "axis": "x", "origin": [8, 0.5, 8.5]},
			"faces": {
				"north": {"uv": [4, 10.5, 3.5, 11], "texture": "#1"},
				"east": {"uv": [2.5, 10.5, 3, 11], "rotation": 270, "texture": "#1"},
				"south": {"uv": [3.5, 11, 3, 10.5], "rotation": 180, "texture": "#1"},
				"west": {"uv": [2, 10.5, 2.5, 11], "rotation": 90, "texture": "#1"},
				"up": {"uv": [10.5, 2, 11, 2.5], "rotation": 180, "texture": "#1"},
				"down": {"uv": [10.5, 1.5, 11, 2], "texture": "#1"}
			}
		},
		{
			"from": [10, 1, -1.5],
			"to": [11, 3, -0.5],
			"rotation": {"angle": 0, "axis": "x", "origin": [8, 0.5, 8.5]},
			"faces": {
				"north": {"uv": [4, 10.5, 3.5, 11], "texture": "#1"},
				"east": {"uv": [2.5, 10.5, 3, 11], "rotation": 270, "texture": "#1"},
				"south": {"uv": [3.5, 11, 3, 10.5], "rotation": 180, "texture": "#1"},
				"west": {"uv": [2, 10.5, 2.5, 11], "rotation": 90, "texture": "#1"},
				"up": {"uv": [10.5, 2, 11, 2.5], "rotation": 180, "texture": "#1"},
				"down": {"uv": [10.5, 1.5, 11, 2], "texture": "#1"}
			}
		},
		{
			"from": [19, 1, 5.5],
			"to": [21, 3, 6.5],
			"rotation": {"angle": 0, "axis": "x", "origin": [8, 0.5, 8.5]},
			"faces": {
				"north": {"uv": [10.5, 5, 9.5, 5.5], "texture": "#1"},
				"east": {"uv": [4, 10.5, 4.5, 11], "rotation": 270, "texture": "#1"},
				"south": {"uv": [6, 10, 5, 9.5], "rotation": 180, "texture": "#1"},
				"west": {"uv": [10.5, 3.5, 11, 4], "rotation": 90, "texture": "#1"},
				"up": {"uv": [9.5, 4.5, 10.5, 5], "rotation": 180, "texture": "#1"},
				"down": {"uv": [9.5, 4, 10.5, 4.5], "texture": "#1"}
			}
		},
		{
			"from": [11, 1, 5.5],
			"to": [13, 3, 6.5],
			"rotation": {"angle": 0, "axis": "x", "origin": [8, 0.5, 8.5]},
			"faces": {
				"north": {"uv": [8, 9.5, 7, 10], "texture": "#1"},
				"east": {"uv": [4.5, 10.5, 5, 11], "rotation": 270, "texture": "#1"},
				"south": {"uv": [10.5, 6.5, 9.5, 6], "rotation": 180, "texture": "#1"},
				"west": {"uv": [10.5, 4, 11, 4.5], "rotation": 90, "texture": "#1"},
				"up": {"uv": [6, 9.5, 7, 10], "rotation": 180, "texture": "#1"},
				"down": {"uv": [9.5, 5.5, 10.5, 6], "texture": "#1"}
			}
		},
		{
			"from": [11, 1, -2.5],
			"to": [13, 3, -1.5],
			"rotation": {"angle": 0, "axis": "x", "origin": [8, 0.5, 8.5]},
			"faces": {
				"north": {"uv": [8, 9.5, 7, 10], "texture": "#1"},
				"east": {"uv": [4.5, 10.5, 5, 11], "rotation": 270, "texture": "#1"},
				"south": {"uv": [10.5, 6.5, 9.5, 6], "rotation": 180, "texture": "#1"},
				"west": {"uv": [10.5, 4, 11, 4.5], "rotation": 90, "texture": "#1"},
				"up": {"uv": [6, 9.5, 7, 10], "rotation": 180, "texture": "#1"},
				"down": {"uv": [9.5, 5.5, 10.5, 6], "texture": "#1"}
			}
		},
		{
			"from": [12, 1, -1.5],
			"to": [13, 3, -0.5],
			"rotation": {"angle": 0, "axis": "x", "origin": [8, 0.5, 8.5]},
			"faces": {
				"north": {"uv": [7, 10.5, 6.5, 11], "texture": "#1"},
				"east": {"uv": [6, 10.5, 6.5, 11], "rotation": 270, "texture": "#1"},
				"south": {"uv": [11, 6.5, 10.5, 6], "rotation": 180, "texture": "#1"},
				"west": {"uv": [5.5, 10.5, 6, 11], "rotation": 90, "texture": "#1"},
				"up": {"uv": [10.5, 5.5, 11, 6], "rotation": 180, "texture": "#1"},
				"down": {"uv": [10.5, 5, 11, 5.5], "texture": "#1"}
			}
		},
		{
			"from": [11, 1, -1.5],
			"to": [12, 3, -0.5],
			"rotation": {"angle": 0, "axis": "x", "origin": [8, 0.5, 8.5]},
			"faces": {
				"north": {"uv": [7, 10.5, 6.5, 11], "texture": "#1"},
				"east": {"uv": [6, 10.5, 6.5, 11], "rotation": 270, "texture": "#1"},
				"south": {"uv": [11, 6.5, 10.5, 6], "rotation": 180, "texture": "#1"},
				"west": {"uv": [5.5, 10.5, 6, 11], "rotation": 90, "texture": "#1"},
				"up": {"uv": [10.5, 5.5, 11, 6], "rotation": 180, "texture": "#1"},
				"down": {"uv": [10.5, 5, 11, 5.5], "texture": "#1"}
			}
		},
		{
			"from": [13, 1, -1.5],
			"to": [14, 3, -0.5],
			"rotation": {"angle": 0, "axis": "x", "origin": [8, 0.5, 8.5]},
			"faces": {
				"north": {"uv": [7, 10.5, 6.5, 11], "texture": "#1"},
				"east": {"uv": [6, 10.5, 6.5, 11], "rotation": 270, "texture": "#1"},
				"south": {"uv": [11, 6.5, 10.5, 6], "rotation": 180, "texture": "#1"},
				"west": {"uv": [5.5, 10.5, 6, 11], "rotation": 90, "texture": "#1"},
				"up": {"uv": [10.5, 5.5, 11, 6], "rotation": 180, "texture": "#1"},
				"down": {"uv": [10.5, 5, 11, 5.5], "texture": "#1"}
			}
		},
		{
			"from": [13, 1, -0.5],
			"to": [14, 3, 0.5],
			"rotation": {"angle": 0, "axis": "x", "origin": [8, 0.5, 8.5]},
			"faces": {
				"north": {"uv": [7, 10.5, 6.5, 11], "texture": "#1"},
				"east": {"uv": [6, 10.5, 6.5, 11], "rotation": 270, "texture": "#1"},
				"south": {"uv": [11, 6.5, 10.5, 6], "rotation": 180, "texture": "#1"},
				"west": {"uv": [5.5, 10.5, 6, 11], "rotation": 90, "texture": "#1"},
				"up": {"uv": [10.5, 5.5, 11, 6], "rotation": 180, "texture": "#1"},
				"down": {"uv": [10.5, 5, 11, 5.5], "texture": "#1"}
			}
		},
		{
			"from": [13, 1, -2.5],
			"to": [14, 3, -1.5],
			"rotation": {"angle": 0, "axis": "x", "origin": [8, 0.5, 8.5]},
			"faces": {
				"north": {"uv": [7, 10.5, 6.5, 11], "texture": "#1"},
				"east": {"uv": [6, 10.5, 6.5, 11], "rotation": 270, "texture": "#1"},
				"south": {"uv": [11, 6.5, 10.5, 6], "rotation": 180, "texture": "#1"},
				"west": {"uv": [5.5, 10.5, 6, 11], "rotation": 90, "texture": "#1"},
				"up": {"uv": [10.5, 5.5, 11, 6], "rotation": 180, "texture": "#1"},
				"down": {"uv": [10.5, 5, 11, 5.5], "texture": "#1"}
			}
		},
		{
			"from": [13, 1, -3.5],
			"to": [19, 3, -2.5],
			"rotation": {"angle": 0, "axis": "x", "origin": [8, 0.5, 8.5]},
			"faces": {
				"north": {"uv": [9.5, 0.5, 7.5, 1], "texture": "#1"},
				"east": {"uv": [7, 10.5, 7.5, 11], "rotation": 270, "texture": "#1"},
				"south": {"uv": [9.5, 0.5, 7.5, 0], "rotation": 180, "texture": "#1"},
				"west": {"uv": [10.5, 6.5, 11, 7], "rotation": 90, "texture": "#1"},
				"up": {"uv": [7, 7, 9, 7.5], "rotation": 180, "texture": "#1"},
				"down": {"uv": [7, 6.5, 9, 7], "texture": "#1"}
			}
		},
		{
			"from": [13, 1, 6.5],
			"to": [19, 3, 7.5],
			"rotation": {"angle": 0, "axis": "x", "origin": [8, 0.5, 8.5]},
			"faces": {
				"north": {"uv": [8.5, 4.5, 5.5, 5], "texture": "#1"},
				"east": {"uv": [7.5, 10.5, 8, 11], "rotation": 270, "texture": "#1"},
				"south": {"uv": [8.5, 2.5, 5.5, 2], "rotation": 180, "texture": "#1"},
				"west": {"uv": [10.5, 7, 11, 7.5], "rotation": 90, "texture": "#1"},
				"up": {"uv": [5.5, 1.5, 8.5, 2], "rotation": 180, "texture": "#1"},
				"down": {"uv": [5.5, 1, 8.5, 1.5], "texture": "#1"}
			}
		},
		{
			"from": [10, 1, -0.5],
			"to": [13, 3, 4.5],
			"rotation": {"angle": 0, "axis": "x", "origin": [8, 0.5, 8.5]},
			"faces": {
				"north": {"uv": [11, 0.5, 9.5, 1], "texture": "#1"},
				"east": {"uv": [5.5, 6.5, 6, 9], "rotation": 270, "texture": "#1"},
				"south": {"uv": [11, 0.5, 9.5, 0], "rotation": 180, "texture": "#1"},
				"west": {"uv": [5, 6.5, 5.5, 9], "rotation": 90, "texture": "#1"},
				"up": {"uv": [1.5, 2.5, 3, 5], "rotation": 180, "texture": "#1"},
				"down": {"uv": [0, 2.5, 1.5, 5], "texture": "#1"}
			}
		},
		{
			"from": [13, 1, 0.5],
			"to": [15, 3, 4.5],
			"rotation": {"angle": 0, "axis": "x", "origin": [8, 0.5, 8.5]},
			"faces": {
				"north": {"uv": [9, 9.5, 8, 10], "texture": "#1"},
				"east": {"uv": [7, 7.5, 7.5, 9.5], "rotation": 270, "texture": "#1"},
				"south": {"uv": [10.5, 8, 9.5, 7.5], "rotation": 180, "texture": "#1"},
				"west": {"uv": [4, 7.5, 4.5, 9.5], "rotation": 90, "texture": "#1"},
				"up": {"uv": [0, 5, 1, 7], "rotation": 180, "texture": "#1"},
				"down": {"uv": [4.5, 4.5, 5.5, 6.5], "texture": "#1"}
			}
		},
		{
			"from": [19, 1, -0.5],
			"to": [22, 3, 4.5],
			"rotation": {"angle": 0, "axis": "x", "origin": [8, 0.5, 8.5]},
			"faces": {
				"north": {"uv": [11, 3, 9.5, 3.5], "texture": "#1"},
				"east": {"uv": [6.5, 6.5, 7, 9], "rotation": 270, "texture": "#1"},
				"south": {"uv": [11, 3, 9.5, 2.5], "rotation": 180, "texture": "#1"},
				"west": {"uv": [6, 6.5, 6.5, 9], "rotation": 90, "texture": "#1"},
				"up": {"uv": [4, 0, 5.5, 2.5], "rotation": 180, "texture": "#1"},
				"down": {"uv": [3, 2.5, 4.5, 5], "texture": "#1"}
			}
		},
		{
			"from": [15, 1, -0.5],
			"to": [19, 3, 4.5],
			"rotation": {"angle": 0, "axis": "x", "origin": [8, 0.5, 8.5]},
			"faces": {
				"north": {"uv": [9.5, 8, 7.5, 8.5], "texture": "#1"},
				"east": {"uv": [0.5, 7, 1, 9.5], "rotation": 270, "texture": "#1"},
				"south": {"uv": [9.5, 8, 7.5, 7.5], "rotation": 180, "texture": "#1"},
				"west": {"uv": [0, 7, 0.5, 9.5], "rotation": 90, "texture": "#1"},
				"up": {"uv": [2, 0, 4, 2.5], "rotation": 180, "texture": "#1"},
				"down": {"uv": [0, 0, 2, 2.5], "texture": "#1"}
			}
		},
		{
			"from": [15, 1, -2.5],
			"to": [19, 3, -0.5],
			"rotation": {"angle": 0, "axis": "x", "origin": [8, 0.5, 8.5]},
			"faces": {
				"north": {"uv": [10.5, 1.5, 8.5, 2], "texture": "#1"},
				"east": {"uv": [9, 9.5, 9.5, 10.5], "rotation": 270, "texture": "#1"},
				"south": {"uv": [10.5, 1.5, 8.5, 1], "rotation": 180, "texture": "#1"},
				"west": {"uv": [9.5, 8, 10, 9], "rotation": 90, "texture": "#1"},
				"up": {"uv": [5.5, 0, 7.5, 1], "rotation": 180, "texture": "#1"},
				"down": {"uv": [1, 5, 3, 6], "texture": "#1"}
			}
		},
		{
			"from": [19, 1, -1.5],
			"to": [21, 3, -0.5],
			"rotation": {"angle": 0, "axis": "x", "origin": [8, 0.5, 8.5]},
			"faces": {
				"north": {"uv": [2, 10, 1, 10.5], "texture": "#1"},
				"east": {"uv": [8, 10.5, 8.5, 11], "rotation": 270, "texture": "#1"},
				"south": {"uv": [1, 10.5, 0, 10], "rotation": 180, "texture": "#1"},
				"west": {"uv": [10.5, 7.5, 11, 8], "rotation": 90, "texture": "#1"},
				"up": {"uv": [9.5, 9.5, 10.5, 10], "rotation": 180, "texture": "#1"},
				"down": {"uv": [9.5, 9, 10.5, 9.5], "texture": "#1"}
			}
		},
		{
			"from": [11, 1, 4.5],
			"to": [21, 3, 5.5],
			"rotation": {"angle": 0, "axis": "x", "origin": [8, 0.5, 8.5]},
			"faces": {
				"north": {"uv": [9.5, 4, 4.5, 4.5], "texture": "#1"},
				"east": {"uv": [8.5, 10.5, 9, 11], "rotation": 270, "texture": "#1"},
				"south": {"uv": [9.5, 4, 4.5, 3.5], "rotation": 180, "texture": "#1"},
				"west": {"uv": [10.5, 8, 11, 8.5], "rotation": 90, "texture": "#1"},
				"up": {"uv": [4.5, 3, 9.5, 3.5], "rotation": 180, "texture": "#1"},
				"down": {"uv": [4.5, 2.5, 9.5, 3], "texture": "#1"}
			}
		},
		{
			"from": [13, 1, 5.5],
			"to": [19, 3, 6.5],
			"rotation": {"angle": 0, "axis": "x", "origin": [8, 0.5, 8.5]},
			"faces": {
				"north": {"uv": [8.5, 6, 5.5, 6.5], "texture": "#1"},
				"east": {"uv": [9, 10.5, 9.5, 11], "rotation": 270, "texture": "#1"},
				"south": {"uv": [4, 6.5, 1, 6], "rotation": 180, "texture": "#1"},
				"west": {"uv": [10.5, 8.5, 11, 9], "rotation": 90, "texture": "#1"},
				"up": {"uv": [5.5, 5.5, 8.5, 6], "rotation": 180, "texture": "#1"},
				"down": {"uv": [5.5, 5, 8.5, 5.5], "texture": "#1"}
			}
		},
		{
			"from": [6, 1, -0.5],
			"to": [7, 3, 4.5],
			"rotation": {"angle": 0, "axis": "x", "origin": [8, 0.5, 8.5]},
			"faces": {
				"north": {"uv": [4.5, 10, 4, 10.5], "texture": "#1"},
				"east": {"uv": [2, 6.5, 2.5, 9], "rotation": 270, "texture": "#1"},
				"south": {"uv": [10.5, 2.5, 10, 2], "rotation": 180, "texture": "#1"},
				"west": {"uv": [1, 6.5, 1.5, 9], "rotation": 90, "texture": "#1"},
				"up": {"uv": [1.5, 6.5, 2, 9], "rotation": 180, "texture": "#1"},
				"down": {"uv": [4, 5, 4.5, 7.5], "texture": "#1"}
			}
		},
		{
			"from": [-2, 1, -2.5],
			"to": [-1, 3, 0.5],
			"rotation": {"angle": 0, "axis": "x", "origin": [8, 0.5, 8.5]},
			"faces": {
				"north": {"uv": [5.5, 10, 5, 10.5], "texture": "#1"},
				"east": {"uv": [3.5, 9, 4, 10.5], "rotation": 270, "texture": "#1"},
				"south": {"uv": [5, 10.5, 4.5, 10], "rotation": 180, "texture": "#1"},
				"west": {"uv": [2.5, 9, 3, 10.5], "rotation": 90, "texture": "#1"},
				"up": {"uv": [3, 9, 3.5, 10.5], "rotation": 180, "texture": "#1"},
				"down": {"uv": [2, 9, 2.5, 10.5], "texture": "#1"}
			}
		},
		{
			"from": [-7, 1, -0.5],
			"to": [-6, 3, 4.5],
			"rotation": {"angle": 0, "axis": "x", "origin": [8, 0.5, 8.5]},
			"faces": {
				"north": {"uv": [6.5, 10, 6, 10.5], "texture": "#1"},
				"east": {"uv": [4.5, 6.5, 5, 9], "rotation": 270, "texture": "#1"},
				"south": {"uv": [6, 10.5, 5.5, 10], "rotation": 180, "texture": "#1"},
				"west": {"uv": [3, 6.5, 3.5, 9], "rotation": 90, "texture": "#1"},
				"up": {"uv": [3.5, 6.5, 4, 9], "rotation": 180, "texture": "#1"},
				"down": {"uv": [2.5, 6.5, 3, 9], "texture": "#1"}
			}
		},
		{
			"from": [5, 1, 4.5],
			"to": [6, 3, 5.5],
			"rotation": {"angle": 0, "axis": "x", "origin": [8, 0.5, 8.5]},
			"faces": {
				"north": {"uv": [9, 10, 8.5, 10.5], "texture": "#1"},
				"east": {"uv": [8, 10, 8.5, 10.5], "rotation": 270, "texture": "#1"},
				"south": {"uv": [10.5, 8.5, 10, 8], "rotation": 180, "texture": "#1"},
				"west": {"uv": [7, 10, 7.5, 10.5], "rotation": 90, "texture": "#1"},
				"up": {"uv": [7.5, 10, 8, 10.5], "rotation": 180, "texture": "#1"},
				"down": {"uv": [6.5, 10, 7, 10.5], "texture": "#1"}
			}
		},
		{
			"from": [5, 1, -1.5],
			"to": [6, 3, -0.5],
			"rotation": {"angle": 0, "axis": "x", "origin": [8, 0.5, 8.5]},
			"faces": {
				"north": {"uv": [1.5, 10.5, 1, 11], "texture": "#1"},
				"east": {"uv": [0, 10.5, 0.5, 11], "rotation": 270, "texture": "#1"},
				"south": {"uv": [1, 11, 0.5, 10.5], "rotation": 180, "texture": "#1"},
				"west": {"uv": [9.5, 10, 10, 10.5], "rotation": 90, "texture": "#1"},
				"up": {"uv": [10, 10, 10.5, 10.5], "rotation": 180, "texture": "#1"},
				"down": {"uv": [10, 8.5, 10.5, 9], "texture": "#1"}
			}
		},
		{
			"from": [3, 1, -2.5],
			"to": [5, 3, -1.5],
			"rotation": {"angle": 0, "axis": "x", "origin": [8, 0.5, 8.5]},
			"faces": {
				"north": {"uv": [5, 9.5, 4, 10], "texture": "#1"},
				"east": {"uv": [1.5, 10.5, 2, 11], "rotation": 270, "texture": "#1"},
				"south": {"uv": [10.5, 4, 9.5, 3.5], "rotation": 180, "texture": "#1"},
				"west": {"uv": [10.5, 1, 11, 1.5], "rotation": 90, "texture": "#1"},
				"up": {"uv": [0, 9.5, 1, 10], "rotation": 180, "texture": "#1"},
				"down": {"uv": [6, 9, 7, 9.5], "texture": "#1"}
			}
		},
		{
			"from": [-6, 1, 4.5],
			"to": [-5, 3, 5.5],
			"rotation": {"angle": 0, "axis": "x", "origin": [8, 0.5, 8.5]},
			"faces": {
				"north": {"uv": [4, 10.5, 3.5, 11], "texture": "#1"},
				"east": {"uv": [2.5, 10.5, 3, 11], "rotation": 270, "texture": "#1"},
				"south": {"uv": [3.5, 11, 3, 10.5], "rotation": 180, "texture": "#1"},
				"west": {"uv": [2, 10.5, 2.5, 11], "rotation": 90, "texture": "#1"},
				"up": {"uv": [10.5, 2, 11, 2.5], "rotation": 180, "texture": "#1"},
				"down": {"uv": [10.5, 1.5, 11, 2], "texture": "#1"}
			}
		},
		{
			"from": [-6, 1, -1.5],
			"to": [-5, 3, -0.5],
			"rotation": {"angle": 0, "axis": "x", "origin": [8, 0.5, 8.5]},
			"faces": {
				"north": {"uv": [4, 10.5, 3.5, 11], "texture": "#1"},
				"east": {"uv": [2.5, 10.5, 3, 11], "rotation": 270, "texture": "#1"},
				"south": {"uv": [3.5, 11, 3, 10.5], "rotation": 180, "texture": "#1"},
				"west": {"uv": [2, 10.5, 2.5, 11], "rotation": 90, "texture": "#1"},
				"up": {"uv": [10.5, 2, 11, 2.5], "rotation": 180, "texture": "#1"},
				"down": {"uv": [10.5, 1.5, 11, 2], "texture": "#1"}
			}
		},
		{
			"from": [3, 1, 5.5],
			"to": [5, 3, 6.5],
			"rotation": {"angle": 0, "axis": "x", "origin": [8, 0.5, 8.5]},
			"faces": {
				"north": {"uv": [10.5, 5, 9.5, 5.5], "texture": "#1"},
				"east": {"uv": [4, 10.5, 4.5, 11], "rotation": 270, "texture": "#1"},
				"south": {"uv": [6, 10, 5, 9.5], "rotation": 180, "texture": "#1"},
				"west": {"uv": [10.5, 3.5, 11, 4], "rotation": 90, "texture": "#1"},
				"up": {"uv": [9.5, 4.5, 10.5, 5], "rotation": 180, "texture": "#1"},
				"down": {"uv": [9.5, 4, 10.5, 4.5], "texture": "#1"}
			}
		},
		{
			"from": [-5, 1, 5.5],
			"to": [-3, 3, 6.5],
			"rotation": {"angle": 0, "axis": "x", "origin": [8, 0.5, 8.5]},
			"faces": {
				"north": {"uv": [8, 9.5, 7, 10], "texture": "#1"},
				"east": {"uv": [4.5, 10.5, 5, 11], "rotation": 270, "texture": "#1"},
				"south": {"uv": [10.5, 6.5, 9.5, 6], "rotation": 180, "texture": "#1"},
				"west": {"uv": [10.5, 4, 11, 4.5], "rotation": 90, "texture": "#1"},
				"up": {"uv": [6, 9.5, 7, 10], "rotation": 180, "texture": "#1"},
				"down": {"uv": [9.5, 5.5, 10.5, 6], "texture": "#1"}
			}
		},
		{
			"from": [-5, 1, -2.5],
			"to": [-3, 3, -1.5],
			"rotation": {"angle": 0, "axis": "x", "origin": [8, 0.5, 8.5]},
			"faces": {
				"north": {"uv": [8, 9.5, 7, 10], "texture": "#1"},
				"east": {"uv": [4.5, 10.5, 5, 11], "rotation": 270, "texture": "#1"},
				"south": {"uv": [10.5, 6.5, 9.5, 6], "rotation": 180, "texture": "#1"},
				"west": {"uv": [10.5, 4, 11, 4.5], "rotation": 90, "texture": "#1"},
				"up": {"uv": [6, 9.5, 7, 10], "rotation": 180, "texture": "#1"},
				"down": {"uv": [9.5, 5.5, 10.5, 6], "texture": "#1"}
			}
		},
		{
			"from": [-4, 1, -1.5],
			"to": [-3, 3, -0.5],
			"rotation": {"angle": 0, "axis": "x", "origin": [8, 0.5, 8.5]},
			"faces": {
				"north": {"uv": [7, 10.5, 6.5, 11], "texture": "#1"},
				"east": {"uv": [6, 10.5, 6.5, 11], "rotation": 270, "texture": "#1"},
				"south": {"uv": [11, 6.5, 10.5, 6], "rotation": 180, "texture": "#1"},
				"west": {"uv": [5.5, 10.5, 6, 11], "rotation": 90, "texture": "#1"},
				"up": {"uv": [10.5, 5.5, 11, 6], "rotation": 180, "texture": "#1"},
				"down": {"uv": [10.5, 5, 11, 5.5], "texture": "#1"}
			}
		},
		{
			"from": [-5, 1, -1.5],
			"to": [-4, 3, -0.5],
			"rotation": {"angle": 0, "axis": "x", "origin": [8, 0.5, 8.5]},
			"faces": {
				"north": {"uv": [7, 10.5, 6.5, 11], "texture": "#1"},
				"east": {"uv": [6, 10.5, 6.5, 11], "rotation": 270, "texture": "#1"},
				"south": {"uv": [11, 6.5, 10.5, 6], "rotation": 180, "texture": "#1"},
				"west": {"uv": [5.5, 10.5, 6, 11], "rotation": 90, "texture": "#1"},
				"up": {"uv": [10.5, 5.5, 11, 6], "rotation": 180, "texture": "#1"},
				"down": {"uv": [10.5, 5, 11, 5.5], "texture": "#1"}
			}
		},
		{
			"from": [-3, 1, -1.5],
			"to": [-2, 3, -0.5],
			"rotation": {"angle": 0, "axis": "x", "origin": [8, 0.5, 8.5]},
			"faces": {
				"north": {"uv": [7, 10.5, 6.5, 11], "texture": "#1"},
				"east": {"uv": [6, 10.5, 6.5, 11], "rotation": 270, "texture": "#1"},
				"south": {"uv": [11, 6.5, 10.5, 6], "rotation": 180, "texture": "#1"},
				"west": {"uv": [5.5, 10.5, 6, 11], "rotation": 90, "texture": "#1"},
				"up": {"uv": [10.5, 5.5, 11, 6], "rotation": 180, "texture": "#1"},
				"down": {"uv": [10.5, 5, 11, 5.5], "texture": "#1"}
			}
		},
		{
			"from": [-3, 1, -0.5],
			"to": [-2, 3, 0.5],
			"rotation": {"angle": 0, "axis": "x", "origin": [8, 0.5, 8.5]},
			"faces": {
				"north": {"uv": [7, 10.5, 6.5, 11], "texture": "#1"},
				"east": {"uv": [6, 10.5, 6.5, 11], "rotation": 270, "texture": "#1"},
				"south": {"uv": [11, 6.5, 10.5, 6], "rotation": 180, "texture": "#1"},
				"west": {"uv": [5.5, 10.5, 6, 11], "rotation": 90, "texture": "#1"},
				"up": {"uv": [10.5, 5.5, 11, 6], "rotation": 180, "texture": "#1"},
				"down": {"uv": [10.5, 5, 11, 5.5], "texture": "#1"}
			}
		},
		{
			"from": [-3, 1, -2.5],
			"to": [-2, 3, -1.5],
			"rotation": {"angle": 0, "axis": "x", "origin": [8, 0.5, 8.5]},
			"faces": {
				"north": {"uv": [7, 10.5, 6.5, 11], "texture": "#1"},
				"east": {"uv": [6, 10.5, 6.5, 11], "rotation": 270, "texture": "#1"},
				"south": {"uv": [11, 6.5, 10.5, 6], "rotation": 180, "texture": "#1"},
				"west": {"uv": [5.5, 10.5, 6, 11], "rotation": 90, "texture": "#1"},
				"up": {"uv": [10.5, 5.5, 11, 6], "rotation": 180, "texture": "#1"},
				"down": {"uv": [10.5, 5, 11, 5.5], "texture": "#1"}
			}
		},
		{
			"from": [-3, 1, -3.5],
			"to": [3, 3, -2.5],
			"rotation": {"angle": 0, "axis": "x", "origin": [8, 0.5, 8.5]},
			"faces": {
				"north": {"uv": [9.5, 0.5, 7.5, 1], "texture": "#1"},
				"east": {"uv": [7, 10.5, 7.5, 11], "rotation": 270, "texture": "#1"},
				"south": {"uv": [9.5, 0.5, 7.5, 0], "rotation": 180, "texture": "#1"},
				"west": {"uv": [10.5, 6.5, 11, 7], "rotation": 90, "texture": "#1"},
				"up": {"uv": [7, 7, 9, 7.5], "rotation": 180, "texture": "#1"},
				"down": {"uv": [7, 6.5, 9, 7], "texture": "#1"}
			}
		},
		{
			"from": [-3, 1, 6.5],
			"to": [3, 3, 7.5],
			"rotation": {"angle": 0, "axis": "x", "origin": [8, 0.5, 8.5]},
			"faces": {
				"north": {"uv": [8.5, 4.5, 5.5, 5], "texture": "#1"},
				"east": {"uv": [7.5, 10.5, 8, 11], "rotation": 270, "texture": "#1"},
				"south": {"uv": [8.5, 2.5, 5.5, 2], "rotation": 180, "texture": "#1"},
				"west": {"uv": [10.5, 7, 11, 7.5], "rotation": 90, "texture": "#1"},
				"up": {"uv": [5.5, 1.5, 8.5, 2], "rotation": 180, "texture": "#1"},
				"down": {"uv": [5.5, 1, 8.5, 1.5], "texture": "#1"}
			}
		},
		{
			"from": [-6, 1, -0.5],
			"to": [-3, 3, 4.5],
			"rotation": {"angle": 0, "axis": "x", "origin": [8, 0.5, 8.5]},
			"faces": {
				"north": {"uv": [11, 0.5, 9.5, 1], "texture": "#1"},
				"east": {"uv": [5.5, 6.5, 6, 9], "rotation": 270, "texture": "#1"},
				"south": {"uv": [11, 0.5, 9.5, 0], "rotation": 180, "texture": "#1"},
				"west": {"uv": [5, 6.5, 5.5, 9], "rotation": 90, "texture": "#1"},
				"up": {"uv": [1.5, 2.5, 3, 5], "rotation": 180, "texture": "#1"},
				"down": {"uv": [0, 2.5, 1.5, 5], "texture": "#1"}
			}
		},
		{
			"from": [-3, 1, 0.5],
			"to": [-1, 3, 4.5],
			"rotation": {"angle": 0, "axis": "x", "origin": [8, 0.5, 8.5]},
			"faces": {
				"north": {"uv": [9, 9.5, 8, 10], "texture": "#1"},
				"east": {"uv": [7, 7.5, 7.5, 9.5], "rotation": 270, "texture": "#1"},
				"south": {"uv": [10.5, 8, 9.5, 7.5], "rotation": 180, "texture": "#1"},
				"west": {"uv": [4, 7.5, 4.5, 9.5], "rotation": 90, "texture": "#1"},
				"up": {"uv": [0, 5, 1, 7], "rotation": 180, "texture": "#1"},
				"down": {"uv": [4.5, 4.5, 5.5, 6.5], "texture": "#1"}
			}
		},
		{
			"from": [3, 1, -0.5],
			"to": [6, 3, 4.5],
			"rotation": {"angle": 0, "axis": "x", "origin": [8, 0.5, 8.5]},
			"faces": {
				"north": {"uv": [11, 3, 9.5, 3.5], "texture": "#1"},
				"east": {"uv": [6.5, 6.5, 7, 9], "rotation": 270, "texture": "#1"},
				"south": {"uv": [11, 3, 9.5, 2.5], "rotation": 180, "texture": "#1"},
				"west": {"uv": [6, 6.5, 6.5, 9], "rotation": 90, "texture": "#1"},
				"up": {"uv": [4, 0, 5.5, 2.5], "rotation": 180, "texture": "#1"},
				"down": {"uv": [3, 2.5, 4.5, 5], "texture": "#1"}
			}
		},
		{
			"from": [-1, 1, -0.5],
			"to": [3, 3, 4.5],
			"rotation": {"angle": 0, "axis": "x", "origin": [8, 0.5, 8.5]},
			"faces": {
				"north": {"uv": [9.5, 8, 7.5, 8.5], "texture": "#1"},
				"east": {"uv": [0.5, 7, 1, 9.5], "rotation": 270, "texture": "#1"},
				"south": {"uv": [9.5, 8, 7.5, 7.5], "rotation": 180, "texture": "#1"},
				"west": {"uv": [0, 7, 0.5, 9.5], "rotation": 90, "texture": "#1"},
				"up": {"uv": [2, 0, 4, 2.5], "rotation": 180, "texture": "#1"},
				"down": {"uv": [0, 0, 2, 2.5], "texture": "#1"}
			}
		},
		{
			"from": [-1, 1, -2.5],
			"to": [3, 3, -0.5],
			"rotation": {"angle": 0, "axis": "x", "origin": [8, 0.5, 8.5]},
			"faces": {
				"north": {"uv": [10.5, 1.5, 8.5, 2], "texture": "#1"},
				"east": {"uv": [9, 9.5, 9.5, 10.5], "rotation": 270, "texture": "#1"},
				"south": {"uv": [10.5, 1.5, 8.5, 1], "rotation": 180, "texture": "#1"},
				"west": {"uv": [9.5, 8, 10, 9], "rotation": 90, "texture": "#1"},
				"up": {"uv": [5.5, 0, 7.5, 1], "rotation": 180, "texture": "#1"},
				"down": {"uv": [1, 5, 3, 6], "texture": "#1"}
			}
		},
		{
			"from": [3, 1, -1.5],
			"to": [5, 3, -0.5],
			"rotation": {"angle": 0, "axis": "x", "origin": [8, 0.5, 8.5]},
			"faces": {
				"north": {"uv": [2, 10, 1, 10.5], "texture": "#1"},
				"east": {"uv": [8, 10.5, 8.5, 11], "rotation": 270, "texture": "#1"},
				"south": {"uv": [1, 10.5, 0, 10], "rotation": 180, "texture": "#1"},
				"west": {"uv": [10.5, 7.5, 11, 8], "rotation": 90, "texture": "#1"},
				"up": {"uv": [9.5, 9.5, 10.5, 10], "rotation": 180, "texture": "#1"},
				"down": {"uv": [9.5, 9, 10.5, 9.5], "texture": "#1"}
			}
		},
		{
			"from": [-5, 1, 4.5],
			"to": [5, 3, 5.5],
			"rotation": {"angle": 0, "axis": "x", "origin": [8, 0.5, 8.5]},
			"faces": {
				"north": {"uv": [9.5, 4, 4.5, 4.5], "texture": "#1"},
				"east": {"uv": [8.5, 10.5, 9, 11], "rotation": 270, "texture": "#1"},
				"south": {"uv": [9.5, 4, 4.5, 3.5], "rotation": 180, "texture": "#1"},
				"west": {"uv": [10.5, 8, 11, 8.5], "rotation": 90, "texture": "#1"},
				"up": {"uv": [4.5, 3, 9.5, 3.5], "rotation": 180, "texture": "#1"},
				"down": {"uv": [4.5, 2.5, 9.5, 3], "texture": "#1"}
			}
		},
		{
			"from": [-3, 1, 5.5],
			"to": [3, 3, 6.5],
			"rotation": {"angle": 0, "axis": "x", "origin": [8, 0.5, 8.5]},
			"faces": {
				"north": {"uv": [8.5, 6, 5.5, 6.5], "texture": "#1"},
				"east": {"uv": [9, 10.5, 9.5, 11], "rotation": 270, "texture": "#1"},
				"south": {"uv": [4, 6.5, 1, 6], "rotation": 180, "texture": "#1"},
				"west": {"uv": [10.5, 8.5, 11, 9], "rotation": 90, "texture": "#1"},
				"up": {"uv": [5.5, 5.5, 8.5, 6], "rotation": 180, "texture": "#1"},
				"down": {"uv": [5.5, 5, 8.5, 5.5], "texture": "#1"}
			}
		},
		{
			"from": [22, 1, 12.5],
			"to": [23, 3, 17.5],
			"rotation": {"angle": 0, "axis": "y", "origin": [16, 1.5, 15]},
			"faces": {
				"north": {"uv": [4.5, 10, 4, 10.5], "texture": "#1"},
				"east": {"uv": [2, 6.5, 2.5, 9], "rotation": 270, "texture": "#1"},
				"south": {"uv": [10.5, 2.5, 10, 2], "rotation": 180, "texture": "#1"},
				"west": {"uv": [1, 6.5, 1.5, 9], "rotation": 90, "texture": "#1"},
				"up": {"uv": [1.5, 6.5, 2, 9], "rotation": 180, "texture": "#1"},
				"down": {"uv": [4, 5, 4.5, 7.5], "texture": "#1"}
			}
		},
		{
			"from": [14, 1, 10.5],
			"to": [15, 3, 13.5],
			"rotation": {"angle": 0, "axis": "y", "origin": [16, 1.5, 15]},
			"faces": {
				"north": {"uv": [5.5, 10, 5, 10.5], "texture": "#1"},
				"east": {"uv": [3.5, 9, 4, 10.5], "rotation": 270, "texture": "#1"},
				"south": {"uv": [5, 10.5, 4.5, 10], "rotation": 180, "texture": "#1"},
				"west": {"uv": [2.5, 9, 3, 10.5], "rotation": 90, "texture": "#1"},
				"up": {"uv": [3, 9, 3.5, 10.5], "rotation": 180, "texture": "#1"},
				"down": {"uv": [2, 9, 2.5, 10.5], "texture": "#1"}
			}
		},
		{
			"from": [9, 1, 12.5],
			"to": [10, 3, 17.5],
			"rotation": {"angle": 0, "axis": "y", "origin": [16, 1.5, 15]},
			"faces": {
				"north": {"uv": [6.5, 10, 6, 10.5], "texture": "#1"},
				"east": {"uv": [4.5, 6.5, 5, 9], "rotation": 270, "texture": "#1"},
				"south": {"uv": [6, 10.5, 5.5, 10], "rotation": 180, "texture": "#1"},
				"west": {"uv": [3, 6.5, 3.5, 9], "rotation": 90, "texture": "#1"},
				"up": {"uv": [3.5, 6.5, 4, 9], "rotation": 180, "texture": "#1"},
				"down": {"uv": [2.5, 6.5, 3, 9], "texture": "#1"}
			}
		},
		{
			"from": [21, 1, 17.5],
			"to": [22, 3, 18.5],
			"rotation": {"angle": 0, "axis": "y", "origin": [16, 1.5, 15]},
			"faces": {
				"north": {"uv": [9, 10, 8.5, 10.5], "texture": "#1"},
				"east": {"uv": [8, 10, 8.5, 10.5], "rotation": 270, "texture": "#1"},
				"south": {"uv": [10.5, 8.5, 10, 8], "rotation": 180, "texture": "#1"},
				"west": {"uv": [7, 10, 7.5, 10.5], "rotation": 90, "texture": "#1"},
				"up": {"uv": [7.5, 10, 8, 10.5], "rotation": 180, "texture": "#1"},
				"down": {"uv": [6.5, 10, 7, 10.5], "texture": "#1"}
			}
		},
		{
			"from": [21, 1, 11.5],
			"to": [22, 3, 12.5],
			"rotation": {"angle": 0, "axis": "y", "origin": [16, 1.5, 15]},
			"faces": {
				"north": {"uv": [1.5, 10.5, 1, 11], "texture": "#1"},
				"east": {"uv": [0, 10.5, 0.5, 11], "rotation": 270, "texture": "#1"},
				"south": {"uv": [1, 11, 0.5, 10.5], "rotation": 180, "texture": "#1"},
				"west": {"uv": [9.5, 10, 10, 10.5], "rotation": 90, "texture": "#1"},
				"up": {"uv": [10, 10, 10.5, 10.5], "rotation": 180, "texture": "#1"},
				"down": {"uv": [10, 8.5, 10.5, 9], "texture": "#1"}
			}
		},
		{
			"from": [19, 1, 10.5],
			"to": [21, 3, 11.5],
			"rotation": {"angle": 0, "axis": "y", "origin": [16, 1.5, 15]},
			"faces": {
				"north": {"uv": [5, 9.5, 4, 10], "texture": "#1"},
				"east": {"uv": [1.5, 10.5, 2, 11], "rotation": 270, "texture": "#1"},
				"south": {"uv": [10.5, 4, 9.5, 3.5], "rotation": 180, "texture": "#1"},
				"west": {"uv": [10.5, 1, 11, 1.5], "rotation": 90, "texture": "#1"},
				"up": {"uv": [0, 9.5, 1, 10], "rotation": 180, "texture": "#1"},
				"down": {"uv": [6, 9, 7, 9.5], "texture": "#1"}
			}
		},
		{
			"from": [10, 1, 17.5],
			"to": [11, 3, 18.5],
			"rotation": {"angle": 0, "axis": "y", "origin": [16, 1.5, 15]},
			"faces": {
				"north": {"uv": [4, 10.5, 3.5, 11], "texture": "#1"},
				"east": {"uv": [2.5, 10.5, 3, 11], "rotation": 270, "texture": "#1"},
				"south": {"uv": [3.5, 11, 3, 10.5], "rotation": 180, "texture": "#1"},
				"west": {"uv": [2, 10.5, 2.5, 11], "rotation": 90, "texture": "#1"},
				"up": {"uv": [10.5, 2, 11, 2.5], "rotation": 180, "texture": "#1"},
				"down": {"uv": [10.5, 1.5, 11, 2], "texture": "#1"}
			}
		},
		{
			"from": [10, 1, 11.5],
			"to": [11, 3, 12.5],
			"rotation": {"angle": 0, "axis": "y", "origin": [16, 1.5, 15]},
			"faces": {
				"north": {"uv": [4, 10.5, 3.5, 11], "texture": "#1"},
				"east": {"uv": [2.5, 10.5, 3, 11], "rotation": 270, "texture": "#1"},
				"south": {"uv": [3.5, 11, 3, 10.5], "rotation": 180, "texture": "#1"},
				"west": {"uv": [2, 10.5, 2.5, 11], "rotation": 90, "texture": "#1"},
				"up": {"uv": [10.5, 2, 11, 2.5], "rotation": 180, "texture": "#1"},
				"down": {"uv": [10.5, 1.5, 11, 2], "texture": "#1"}
			}
		},
		{
			"from": [19, 1, 18.5],
			"to": [21, 3, 19.5],
			"rotation": {"angle": 0, "axis": "y", "origin": [16, 1.5, 15]},
			"faces": {
				"north": {"uv": [10.5, 5, 9.5, 5.5], "texture": "#1"},
				"east": {"uv": [4, 10.5, 4.5, 11], "rotation": 270, "texture": "#1"},
				"south": {"uv": [6, 10, 5, 9.5], "rotation": 180, "texture": "#1"},
				"west": {"uv": [10.5, 3.5, 11, 4], "rotation": 90, "texture": "#1"},
				"up": {"uv": [9.5, 4.5, 10.5, 5], "rotation": 180, "texture": "#1"},
				"down": {"uv": [9.5, 4, 10.5, 4.5], "texture": "#1"}
			}
		},
		{
			"from": [11, 1, 18.5],
			"to": [13, 3, 19.5],
			"rotation": {"angle": 0, "axis": "y", "origin": [16, 1.5, 15]},
			"faces": {
				"north": {"uv": [8, 9.5, 7, 10], "texture": "#1"},
				"east": {"uv": [4.5, 10.5, 5, 11], "rotation": 270, "texture": "#1"},
				"south": {"uv": [10.5, 6.5, 9.5, 6], "rotation": 180, "texture": "#1"},
				"west": {"uv": [10.5, 4, 11, 4.5], "rotation": 90, "texture": "#1"},
				"up": {"uv": [6, 9.5, 7, 10], "rotation": 180, "texture": "#1"},
				"down": {"uv": [9.5, 5.5, 10.5, 6], "texture": "#1"}
			}
		},
		{
			"from": [11, 1, 10.5],
			"to": [13, 3, 11.5],
			"rotation": {"angle": 0, "axis": "y", "origin": [16, 1.5, 15]},
			"faces": {
				"north": {"uv": [8, 9.5, 7, 10], "texture": "#1"},
				"east": {"uv": [4.5, 10.5, 5, 11], "rotation": 270, "texture": "#1"},
				"south": {"uv": [10.5, 6.5, 9.5, 6], "rotation": 180, "texture": "#1"},
				"west": {"uv": [10.5, 4, 11, 4.5], "rotation": 90, "texture": "#1"},
				"up": {"uv": [6, 9.5, 7, 10], "rotation": 180, "texture": "#1"},
				"down": {"uv": [9.5, 5.5, 10.5, 6], "texture": "#1"}
			}
		},
		{
			"from": [12, 1, 11.5],
			"to": [13, 3, 12.5],
			"rotation": {"angle": 0, "axis": "y", "origin": [16, 1.5, 15]},
			"faces": {
				"north": {"uv": [7, 10.5, 6.5, 11], "texture": "#1"},
				"east": {"uv": [6, 10.5, 6.5, 11], "rotation": 270, "texture": "#1"},
				"south": {"uv": [11, 6.5, 10.5, 6], "rotation": 180, "texture": "#1"},
				"west": {"uv": [5.5, 10.5, 6, 11], "rotation": 90, "texture": "#1"},
				"up": {"uv": [10.5, 5.5, 11, 6], "rotation": 180, "texture": "#1"},
				"down": {"uv": [10.5, 5, 11, 5.5], "texture": "#1"}
			}
		},
		{
			"from": [11, 1, 11.5],
			"to": [12, 3, 12.5],
			"rotation": {"angle": 0, "axis": "y", "origin": [16, 1.5, 15]},
			"faces": {
				"north": {"uv": [7, 10.5, 6.5, 11], "texture": "#1"},
				"east": {"uv": [6, 10.5, 6.5, 11], "rotation": 270, "texture": "#1"},
				"south": {"uv": [11, 6.5, 10.5, 6], "rotation": 180, "texture": "#1"},
				"west": {"uv": [5.5, 10.5, 6, 11], "rotation": 90, "texture": "#1"},
				"up": {"uv": [10.5, 5.5, 11, 6], "rotation": 180, "texture": "#1"},
				"down": {"uv": [10.5, 5, 11, 5.5], "texture": "#1"}
			}
		},
		{
			"from": [13, 1, 11.5],
			"to": [14, 3, 12.5],
			"rotation": {"angle": 0, "axis": "y", "origin": [16, 1.5, 15]},
			"faces": {
				"north": {"uv": [7, 10.5, 6.5, 11], "texture": "#1"},
				"east": {"uv": [6, 10.5, 6.5, 11], "rotation": 270, "texture": "#1"},
				"south": {"uv": [11, 6.5, 10.5, 6], "rotation": 180, "texture": "#1"},
				"west": {"uv": [5.5, 10.5, 6, 11], "rotation": 90, "texture": "#1"},
				"up": {"uv": [10.5, 5.5, 11, 6], "rotation": 180, "texture": "#1"},
				"down": {"uv": [10.5, 5, 11, 5.5], "texture": "#1"}
			}
		},
		{
			"from": [13, 1, 12.5],
			"to": [14, 3, 13.5],
			"rotation": {"angle": 0, "axis": "y", "origin": [16, 1.5, 15]},
			"faces": {
				"north": {"uv": [7, 10.5, 6.5, 11], "texture": "#1"},
				"east": {"uv": [6, 10.5, 6.5, 11], "rotation": 270, "texture": "#1"},
				"south": {"uv": [11, 6.5, 10.5, 6], "rotation": 180, "texture": "#1"},
				"west": {"uv": [5.5, 10.5, 6, 11], "rotation": 90, "texture": "#1"},
				"up": {"uv": [10.5, 5.5, 11, 6], "rotation": 180, "texture": "#1"},
				"down": {"uv": [10.5, 5, 11, 5.5], "texture": "#1"}
			}
		},
		{
			"from": [13, 1, 10.5],
			"to": [14, 3, 11.5],
			"rotation": {"angle": 0, "axis": "y", "origin": [16, 1.5, 15]},
			"faces": {
				"north": {"uv": [7, 10.5, 6.5, 11], "texture": "#1"},
				"east": {"uv": [6, 10.5, 6.5, 11], "rotation": 270, "texture": "#1"},
				"south": {"uv": [11, 6.5, 10.5, 6], "rotation": 180, "texture": "#1"},
				"west": {"uv": [5.5, 10.5, 6, 11], "rotation": 90, "texture": "#1"},
				"up": {"uv": [10.5, 5.5, 11, 6], "rotation": 180, "texture": "#1"},
				"down": {"uv": [10.5, 5, 11, 5.5], "texture": "#1"}
			}
		},
		{
			"from": [13, 1, 9.5],
			"to": [19, 3, 10.5],
			"rotation": {"angle": 0, "axis": "y", "origin": [16, 1.5, 15]},
			"faces": {
				"north": {"uv": [9.5, 0.5, 7.5, 1], "texture": "#1"},
				"east": {"uv": [7, 10.5, 7.5, 11], "rotation": 270, "texture": "#1"},
				"south": {"uv": [9.5, 0.5, 7.5, 0], "rotation": 180, "texture": "#1"},
				"west": {"uv": [10.5, 6.5, 11, 7], "rotation": 90, "texture": "#1"},
				"up": {"uv": [7, 7, 9, 7.5], "rotation": 180, "texture": "#1"},
				"down": {"uv": [7, 6.5, 9, 7], "texture": "#1"}
			}
		},
		{
			"from": [13, 1, 19.5],
			"to": [19, 3, 20.5],
			"rotation": {"angle": 0, "axis": "y", "origin": [16, 1.5, 15]},
			"faces": {
				"north": {"uv": [8.5, 4.5, 5.5, 5], "texture": "#1"},
				"east": {"uv": [7.5, 10.5, 8, 11], "rotation": 270, "texture": "#1"},
				"south": {"uv": [8.5, 2.5, 5.5, 2], "rotation": 180, "texture": "#1"},
				"west": {"uv": [10.5, 7, 11, 7.5], "rotation": 90, "texture": "#1"},
				"up": {"uv": [5.5, 1.5, 8.5, 2], "rotation": 180, "texture": "#1"},
				"down": {"uv": [5.5, 1, 8.5, 1.5], "texture": "#1"}
			}
		},
		{
			"from": [10, 1, 12.5],
			"to": [13, 3, 17.5],
			"rotation": {"angle": 0, "axis": "y", "origin": [16, 1.5, 15]},
			"faces": {
				"north": {"uv": [11, 0.5, 9.5, 1], "texture": "#1"},
				"east": {"uv": [5.5, 6.5, 6, 9], "rotation": 270, "texture": "#1"},
				"south": {"uv": [11, 0.5, 9.5, 0], "rotation": 180, "texture": "#1"},
				"west": {"uv": [5, 6.5, 5.5, 9], "rotation": 90, "texture": "#1"},
				"up": {"uv": [1.5, 2.5, 3, 5], "rotation": 180, "texture": "#1"},
				"down": {"uv": [0, 2.5, 1.5, 5], "texture": "#1"}
			}
		},
		{
			"from": [13, 1, 13.5],
			"to": [15, 3, 17.5],
			"rotation": {"angle": 0, "axis": "y", "origin": [16, 1.5, 15]},
			"faces": {
				"north": {"uv": [9, 9.5, 8, 10], "texture": "#1"},
				"east": {"uv": [7, 7.5, 7.5, 9.5], "rotation": 270, "texture": "#1"},
				"south": {"uv": [10.5, 8, 9.5, 7.5], "rotation": 180, "texture": "#1"},
				"west": {"uv": [4, 7.5, 4.5, 9.5], "rotation": 90, "texture": "#1"},
				"up": {"uv": [0, 5, 1, 7], "rotation": 180, "texture": "#1"},
				"down": {"uv": [4.5, 4.5, 5.5, 6.5], "texture": "#1"}
			}
		},
		{
			"from": [19, 1, 12.5],
			"to": [22, 3, 17.5],
			"rotation": {"angle": 0, "axis": "y", "origin": [16, 1.5, 15]},
			"faces": {
				"north": {"uv": [11, 3, 9.5, 3.5], "texture": "#1"},
				"east": {"uv": [6.5, 6.5, 7, 9], "rotation": 270, "texture": "#1"},
				"south": {"uv": [11, 3, 9.5, 2.5], "rotation": 180, "texture": "#1"},
				"west": {"uv": [6, 6.5, 6.5, 9], "rotation": 90, "texture": "#1"},
				"up": {"uv": [4, 0, 5.5, 2.5], "rotation": 180, "texture": "#1"},
				"down": {"uv": [3, 2.5, 4.5, 5], "texture": "#1"}
			}
		},
		{
			"from": [15, 1, 12.5],
			"to": [19, 3, 17.5],
			"rotation": {"angle": 0, "axis": "y", "origin": [16, 1.5, 15]},
			"faces": {
				"north": {"uv": [9.5, 8, 7.5, 8.5], "texture": "#1"},
				"east": {"uv": [0.5, 7, 1, 9.5], "rotation": 270, "texture": "#1"},
				"south": {"uv": [9.5, 8, 7.5, 7.5], "rotation": 180, "texture": "#1"},
				"west": {"uv": [0, 7, 0.5, 9.5], "rotation": 90, "texture": "#1"},
				"up": {"uv": [2, 0, 4, 2.5], "rotation": 180, "texture": "#1"},
				"down": {"uv": [0, 0, 2, 2.5], "texture": "#1"}
			}
		},
		{
			"from": [15, 1, 10.5],
			"to": [19, 3, 12.5],
			"rotation": {"angle": 0, "axis": "y", "origin": [16, 1.5, 15]},
			"faces": {
				"north": {"uv": [10.5, 1.5, 8.5, 2], "texture": "#1"},
				"east": {"uv": [9, 9.5, 9.5, 10.5], "rotation": 270, "texture": "#1"},
				"south": {"uv": [10.5, 1.5, 8.5, 1], "rotation": 180, "texture": "#1"},
				"west": {"uv": [9.5, 8, 10, 9], "rotation": 90, "texture": "#1"},
				"up": {"uv": [5.5, 0, 7.5, 1], "rotation": 180, "texture": "#1"},
				"down": {"uv": [1, 5, 3, 6], "texture": "#1"}
			}
		},
		{
			"from": [19, 1, 11.5],
			"to": [21, 3, 12.5],
			"rotation": {"angle": 0, "axis": "y", "origin": [16, 1.5, 15]},
			"faces": {
				"north": {"uv": [2, 10, 1, 10.5], "texture": "#1"},
				"east": {"uv": [8, 10.5, 8.5, 11], "rotation": 270, "texture": "#1"},
				"south": {"uv": [1, 10.5, 0, 10], "rotation": 180, "texture": "#1"},
				"west": {"uv": [10.5, 7.5, 11, 8], "rotation": 90, "texture": "#1"},
				"up": {"uv": [9.5, 9.5, 10.5, 10], "rotation": 180, "texture": "#1"},
				"down": {"uv": [9.5, 9, 10.5, 9.5], "texture": "#1"}
			}
		},
		{
			"from": [11, 1, 17.5],
			"to": [21, 3, 18.5],
			"rotation": {"angle": 0, "axis": "y", "origin": [16, 1.5, 15]},
			"faces": {
				"north": {"uv": [9.5, 4, 4.5, 4.5], "texture": "#1"},
				"east": {"uv": [8.5, 10.5, 9, 11], "rotation": 270, "texture": "#1"},
				"south": {"uv": [9.5, 4, 4.5, 3.5], "rotation": 180, "texture": "#1"},
				"west": {"uv": [10.5, 8, 11, 8.5], "rotation": 90, "texture": "#1"},
				"up": {"uv": [4.5, 3, 9.5, 3.5], "rotation": 180, "texture": "#1"},
				"down": {"uv": [4.5, 2.5, 9.5, 3], "texture": "#1"}
			}
		},
		{
			"from": [13, 1, 18.5],
			"to": [19, 3, 19.5],
			"rotation": {"angle": 0, "axis": "y", "origin": [16, 1.5, 15]},
			"faces": {
				"north": {"uv": [8.5, 6, 5.5, 6.5], "texture": "#1"},
				"east": {"uv": [9, 10.5, 9.5, 11], "rotation": 270, "texture": "#1"},
				"south": {"uv": [4, 6.5, 1, 6], "rotation": 180, "texture": "#1"},
				"west": {"uv": [10.5, 8.5, 11, 9], "rotation": 90, "texture": "#1"},
				"up": {"uv": [5.5, 5.5, 8.5, 6], "rotation": 180, "texture": "#1"},
				"down": {"uv": [5.5, 5, 8.5, 5.5], "texture": "#1"}
			}
		},
		{
			"from": [6, 1, 12.5],
			"to": [7, 3, 17.5],
			"rotation": {"angle": 0, "axis": "y", "origin": [8, 0.5, 8.5]},
			"faces": {
				"north": {"uv": [4.5, 10, 4, 10.5], "texture": "#1"},
				"east": {"uv": [2, 6.5, 2.5, 9], "rotation": 270, "texture": "#1"},
				"south": {"uv": [10.5, 2.5, 10, 2], "rotation": 180, "texture": "#1"},
				"west": {"uv": [1, 6.5, 1.5, 9], "rotation": 90, "texture": "#1"},
				"up": {"uv": [1.5, 6.5, 2, 9], "rotation": 180, "texture": "#1"},
				"down": {"uv": [4, 5, 4.5, 7.5], "texture": "#1"}
			}
		},
		{
			"from": [-2, 1, 10.5],
			"to": [-1, 3, 13.5],
			"rotation": {"angle": 0, "axis": "y", "origin": [8, 0.5, 8.5]},
			"faces": {
				"north": {"uv": [5.5, 10, 5, 10.5], "texture": "#1"},
				"east": {"uv": [3.5, 9, 4, 10.5], "rotation": 270, "texture": "#1"},
				"south": {"uv": [5, 10.5, 4.5, 10], "rotation": 180, "texture": "#1"},
				"west": {"uv": [2.5, 9, 3, 10.5], "rotation": 90, "texture": "#1"},
				"up": {"uv": [3, 9, 3.5, 10.5], "rotation": 180, "texture": "#1"},
				"down": {"uv": [2, 9, 2.5, 10.5], "texture": "#1"}
			}
		},
		{
			"from": [-7, 1, 12.5],
			"to": [-6, 3, 17.5],
			"rotation": {"angle": 0, "axis": "y", "origin": [8, 0.5, 8.5]},
			"faces": {
				"north": {"uv": [6.5, 10, 6, 10.5], "texture": "#1"},
				"east": {"uv": [4.5, 6.5, 5, 9], "rotation": 270, "texture": "#1"},
				"south": {"uv": [6, 10.5, 5.5, 10], "rotation": 180, "texture": "#1"},
				"west": {"uv": [3, 6.5, 3.5, 9], "rotation": 90, "texture": "#1"},
				"up": {"uv": [3.5, 6.5, 4, 9], "rotation": 180, "texture": "#1"},
				"down": {"uv": [2.5, 6.5, 3, 9], "texture": "#1"}
			}
		},
		{
			"from": [5, 1, 17.5],
			"to": [6, 3, 18.5],
			"rotation": {"angle": 0, "axis": "y", "origin": [8, 0.5, 8.5]},
			"faces": {
				"north": {"uv": [9, 10, 8.5, 10.5], "texture": "#1"},
				"east": {"uv": [8, 10, 8.5, 10.5], "rotation": 270, "texture": "#1"},
				"south": {"uv": [10.5, 8.5, 10, 8], "rotation": 180, "texture": "#1"},
				"west": {"uv": [7, 10, 7.5, 10.5], "rotation": 90, "texture": "#1"},
				"up": {"uv": [7.5, 10, 8, 10.5], "rotation": 180, "texture": "#1"},
				"down": {"uv": [6.5, 10, 7, 10.5], "texture": "#1"}
			}
		},
		{
			"from": [5, 1, 11.5],
			"to": [6, 3, 12.5],
			"rotation": {"angle": 0, "axis": "y", "origin": [8, 0.5, 8.5]},
			"faces": {
				"north": {"uv": [1.5, 10.5, 1, 11], "texture": "#1"},
				"east": {"uv": [0, 10.5, 0.5, 11], "rotation": 270, "texture": "#1"},
				"south": {"uv": [1, 11, 0.5, 10.5], "rotation": 180, "texture": "#1"},
				"west": {"uv": [9.5, 10, 10, 10.5], "rotation": 90, "texture": "#1"},
				"up": {"uv": [10, 10, 10.5, 10.5], "rotation": 180, "texture": "#1"},
				"down": {"uv": [10, 8.5, 10.5, 9], "texture": "#1"}
			}
		},
		{
			"from": [3, 1, 10.5],
			"to": [5, 3, 11.5],
			"rotation": {"angle": 0, "axis": "y", "origin": [8, 0.5, 8.5]},
			"faces": {
				"north": {"uv": [5, 9.5, 4, 10], "texture": "#1"},
				"east": {"uv": [1.5, 10.5, 2, 11], "rotation": 270, "texture": "#1"},
				"south": {"uv": [10.5, 4, 9.5, 3.5], "rotation": 180, "texture": "#1"},
				"west": {"uv": [10.5, 1, 11, 1.5], "rotation": 90, "texture": "#1"},
				"up": {"uv": [0, 9.5, 1, 10], "rotation": 180, "texture": "#1"},
				"down": {"uv": [6, 9, 7, 9.5], "texture": "#1"}
			}
		},
		{
			"from": [-6, 1, 17.5],
			"to": [-5, 3, 18.5],
			"rotation": {"angle": 0, "axis": "y", "origin": [8, 0.5, 8.5]},
			"faces": {
				"north": {"uv": [4, 10.5, 3.5, 11], "texture": "#1"},
				"east": {"uv": [2.5, 10.5, 3, 11], "rotation": 270, "texture": "#1"},
				"south": {"uv": [3.5, 11, 3, 10.5], "rotation": 180, "texture": "#1"},
				"west": {"uv": [2, 10.5, 2.5, 11], "rotation": 90, "texture": "#1"},
				"up": {"uv": [10.5, 2, 11, 2.5], "rotation": 180, "texture": "#1"},
				"down": {"uv": [10.5, 1.5, 11, 2], "texture": "#1"}
			}
		},
		{
			"from": [-6, 1, 11.5],
			"to": [-5, 3, 12.5],
			"rotation": {"angle": 0, "axis": "y", "origin": [8, 0.5, 8.5]},
			"faces": {
				"north": {"uv": [4, 10.5, 3.5, 11], "texture": "#1"},
				"east": {"uv": [2.5, 10.5, 3, 11], "rotation": 270, "texture": "#1"},
				"south": {"uv": [3.5, 11, 3, 10.5], "rotation": 180, "texture": "#1"},
				"west": {"uv": [2, 10.5, 2.5, 11], "rotation": 90, "texture": "#1"},
				"up": {"uv": [10.5, 2, 11, 2.5], "rotation": 180, "texture": "#1"},
				"down": {"uv": [10.5, 1.5, 11, 2], "texture": "#1"}
			}
		},
		{
			"from": [3, 1, 18.5],
			"to": [5, 3, 19.5],
			"rotation": {"angle": 0, "axis": "y", "origin": [8, 0.5, 8.5]},
			"faces": {
				"north": {"uv": [10.5, 5, 9.5, 5.5], "texture": "#1"},
				"east": {"uv": [4, 10.5, 4.5, 11], "rotation": 270, "texture": "#1"},
				"south": {"uv": [6, 10, 5, 9.5], "rotation": 180, "texture": "#1"},
				"west": {"uv": [10.5, 3.5, 11, 4], "rotation": 90, "texture": "#1"},
				"up": {"uv": [9.5, 4.5, 10.5, 5], "rotation": 180, "texture": "#1"},
				"down": {"uv": [9.5, 4, 10.5, 4.5], "texture": "#1"}
			}
		},
		{
			"from": [-5, 1, 18.5],
			"to": [-3, 3, 19.5],
			"rotation": {"angle": 0, "axis": "y", "origin": [8, 0.5, 8.5]},
			"faces": {
				"north": {"uv": [8, 9.5, 7, 10], "texture": "#1"},
				"east": {"uv": [4.5, 10.5, 5, 11], "rotation": 270, "texture": "#1"},
				"south": {"uv": [10.5, 6.5, 9.5, 6], "rotation": 180, "texture": "#1"},
				"west": {"uv": [10.5, 4, 11, 4.5], "rotation": 90, "texture": "#1"},
				"up": {"uv": [6, 9.5, 7, 10], "rotation": 180, "texture": "#1"},
				"down": {"uv": [9.5, 5.5, 10.5, 6], "texture": "#1"}
			}
		},
		{
			"from": [-5, 1, 10.5],
			"to": [-3, 3, 11.5],
			"rotation": {"angle": 0, "axis": "y", "origin": [8, 0.5, 8.5]},
			"faces": {
				"north": {"uv": [8, 9.5, 7, 10], "texture": "#1"},
				"east": {"uv": [4.5, 10.5, 5, 11], "rotation": 270, "texture": "#1"},
				"south": {"uv": [10.5, 6.5, 9.5, 6], "rotation": 180, "texture": "#1"},
				"west": {"uv": [10.5, 4, 11, 4.5], "rotation": 90, "texture": "#1"},
				"up": {"uv": [6, 9.5, 7, 10], "rotation": 180, "texture": "#1"},
				"down": {"uv": [9.5, 5.5, 10.5, 6], "texture": "#1"}
			}
		},
		{
			"from": [-4, 1, 11.5],
			"to": [-3, 3, 12.5],
			"rotation": {"angle": 0, "axis": "y", "origin": [8, 0.5, 8.5]},
			"faces": {
				"north": {"uv": [7, 10.5, 6.5, 11], "texture": "#1"},
				"east": {"uv": [6, 10.5, 6.5, 11], "rotation": 270, "texture": "#1"},
				"south": {"uv": [11, 6.5, 10.5, 6], "rotation": 180, "texture": "#1"},
				"west": {"uv": [5.5, 10.5, 6, 11], "rotation": 90, "texture": "#1"},
				"up": {"uv": [10.5, 5.5, 11, 6], "rotation": 180, "texture": "#1"},
				"down": {"uv": [10.5, 5, 11, 5.5], "texture": "#1"}
			}
		},
		{
			"from": [-5, 1, 11.5],
			"to": [-4, 3, 12.5],
			"rotation": {"angle": 0, "axis": "y", "origin": [8, 0.5, 8.5]},
			"faces": {
				"north": {"uv": [7, 10.5, 6.5, 11], "texture": "#1"},
				"east": {"uv": [6, 10.5, 6.5, 11], "rotation": 270, "texture": "#1"},
				"south": {"uv": [11, 6.5, 10.5, 6], "rotation": 180, "texture": "#1"},
				"west": {"uv": [5.5, 10.5, 6, 11], "rotation": 90, "texture": "#1"},
				"up": {"uv": [10.5, 5.5, 11, 6], "rotation": 180, "texture": "#1"},
				"down": {"uv": [10.5, 5, 11, 5.5], "texture": "#1"}
			}
		},
		{
			"from": [-3, 1, 11.5],
			"to": [-2, 3, 12.5],
			"rotation": {"angle": 0, "axis": "y", "origin": [8, 0.5, 8.5]},
			"faces": {
				"north": {"uv": [7, 10.5, 6.5, 11], "texture": "#1"},
				"east": {"uv": [6, 10.5, 6.5, 11], "rotation": 270, "texture": "#1"},
				"south": {"uv": [11, 6.5, 10.5, 6], "rotation": 180, "texture": "#1"},
				"west": {"uv": [5.5, 10.5, 6, 11], "rotation": 90, "texture": "#1"},
				"up": {"uv": [10.5, 5.5, 11, 6], "rotation": 180, "texture": "#1"},
				"down": {"uv": [10.5, 5, 11, 5.5], "texture": "#1"}
			}
		},
		{
			"from": [-3, 1, 12.5],
			"to": [-2, 3, 13.5],
			"rotation": {"angle": 0, "axis": "y", "origin": [8, 0.5, 8.5]},
			"faces": {
				"north": {"uv": [7, 10.5, 6.5, 11], "texture": "#1"},
				"east": {"uv": [6, 10.5, 6.5, 11], "rotation": 270, "texture": "#1"},
				"south": {"uv": [11, 6.5, 10.5, 6], "rotation": 180, "texture": "#1"},
				"west": {"uv": [5.5, 10.5, 6, 11], "rotation": 90, "texture": "#1"},
				"up": {"uv": [10.5, 5.5, 11, 6], "rotation": 180, "texture": "#1"},
				"down": {"uv": [10.5, 5, 11, 5.5], "texture": "#1"}
			}
		},
		{
			"from": [-3, 1, 10.5],
			"to": [-2, 3, 11.5],
			"rotation": {"angle": 0, "axis": "y", "origin": [8, 0.5, 8.5]},
			"faces": {
				"north": {"uv": [7, 10.5, 6.5, 11], "texture": "#1"},
				"east": {"uv": [6, 10.5, 6.5, 11], "rotation": 270, "texture": "#1"},
				"south": {"uv": [11, 6.5, 10.5, 6], "rotation": 180, "texture": "#1"},
				"west": {"uv": [5.5, 10.5, 6, 11], "rotation": 90, "texture": "#1"},
				"up": {"uv": [10.5, 5.5, 11, 6], "rotation": 180, "texture": "#1"},
				"down": {"uv": [10.5, 5, 11, 5.5], "texture": "#1"}
			}
		},
		{
			"from": [-3, 1, 9.5],
			"to": [3, 3, 10.5],
			"rotation": {"angle": 0, "axis": "y", "origin": [8, 0.5, 8.5]},
			"faces": {
				"north": {"uv": [9.5, 0.5, 7.5, 1], "texture": "#1"},
				"east": {"uv": [7, 10.5, 7.5, 11], "rotation": 270, "texture": "#1"},
				"south": {"uv": [9.5, 0.5, 7.5, 0], "rotation": 180, "texture": "#1"},
				"west": {"uv": [10.5, 6.5, 11, 7], "rotation": 90, "texture": "#1"},
				"up": {"uv": [7, 7, 9, 7.5], "rotation": 180, "texture": "#1"},
				"down": {"uv": [7, 6.5, 9, 7], "texture": "#1"}
			}
		},
		{
			"from": [-3, 1, 19.5],
			"to": [3, 3, 20.5],
			"rotation": {"angle": 0, "axis": "y", "origin": [8, 0.5, 8.5]},
			"faces": {
				"north": {"uv": [8.5, 4.5, 5.5, 5], "texture": "#1"},
				"east": {"uv": [7.5, 10.5, 8, 11], "rotation": 270, "texture": "#1"},
				"south": {"uv": [8.5, 2.5, 5.5, 2], "rotation": 180, "texture": "#1"},
				"west": {"uv": [10.5, 7, 11, 7.5], "rotation": 90, "texture": "#1"},
				"up": {"uv": [5.5, 1.5, 8.5, 2], "rotation": 180, "texture": "#1"},
				"down": {"uv": [5.5, 1, 8.5, 1.5], "texture": "#1"}
			}
		},
		{
			"from": [-6, 1, 12.5],
			"to": [-3, 3, 17.5],
			"rotation": {"angle": 0, "axis": "y", "origin": [8, 0.5, 8.5]},
			"faces": {
				"north": {"uv": [11, 0.5, 9.5, 1], "texture": "#1"},
				"east": {"uv": [5.5, 6.5, 6, 9], "rotation": 270, "texture": "#1"},
				"south": {"uv": [11, 0.5, 9.5, 0], "rotation": 180, "texture": "#1"},
				"west": {"uv": [5, 6.5, 5.5, 9], "rotation": 90, "texture": "#1"},
				"up": {"uv": [1.5, 2.5, 3, 5], "rotation": 180, "texture": "#1"},
				"down": {"uv": [0, 2.5, 1.5, 5], "texture": "#1"}
			}
		},
		{
			"from": [-3, 1, 13.5],
			"to": [-1, 3, 17.5],
			"rotation": {"angle": 0, "axis": "y", "origin": [8, 0.5, 8.5]},
			"faces": {
				"north": {"uv": [9, 9.5, 8, 10], "texture": "#1"},
				"east": {"uv": [7, 7.5, 7.5, 9.5], "rotation": 270, "texture": "#1"},
				"south": {"uv": [10.5, 8, 9.5, 7.5], "rotation": 180, "texture": "#1"},
				"west": {"uv": [4, 7.5, 4.5, 9.5], "rotation": 90, "texture": "#1"},
				"up": {"uv": [0, 5, 1, 7], "rotation": 180, "texture": "#1"},
				"down": {"uv": [4.5, 4.5, 5.5, 6.5], "texture": "#1"}
			}
		},
		{
			"from": [3, 1, 12.5],
			"to": [6, 3, 17.5],
			"rotation": {"angle": 0, "axis": "y", "origin": [8, 0.5, 8.5]},
			"faces": {
				"north": {"uv": [11, 3, 9.5, 3.5], "texture": "#1"},
				"east": {"uv": [6.5, 6.5, 7, 9], "rotation": 270, "texture": "#1"},
				"south": {"uv": [11, 3, 9.5, 2.5], "rotation": 180, "texture": "#1"},
				"west": {"uv": [6, 6.5, 6.5, 9], "rotation": 90, "texture": "#1"},
				"up": {"uv": [4, 0, 5.5, 2.5], "rotation": 180, "texture": "#1"},
				"down": {"uv": [3, 2.5, 4.5, 5], "texture": "#1"}
			}
		},
		{
			"from": [-1, 1, 12.5],
			"to": [3, 3, 17.5],
			"rotation": {"angle": 0, "axis": "y", "origin": [8, 0.5, 8.5]},
			"faces": {
				"north": {"uv": [9.5, 8, 7.5, 8.5], "texture": "#1"},
				"east": {"uv": [0.5, 7, 1, 9.5], "rotation": 270, "texture": "#1"},
				"south": {"uv": [9.5, 8, 7.5, 7.5], "rotation": 180, "texture": "#1"},
				"west": {"uv": [0, 7, 0.5, 9.5], "rotation": 90, "texture": "#1"},
				"up": {"uv": [2, 0, 4, 2.5], "rotation": 180, "texture": "#1"},
				"down": {"uv": [0, 0, 2, 2.5], "texture": "#1"}
			}
		},
		{
			"from": [-1, 1, 10.5],
			"to": [3, 3, 12.5],
			"rotation": {"angle": 0, "axis": "y", "origin": [8, 0.5, 8.5]},
			"faces": {
				"north": {"uv": [10.5, 1.5, 8.5, 2], "texture": "#1"},
				"east": {"uv": [9, 9.5, 9.5, 10.5], "rotation": 270, "texture": "#1"},
				"south": {"uv": [10.5, 1.5, 8.5, 1], "rotation": 180, "texture": "#1"},
				"west": {"uv": [9.5, 8, 10, 9], "rotation": 90, "texture": "#1"},
				"up": {"uv": [5.5, 0, 7.5, 1], "rotation": 180, "texture": "#1"},
				"down": {"uv": [1, 5, 3, 6], "texture": "#1"}
			}
		},
		{
			"from": [3, 1, 11.5],
			"to": [5, 3, 12.5],
			"rotation": {"angle": 0, "axis": "y", "origin": [8, 0.5, 8.5]},
			"faces": {
				"north": {"uv": [2, 10, 1, 10.5], "texture": "#1"},
				"east": {"uv": [8, 10.5, 8.5, 11], "rotation": 270, "texture": "#1"},
				"south": {"uv": [1, 10.5, 0, 10], "rotation": 180, "texture": "#1"},
				"west": {"uv": [10.5, 7.5, 11, 8], "rotation": 90, "texture": "#1"},
				"up": {"uv": [9.5, 9.5, 10.5, 10], "rotation": 180, "texture": "#1"},
				"down": {"uv": [9.5, 9, 10.5, 9.5], "texture": "#1"}
			}
		},
		{
			"from": [-5, 1, 17.5],
			"to": [5, 3, 18.5],
			"rotation": {"angle": 0, "axis": "y", "origin": [8, 0.5, 8.5]},
			"faces": {
				"north": {"uv": [9.5, 4, 4.5, 4.5], "texture": "#1"},
				"east": {"uv": [8.5, 10.5, 9, 11], "rotation": 270, "texture": "#1"},
				"south": {"uv": [9.5, 4, 4.5, 3.5], "rotation": 180, "texture": "#1"},
				"west": {"uv": [10.5, 8, 11, 8.5], "rotation": 90, "texture": "#1"},
				"up": {"uv": [4.5, 3, 9.5, 3.5], "rotation": 180, "texture": "#1"},
				"down": {"uv": [4.5, 2.5, 9.5, 3], "texture": "#1"}
			}
		},
		{
			"from": [-3, 1, 18.5],
			"to": [3, 3, 19.5],
			"rotation": {"angle": 0, "axis": "y", "origin": [8, 0.5, 8.5]},
			"faces": {
				"north": {"uv": [8.5, 6, 5.5, 6.5], "texture": "#1"},
				"east": {"uv": [9, 10.5, 9.5, 11], "rotation": 270, "texture": "#1"},
				"south": {"uv": [4, 6.5, 1, 6], "rotation": 180, "texture": "#1"},
				"west": {"uv": [10.5, 8.5, 11, 9], "rotation": 90, "texture": "#1"},
				"up": {"uv": [5.5, 5.5, 8.5, 6], "rotation": 180, "texture": "#1"},
				"down": {"uv": [5.5, 5, 8.5, 5.5], "texture": "#1"}
			}
		}
	],
	"gui_light": "front",
	"display": {
		"thirdperson_righthand": {
			"rotation": [90, 0, 0],
			"translation": [0, 3.5, 2],
			"scale": [0.3, 0.2, 0.3]
		},
		"thirdperson_lefthand": {
			"rotation": [90, 0, 0],
			"translation": [0, 3.5, 2],
			"scale": [0.3, 0.2, 0.3]
		},
		"firstperson_righthand": {
			"rotation": [90, -60, 90],
			"translation": [0.25, 3.25, 2],
			"scale": [0.3, 0.2, 0.3]
		},
		"firstperson_lefthand": {
			"rotation": [90, -60, 90],
			"translation": [0.25, 3.25, 2],
			"scale": [0.3, 0.2, 0.3]
		},
		"ground": {
			"rotation": [90, 90, -90],
			"translation": [0, 4, 0],
			"scale": [0.3, 0.2, 0.3]
		},
		"gui": {
			"rotation": [45, 45, 0],
			"translation": [0.25, 0.5, -2],
			"scale": [0.35, 0.3, 0.4]
		},
		"head": {
			"translation": [-17, -21, -16.5],
			"scale": [1.05, 1, 1.11]
		},
		"fixed": {
			"rotation": [-90, 45, 0],
			"translation": [0.5, 0.5, -2],
			"scale": [0.4, 0.3, 0.4]
		}
	},
	"groups": [
		{
			"name": "box",
			"origin": [8, 8, 8],
			"color": 0,
			"children": [0, 1, 2, 3, 4, 5, 6, 7, 8]
		},
		{
			"name": "sweets",
			"origin": [8, 8, 8],
			"color": 0,
			"children": [
				{
					"name": "buns",
					"origin": [8, 8, 8],
					"color": 0,
					"children": [
						{
							"name": "Edge",
							"origin": [8, 8, 8],
							"color": 0,
							"children": [9, 10, 11, 12, 13, 14, 15, 16, 17, 18, 19, 20, 21, 22, 23, 24, 25, 26]
						},
						{
							"name": "Inner",
							"origin": [0, 0, 0],
							"color": 0,
							"children": [27, 28, 29, 30, 31, 32, 33, 34]
						}
					]
				},
				{
					"name": "buns",
					"origin": [8, 8, 8],
					"color": 0,
					"children": [
						{
							"name": "Edge",
							"origin": [8, 8, 8],
							"color": 0,
							"children": [35, 36, 37, 38, 39, 40, 41, 42, 43, 44, 45, 46, 47, 48, 49, 50, 51, 52]
						},
						{
							"name": "Inner",
							"origin": [0, 0, 0],
							"color": 0,
							"children": [53, 54, 55, 56, 57, 58, 59, 60]
						}
					]
				},
				{
					"name": "buns",
					"origin": [8, 8, 8],
					"color": 0,
					"children": [
						{
							"name": "Edge",
							"origin": [8, 8, 8],
							"color": 0,
							"children": [61, 62, 63, 64, 65, 66, 67, 68, 69, 70, 71, 72, 73, 74, 75, 76, 77, 78]
						},
						{
							"name": "Inner",
							"origin": [0, 0, 0],
							"color": 0,
							"children": [79, 80, 81, 82, 83, 84, 85, 86]
						}
					]
				},
				{
					"name": "buns",
					"origin": [8, 8, 8],
					"color": 0,
					"children": [
						{
							"name": "Edge",
							"origin": [8, 8, 8],
							"color": 0,
							"children": [87, 88, 89, 90, 91, 92, 93, 94, 95, 96, 97, 98, 99, 100, 101, 102, 103, 104]
						},
						{
							"name": "Inner",
							"origin": [0, 0, 0],
							"color": 0,
							"children": [105, 106, 107, 108, 109, 110, 111, 112]
						}
					]
				}
			]
		}
	]
}