{
	"credit": "Made with Blockbench",
	"texture_size": [32, 32],
	"textures": {
		"2": "custom/foxfudge",
		"3": "custom/sweet_box_holder",
		"particle": "custom/foxfudge"
	},
	"elements": [
		{
			"from": [-5, -2, -5],
			"to": [-4, 8, 19],
			"faces": {
				"north": {"uv": [5, 6.75, 5.125, 8], "texture": "#3"},
				"east": {"uv": [3, 5, 6, 6.25], "texture": "#3"},
				"south": {"uv": [5.125, 6.75, 5.25, 8], "texture": "#3"},
				"west": {"uv": [0, 6, 3, 7.25], "texture": "#3"},
				"up": {"uv": [4.625, 9.75, 4.5, 6.75], "texture": "#3"},
				"down": {"uv": [4.75, 6.75, 4.625, 9.75], "texture": "#3"}
			}
		},
		{
			"from": [20, -2, -5],
			"to": [21, 8, 19],
			"faces": {
				"north": {"uv": [5.25, 6.75, 5.375, 8], "texture": "#3"},
				"east": {"uv": [6, 5, 9, 6.25], "texture": "#3"},
				"south": {"uv": [5.375, 6.75, 5.5, 8], "texture": "#3"},
				"west": {"uv": [6.25, 0, 9.25, 1.25], "texture": "#3"},
				"up": {"uv": [4.875, 9.75, 4.75, 6.75], "texture": "#3"},
				"down": {"uv": [5, 6.75, 4.875, 9.75], "texture": "#3"}
			}
		},
		{
			"from": [-5, -2, -6],
			"to": [21, 8, -5],
			"rotation": {"angle": 0, "axis": "y", "origin": [19.5, 3.5, 7]},
			"faces": {
				"north": {"uv": [3, 0, 6.25, 1.25], "texture": "#3"},
				"east": {"uv": [5.5, 6.75, 5.625, 8], "texture": "#3"},
				"south": {"uv": [3, 1.25, 6.25, 2.5], "texture": "#3"},
				"west": {"uv": [5.625, 6.75, 5.75, 8], "texture": "#3"},
				"up": {"uv": [10, 2.625, 6.75, 2.5], "texture": "#3"},
				"down": {"uv": [10, 2.625, 6.75, 2.75], "texture": "#3"}
			}
		},
		{
			"from": [-5, -2, 19],
			"to": [21, 8, 20],
			"rotation": {"angle": 0, "axis": "y", "origin": [19.5, 3.5, 7]},
			"faces": {
				"north": {"uv": [3, 2.5, 6.25, 3.75], "texture": "#3"},
				"east": {"uv": [5.75, 6.75, 5.875, 8], "texture": "#3"},
				"south": {"uv": [3, 3.75, 6.25, 5], "texture": "#3"},
				"west": {"uv": [5.875, 6.75, 6, 8], "texture": "#3"},
				"up": {"uv": [10, 2.875, 6.75, 2.75], "texture": "#3"},
				"down": {"uv": [10, 2.875, 6.75, 3], "texture": "#3"}
			}
		},
		{
			"name": "bottom",
			"from": [-4, -2, -5],
			"to": [20, 1, 19],
			"faces": {
				"north": {"uv": [6.25, 4.75, 9.25, 5], "texture": "#3"},
				"east": {"uv": [6.75, 1.75, 9.75, 2], "texture": "#3"},
				"south": {"uv": [6.75, 2, 9.75, 2.25], "texture": "#3"},
				"west": {"uv": [6.75, 2.25, 9.75, 2.5], "texture": "#3"},
				"up": {"uv": [3, 3, 0, 0], "texture": "#3"},
				"down": {"uv": [3, 3, 0, 6], "texture": "#3"}
			}
		},
		{
			"name": "bottom",
			"from": [16, 7, -5],
			"to": [20, 8, 19],
			"faces": {
				"north": {"uv": [6.75, 4, 7.25, 4.125], "texture": "#3"},
				"east": {"uv": [6.75, 3, 9.75, 3.125], "texture": "#3"},
				"south": {"uv": [6.75, 4.125, 7.25, 4.25], "texture": "#3"},
				"west": {"uv": [6.75, 3.125, 9.75, 3.25], "texture": "#3"},
				"up": {"uv": [6.75, 4.25, 6.25, 1.25], "texture": "#3"},
				"down": {"uv": [3.5, 6.25, 3, 9.25], "texture": "#3"}
			}
		},
		{
			"name": "bottom",
			"from": [-4, 7, -5],
			"to": [0, 8, 19],
			"faces": {
				"north": {"uv": [6, 6.75, 6.5, 6.875], "texture": "#3"},
				"east": {"uv": [6.75, 3.25, 9.75, 3.375], "texture": "#3"},
				"south": {"uv": [6.5, 6.75, 7, 6.875], "texture": "#3"},
				"west": {"uv": [6.75, 3.375, 9.75, 3.5], "texture": "#3"},
				"up": {"uv": [4, 9.25, 3.5, 6.25], "texture": "#3"},
				"down": {"uv": [4.5, 6.25, 4, 9.25], "texture": "#3"}
			}
		},
		{
			"name": "bottom",
			"from": [0, 7, -5],
			"to": [16, 8, -1],
			"rotation": {"angle": 0, "axis": "y", "origin": [8, 0, 7]},
			"faces": {
				"north": {"uv": [6.75, 3.5, 8.75, 3.625], "texture": "#3"},
				"east": {"uv": [6, 6.875, 6.5, 7], "texture": "#3"},
				"south": {"uv": [6.75, 3.625, 8.75, 3.75], "texture": "#3"},
				"west": {"uv": [6.5, 6.875, 7, 7], "texture": "#3"},
				"up": {"uv": [8.25, 4.75, 6.25, 4.25], "texture": "#3"},
				"down": {"uv": [6.5, 6.25, 4.5, 6.75], "texture": "#3"}
			}
		},
		{
			"name": "bottom",
			"from": [0, 7, 15],
			"to": [16, 8, 19],
			"rotation": {"angle": 0, "axis": "y", "origin": [8, 0, 7]},
			"faces": {
				"north": {"uv": [6.75, 3.75, 8.75, 3.875], "texture": "#3"},
				"east": {"uv": [6, 7, 6.5, 7.125], "texture": "#3"},
				"south": {"uv": [6.75, 3.875, 8.75, 4], "texture": "#3"},
				"west": {"uv": [6.5, 7, 7, 7.125], "texture": "#3"},
				"up": {"uv": [8.5, 6.75, 6.5, 6.25], "texture": "#3"},
				"down": {"uv": [8.75, 1.25, 6.75, 1.75], "texture": "#3"}
			}
		},
		{
			"from": [9, 1, 8],
			"to": [18, 6, 17],
			"rotation": {"angle": 0, "axis": "y", "origin": [8, 4.5, 8]},
			"faces": {
				"north": {"uv": [5, 0, 10, 3], "texture": "#2"},
				"east": {"uv": [5, 3, 10, 6], "texture": "#2"},
				"south": {"uv": [5, 6, 10, 9], "texture": "#2"},
				"west": {"uv": [5, 9, 10, 12], "texture": "#2"},
				"up": {"uv": [5, 5, 0, 0], "texture": "#2"},
				"down": {"uv": [5, 5, 0, 10], "texture": "#2"}
			}
		},
		{
			"from": [9, 1, -3],
			"to": [18, 6, 6],
			"rotation": {"angle": 0, "axis": "y", "origin": [8, 4.5, 8]},
			"faces": {
				"north": {"uv": [5, 0, 10, 3], "texture": "#2"},
				"east": {"uv": [5, 3, 10, 6], "texture": "#2"},
				"south": {"uv": [5, 6, 10, 9], "texture": "#2"},
				"west": {"uv": [5, 9, 10, 12], "texture": "#2"},
				"up": {"uv": [5, 5, 0, 0], "texture": "#2"},
				"down": {"uv": [5, 5, 0, 10], "texture": "#2"}
			}
		},
		{
			"from": [-2, 1, -3],
			"to": [7, 6, 6],
			"rotation": {"angle": 0, "axis": "y", "origin": [8, 4.5, 8]},
			"faces": {
				"north": {"uv": [5, 0, 10, 3], "texture": "#2"},
				"east": {"uv": [5, 3, 10, 6], "texture": "#2"},
				"south": {"uv": [5, 6, 10, 9], "texture": "#2"},
				"west": {"uv": [5, 9, 10, 12], "texture": "#2"},
				"up": {"uv": [5, 5, 0, 0], "texture": "#2"},
				"down": {"uv": [5, 5, 0, 10], "texture": "#2"}
			}
		},
		{
			"from": [-2, 1, 8],
			"to": [7, 6, 17],
			"rotation": {"angle": 0, "axis": "y", "origin": [8, 4.5, 8]},
			"faces": {
				"north": {"uv": [5, 0, 10, 3], "texture": "#2"},
				"east": {"uv": [5, 3, 10, 6], "texture": "#2"},
				"south": {"uv": [5, 6, 10, 9], "texture": "#2"},
				"west": {"uv": [5, 9, 10, 12], "texture": "#2"},
				"up": {"uv": [5, 5, 0, 0], "texture": "#2"},
				"down": {"uv": [5, 5, 0, 10], "texture": "#2"}
			}
		}
	],
	"display": {
		"thirdperson_righthand": {
			"rotation": [-90, 0, 180],
			"translation": [0, 4.25, 2.75],
			"scale": [0.3, 0.2, 0.3]
		},
		"thirdperson_lefthand": {
			"rotation": [-90, 0, 180],
			"translation": [0, 4.25, 2.75],
			"scale": [0.3, 0.2, 0.3]
		},
		"firstperson_righthand": {
			"rotation": [90, -60, 90],
			"translation": [0.25, 3.25, 2],
			"scale": [0.3, 0.2, 0.3]
		},
		"firstperson_lefthand": {
			"rotation": [90, -60, 90],
			"translation": [0.25, 3.25, 2],
			"scale": [0.3, 0.2, 0.3]
		},
		"ground": {
			"rotation": [90, 90, -90],
			"translation": [0, 4, 0],
			"scale": [0.3, 0.2, 0.3]
		},
		"gui": {
			"rotation": [45, 135, 0],
			"translation": [0.5, 1, -2],
			"scale": [0.4, 0.3, 0.4]
		},
		"head": {
			"translation": [-17, -21, -15.75],
			"scale": [1.27, 1, 1.27]
		},
		"fixed": {
			"rotation": [-90, 45, 0],
			"translation": [0.5, 0.5, -2],
			"scale": [0.4, 0.3, 0.4]
		}
	},
	"groups": [
		{
			"name": "box",
			"origin": [8, 8, 8],
			"color": 0,
			"children": [0, 1, 2, 3, 4, 5, 6, 7, 8]
		},
		{
			"name": "BeagleBlocks",
			"origin": [8, 8, 8],
			"color": 0,
			"children": [
				{
					"name": "bar",
					"origin": [8, 8, 8],
					"color": 0,
					"children": [9, 10, 11, 12]
				}
			]
		}
	]
}