{
	"credit": "Made with Blockbench",
	"texture_size": [64, 64],
	"textures": {
		"1": "custom/sweet_box_holder_buns",
		"2": "custom/sweetbox_cupcake_model_rv"
	},
	"elements": [
		{
			"name": "base",
			"from": [-4.75, 0, -1.75],
			"to": [2.75, 3, 5.75],
			"rotation": {"angle": 0, "axis": "y", "origin": [-1, 1.5, 2]},
			"faces": {
				"north": {"uv": [5.25, 5.5, 7.25, 6.25], "texture": "#2"},
				"east": {"uv": [2.75, 6.25, 4.75, 7], "texture": "#2"},
				"south": {"uv": [5.5, 0, 7.5, 0.75], "texture": "#2"},
				"west": {"uv": [5.5, 0.75, 7.5, 1.5], "texture": "#2"},
				"up": {"uv": [2, 2, 0, 0], "rotation": 180, "texture": "#2"},
				"down": {"uv": [2, 2, 0, 4], "rotation": 180, "texture": "#2"}
			}
		},
		{
			"from": [-4.5, 3, -1.5],
			"to": [2.5, 4, 5.5],
			"faces": {
				"north": {"uv": [5.5, 1.5, 7.25, 1.75], "texture": "#2"},
				"east": {"uv": [4.75, 6.25, 6.5, 6.5], "texture": "#2"},
				"south": {"uv": [0, 6.5, 1.75, 6.75], "texture": "#2"},
				"west": {"uv": [6.5, 1.75, 8.25, 2], "texture": "#2"},
				"up": {"uv": [3.75, 1.75, 2, 0], "texture": "#2"},
				"down": {"uv": [3.75, 1.75, 2, 3.5], "texture": "#2"}
			}
		},
		{
			"from": [-4.25, 4, -1.25],
			"to": [2.25, 4.5, 5.25],
			"faces": {
				"north": {"uv": [6.5, 2, 8.25, 2.25], "texture": "#2"},
				"east": {"uv": [6.5, 2.25, 8.25, 2.5], "texture": "#2"},
				"south": {"uv": [6.5, 2.5, 8.25, 2.75], "texture": "#2"},
				"west": {"uv": [6.5, 2.75, 8.25, 3], "texture": "#2"},
				"up": {"uv": [3.75, 5.25, 2, 3.5], "texture": "#2"},
				"down": {"uv": [5.5, 0, 3.75, 1.75], "texture": "#2"}
			}
		},
		{
			"from": [-4, 4.5, -1],
			"to": [2, 4.75, 5],
			"faces": {
				"north": {"uv": [6.5, 3, 8, 3.25], "texture": "#2"},
				"east": {"uv": [6.5, 3.25, 8, 3.5], "texture": "#2"},
				"south": {"uv": [6.5, 3.5, 8, 3.75], "texture": "#2"},
				"west": {"uv": [6.5, 3.75, 8, 4], "texture": "#2"},
				"up": {"uv": [5.25, 3.25, 3.75, 1.75], "texture": "#2"},
				"down": {"uv": [5.25, 3.25, 3.75, 4.75], "texture": "#2"}
			}
		},
		{
			"from": [-3.75, 4.75, -0.75],
			"to": [1.75, 5, 4.75],
			"faces": {
				"north": {"uv": [6.5, 4, 8, 4.25], "texture": "#2"},
				"east": {"uv": [6.5, 4.25, 8, 4.5], "texture": "#2"},
				"south": {"uv": [6.5, 4.5, 8, 4.75], "texture": "#2"},
				"west": {"uv": [4.75, 6.5, 6.25, 6.75], "texture": "#2"},
				"up": {"uv": [1.5, 5.5, 0, 4], "texture": "#2"},
				"down": {"uv": [5.25, 4.75, 3.75, 6.25], "texture": "#2"}
			}
		},
		{
			"from": [-3.5, 5, -0.5],
			"to": [1.5, 5.25, 4.5],
			"faces": {
				"north": {"uv": [6.5, 4.75, 7.75, 5], "texture": "#2"},
				"east": {"uv": [6.5, 5, 7.75, 5.25], "texture": "#2"},
				"south": {"uv": [6.5, 5.25, 7.75, 5.5], "texture": "#2"},
				"west": {"uv": [6.25, 6.5, 7.5, 6.75], "texture": "#2"},
				"up": {"uv": [2.75, 6.5, 1.5, 5.25], "texture": "#2"},
				"down": {"uv": [6.5, 1.75, 5.25, 3], "texture": "#2"}
			}
		},
		{
			"from": [-3.25, 5.25, -0.25],
			"to": [1.25, 5.5, 4.25],
			"faces": {
				"north": {"uv": [6.5, 6.25, 7.75, 6.5], "texture": "#2"},
				"east": {"uv": [0, 6.75, 1.25, 7], "texture": "#2"},
				"south": {"uv": [1.25, 6.75, 2.5, 7], "texture": "#2"},
				"west": {"uv": [4.75, 6.75, 6, 7], "texture": "#2"},
				"up": {"uv": [6.5, 4.25, 5.25, 3], "texture": "#2"},
				"down": {"uv": [6.5, 4.25, 5.25, 5.5], "texture": "#2"}
			}
		},
		{
			"from": [-2.75, 5.5, 0.25],
			"to": [0.75, 5.75, 3.75],
			"faces": {
				"north": {"uv": [1.75, 6.5, 2.75, 6.75], "texture": "#2"},
				"east": {"uv": [6, 6.75, 7, 7], "texture": "#2"},
				"south": {"uv": [0, 7, 1, 7.25], "texture": "#2"},
				"west": {"uv": [1, 7, 2, 7.25], "texture": "#2"},
				"up": {"uv": [3.75, 6.25, 2.75, 5.25], "texture": "#2"},
				"down": {"uv": [1, 5.5, 0, 6.5], "texture": "#2"}
			}
		},
		{
			"name": "base",
			"from": [4.25, 0, -1.75],
			"to": [11.75, 3, 5.75],
			"rotation": {"angle": 0, "axis": "y", "origin": [8, 3.8125, 2]},
			"faces": {
				"north": {"uv": [5.25, 5.5, 7.25, 6.25], "texture": "#2"},
				"east": {"uv": [2.75, 6.25, 4.75, 7], "texture": "#2"},
				"south": {"uv": [5.5, 0, 7.5, 0.75], "texture": "#2"},
				"west": {"uv": [5.5, 0.75, 7.5, 1.5], "texture": "#2"},
				"up": {"uv": [2, 2, 0, 0], "rotation": 180, "texture": "#2"},
				"down": {"uv": [2, 2, 0, 4], "rotation": 180, "texture": "#2"}
			}
		},
		{
			"from": [4.5, 3, -1.5],
			"to": [11.5, 4, 5.5],
			"rotation": {"angle": 0, "axis": "y", "origin": [8, 3.8125, 2]},
			"faces": {
				"north": {"uv": [6.5, 1.75, 8.25, 2], "texture": "#2"},
				"east": {"uv": [5.5, 1.5, 7.25, 1.75], "texture": "#2"},
				"south": {"uv": [4.75, 6.25, 6.5, 6.5], "texture": "#2"},
				"west": {"uv": [0, 6.5, 1.75, 6.75], "texture": "#2"},
				"up": {"uv": [3.75, 1.75, 2, 0], "rotation": 90, "texture": "#2"},
				"down": {"uv": [3.75, 1.75, 2, 3.5], "rotation": 270, "texture": "#2"}
			}
		},
		{
			"from": [4.75, 4, -1.25],
			"to": [11.25, 4.5, 5.25],
			"rotation": {"angle": 0, "axis": "y", "origin": [8, 3.8125, 2]},
			"faces": {
				"north": {"uv": [6.5, 2.75, 8.25, 3], "texture": "#2"},
				"east": {"uv": [6.5, 2, 8.25, 2.25], "texture": "#2"},
				"south": {"uv": [6.5, 2.25, 8.25, 2.5], "texture": "#2"},
				"west": {"uv": [6.5, 2.5, 8.25, 2.75], "texture": "#2"},
				"up": {"uv": [3.75, 5.25, 2, 3.5], "rotation": 90, "texture": "#2"},
				"down": {"uv": [5.5, 0, 3.75, 1.75], "rotation": 270, "texture": "#2"}
			}
		},
		{
			"from": [5, 4.5, -1],
			"to": [11, 4.75, 5],
			"rotation": {"angle": 0, "axis": "y", "origin": [8, 3.8125, 2]},
			"faces": {
				"north": {"uv": [6.5, 3.75, 8, 4], "texture": "#2"},
				"east": {"uv": [6.5, 3, 8, 3.25], "texture": "#2"},
				"south": {"uv": [6.5, 3.25, 8, 3.5], "texture": "#2"},
				"west": {"uv": [6.5, 3.5, 8, 3.75], "texture": "#2"},
				"up": {"uv": [5.25, 3.25, 3.75, 1.75], "rotation": 90, "texture": "#2"},
				"down": {"uv": [5.25, 3.25, 3.75, 4.75], "rotation": 270, "texture": "#2"}
			}
		},
		{
			"from": [5.25, 4.75, -0.75],
			"to": [10.75, 5, 4.75],
			"rotation": {"angle": 0, "axis": "y", "origin": [8, 3.8125, 2]},
			"faces": {
				"north": {"uv": [4.75, 6.5, 6.25, 6.75], "texture": "#2"},
				"east": {"uv": [6.5, 4, 8, 4.25], "texture": "#2"},
				"south": {"uv": [6.5, 4.25, 8, 4.5], "texture": "#2"},
				"west": {"uv": [6.5, 4.5, 8, 4.75], "texture": "#2"},
				"up": {"uv": [1.5, 5.5, 0, 4], "rotation": 90, "texture": "#2"},
				"down": {"uv": [5.25, 4.75, 3.75, 6.25], "rotation": 270, "texture": "#2"}
			}
		},
		{
			"from": [5.5, 5, -0.5],
			"to": [10.5, 5.25, 4.5],
			"rotation": {"angle": 0, "axis": "y", "origin": [8, 3.8125, 2]},
			"faces": {
				"north": {"uv": [6.25, 6.5, 7.5, 6.75], "texture": "#2"},
				"east": {"uv": [6.5, 4.75, 7.75, 5], "texture": "#2"},
				"south": {"uv": [6.5, 5, 7.75, 5.25], "texture": "#2"},
				"west": {"uv": [6.5, 5.25, 7.75, 5.5], "texture": "#2"},
				"up": {"uv": [2.75, 6.5, 1.5, 5.25], "rotation": 90, "texture": "#2"},
				"down": {"uv": [6.5, 1.75, 5.25, 3], "rotation": 270, "texture": "#2"}
			}
		},
		{
			"from": [5.75, 5.25, -0.25],
			"to": [10.25, 5.5, 4.25],
			"rotation": {"angle": 0, "axis": "y", "origin": [8, 3.8125, 2]},
			"faces": {
				"north": {"uv": [4.75, 6.75, 6, 7], "texture": "#2"},
				"east": {"uv": [6.5, 6.25, 7.75, 6.5], "texture": "#2"},
				"south": {"uv": [0, 6.75, 1.25, 7], "texture": "#2"},
				"west": {"uv": [1.25, 6.75, 2.5, 7], "texture": "#2"},
				"up": {"uv": [6.5, 4.25, 5.25, 3], "rotation": 90, "texture": "#2"},
				"down": {"uv": [6.5, 4.25, 5.25, 5.5], "rotation": 270, "texture": "#2"}
			}
		},
		{
			"from": [6.25, 5.5, 0.25],
			"to": [9.75, 5.75, 3.75],
			"rotation": {"angle": 0, "axis": "y", "origin": [8, 3.8125, 2]},
			"faces": {
				"north": {"uv": [1, 7, 2, 7.25], "texture": "#2"},
				"east": {"uv": [1.75, 6.5, 2.75, 6.75], "texture": "#2"},
				"south": {"uv": [6, 6.75, 7, 7], "texture": "#2"},
				"west": {"uv": [0, 7, 1, 7.25], "texture": "#2"},
				"up": {"uv": [3.75, 6.25, 2.75, 5.25], "rotation": 90, "texture": "#2"},
				"down": {"uv": [1, 5.5, 0, 6.5], "rotation": 270, "texture": "#2"}
			}
		},
		{
			"name": "base",
			"from": [13.25, 0, -1.75],
			"to": [20.75, 3, 5.75],
			"rotation": {"angle": 0, "axis": "y", "origin": [17, 3.8125, 2]},
			"faces": {
				"north": {"uv": [5.25, 5.5, 7.25, 6.25], "texture": "#2"},
				"east": {"uv": [2.75, 6.25, 4.75, 7], "texture": "#2"},
				"south": {"uv": [5.5, 0, 7.5, 0.75], "texture": "#2"},
				"west": {"uv": [5.5, 0.75, 7.5, 1.5], "texture": "#2"},
				"up": {"uv": [2, 2, 0, 0], "rotation": 180, "texture": "#2"},
				"down": {"uv": [2, 2, 0, 4], "rotation": 180, "texture": "#2"}
			}
		},
		{
			"from": [13.5, 3, -1.5],
			"to": [20.5, 4, 5.5],
			"rotation": {"angle": 0, "axis": "y", "origin": [17, 3.8125, 2]},
			"faces": {
				"north": {"uv": [0, 6.5, 1.75, 6.75], "texture": "#2"},
				"east": {"uv": [6.5, 1.75, 8.25, 2], "texture": "#2"},
				"south": {"uv": [5.5, 1.5, 7.25, 1.75], "texture": "#2"},
				"west": {"uv": [4.75, 6.25, 6.5, 6.5], "texture": "#2"},
				"up": {"uv": [3.75, 1.75, 2, 0], "rotation": 180, "texture": "#2"},
				"down": {"uv": [3.75, 1.75, 2, 3.5], "rotation": 180, "texture": "#2"}
			}
		},
		{
			"from": [13.75, 4, -1.25],
			"to": [20.25, 4.5, 5.25],
			"rotation": {"angle": 0, "axis": "y", "origin": [17, 3.8125, 2]},
			"faces": {
				"north": {"uv": [6.5, 2.5, 8.25, 2.75], "texture": "#2"},
				"east": {"uv": [6.5, 2.75, 8.25, 3], "texture": "#2"},
				"south": {"uv": [6.5, 2, 8.25, 2.25], "texture": "#2"},
				"west": {"uv": [6.5, 2.25, 8.25, 2.5], "texture": "#2"},
				"up": {"uv": [3.75, 5.25, 2, 3.5], "rotation": 180, "texture": "#2"},
				"down": {"uv": [5.5, 0, 3.75, 1.75], "rotation": 180, "texture": "#2"}
			}
		},
		{
			"from": [14, 4.5, -1],
			"to": [20, 4.75, 5],
			"rotation": {"angle": 0, "axis": "y", "origin": [17, 3.8125, 2]},
			"faces": {
				"north": {"uv": [6.5, 3.5, 8, 3.75], "texture": "#2"},
				"east": {"uv": [6.5, 3.75, 8, 4], "texture": "#2"},
				"south": {"uv": [6.5, 3, 8, 3.25], "texture": "#2"},
				"west": {"uv": [6.5, 3.25, 8, 3.5], "texture": "#2"},
				"up": {"uv": [5.25, 3.25, 3.75, 1.75], "rotation": 180, "texture": "#2"},
				"down": {"uv": [5.25, 3.25, 3.75, 4.75], "rotation": 180, "texture": "#2"}
			}
		},
		{
			"from": [14.25, 4.75, -0.75],
			"to": [19.75, 5, 4.75],
			"rotation": {"angle": 0, "axis": "y", "origin": [17, 3.8125, 2]},
			"faces": {
				"north": {"uv": [6.5, 4.5, 8, 4.75], "texture": "#2"},
				"east": {"uv": [4.75, 6.5, 6.25, 6.75], "texture": "#2"},
				"south": {"uv": [6.5, 4, 8, 4.25], "texture": "#2"},
				"west": {"uv": [6.5, 4.25, 8, 4.5], "texture": "#2"},
				"up": {"uv": [1.5, 5.5, 0, 4], "rotation": 180, "texture": "#2"},
				"down": {"uv": [5.25, 4.75, 3.75, 6.25], "rotation": 180, "texture": "#2"}
			}
		},
		{
			"from": [14.5, 5, -0.5],
			"to": [19.5, 5.25, 4.5],
			"rotation": {"angle": 0, "axis": "y", "origin": [17, 3.8125, 2]},
			"faces": {
				"north": {"uv": [6.5, 5.25, 7.75, 5.5], "texture": "#2"},
				"east": {"uv": [6.25, 6.5, 7.5, 6.75], "texture": "#2"},
				"south": {"uv": [6.5, 4.75, 7.75, 5], "texture": "#2"},
				"west": {"uv": [6.5, 5, 7.75, 5.25], "texture": "#2"},
				"up": {"uv": [2.75, 6.5, 1.5, 5.25], "rotation": 180, "texture": "#2"},
				"down": {"uv": [6.5, 1.75, 5.25, 3], "rotation": 180, "texture": "#2"}
			}
		},
		{
			"from": [14.75, 5.25, -0.25],
			"to": [19.25, 5.5, 4.25],
			"rotation": {"angle": 0, "axis": "y", "origin": [17, 3.8125, 2]},
			"faces": {
				"north": {"uv": [1.25, 6.75, 2.5, 7], "texture": "#2"},
				"east": {"uv": [4.75, 6.75, 6, 7], "texture": "#2"},
				"south": {"uv": [6.5, 6.25, 7.75, 6.5], "texture": "#2"},
				"west": {"uv": [0, 6.75, 1.25, 7], "texture": "#2"},
				"up": {"uv": [6.5, 4.25, 5.25, 3], "rotation": 180, "texture": "#2"},
				"down": {"uv": [6.5, 4.25, 5.25, 5.5], "rotation": 180, "texture": "#2"}
			}
		},
		{
			"from": [15.25, 5.5, 0.25],
			"to": [18.75, 5.75, 3.75],
			"rotation": {"angle": 0, "axis": "y", "origin": [17, 3.8125, 2]},
			"faces": {
				"north": {"uv": [0, 7, 1, 7.25], "texture": "#2"},
				"east": {"uv": [1, 7, 2, 7.25], "texture": "#2"},
				"south": {"uv": [1.75, 6.5, 2.75, 6.75], "texture": "#2"},
				"west": {"uv": [6, 6.75, 7, 7], "texture": "#2"},
				"up": {"uv": [3.75, 6.25, 2.75, 5.25], "rotation": 180, "texture": "#2"},
				"down": {"uv": [1, 5.5, 0, 6.5], "rotation": 180, "texture": "#2"}
			}
		},
		{
			"name": "base",
			"from": [13.25, 0, 9.25],
			"to": [20.75, 3, 16.75],
			"rotation": {"angle": 0, "axis": "y", "origin": [17, 3.8125, 2]},
			"faces": {
				"north": {"uv": [5.25, 5.5, 7.25, 6.25], "texture": "#2"},
				"east": {"uv": [2.75, 6.25, 4.75, 7], "texture": "#2"},
				"south": {"uv": [5.5, 0, 7.5, 0.75], "texture": "#2"},
				"west": {"uv": [5.5, 0.75, 7.5, 1.5], "texture": "#2"},
				"up": {"uv": [2, 2, 0, 0], "rotation": 180, "texture": "#2"},
				"down": {"uv": [2, 2, 0, 4], "rotation": 180, "texture": "#2"}
			}
		},
		{
			"from": [13.5, 3, 9.5],
			"to": [20.5, 4, 16.5],
			"rotation": {"angle": 0, "axis": "y", "origin": [17, 3.8125, 2]},
			"faces": {
				"north": {"uv": [0, 6.5, 1.75, 6.75], "texture": "#2"},
				"east": {"uv": [6.5, 1.75, 8.25, 2], "texture": "#2"},
				"south": {"uv": [5.5, 1.5, 7.25, 1.75], "texture": "#2"},
				"west": {"uv": [4.75, 6.25, 6.5, 6.5], "texture": "#2"},
				"up": {"uv": [3.75, 1.75, 2, 0], "rotation": 180, "texture": "#2"},
				"down": {"uv": [3.75, 1.75, 2, 3.5], "rotation": 180, "texture": "#2"}
			}
		},
		{
			"from": [13.75, 4, 9.75],
			"to": [20.25, 4.5, 16.25],
			"rotation": {"angle": 0, "axis": "y", "origin": [17, 3.8125, 2]},
			"faces": {
				"north": {"uv": [6.5, 2.5, 8.25, 2.75], "texture": "#2"},
				"east": {"uv": [6.5, 2.75, 8.25, 3], "texture": "#2"},
				"south": {"uv": [6.5, 2, 8.25, 2.25], "texture": "#2"},
				"west": {"uv": [6.5, 2.25, 8.25, 2.5], "texture": "#2"},
				"up": {"uv": [3.75, 5.25, 2, 3.5], "rotation": 180, "texture": "#2"},
				"down": {"uv": [5.5, 0, 3.75, 1.75], "rotation": 180, "texture": "#2"}
			}
		},
		{
			"from": [14, 4.5, 10],
			"to": [20, 4.75, 16],
			"rotation": {"angle": 0, "axis": "y", "origin": [17, 3.8125, 2]},
			"faces": {
				"north": {"uv": [6.5, 3.5, 8, 3.75], "texture": "#2"},
				"east": {"uv": [6.5, 3.75, 8, 4], "texture": "#2"},
				"south": {"uv": [6.5, 3, 8, 3.25], "texture": "#2"},
				"west": {"uv": [6.5, 3.25, 8, 3.5], "texture": "#2"},
				"up": {"uv": [5.25, 3.25, 3.75, 1.75], "rotation": 180, "texture": "#2"},
				"down": {"uv": [5.25, 3.25, 3.75, 4.75], "rotation": 180, "texture": "#2"}
			}
		},
		{
			"from": [14.25, 4.75, 10.25],
			"to": [19.75, 5, 15.75],
			"rotation": {"angle": 0, "axis": "y", "origin": [17, 3.8125, 2]},
			"faces": {
				"north": {"uv": [6.5, 4.5, 8, 4.75], "texture": "#2"},
				"east": {"uv": [4.75, 6.5, 6.25, 6.75], "texture": "#2"},
				"south": {"uv": [6.5, 4, 8, 4.25], "texture": "#2"},
				"west": {"uv": [6.5, 4.25, 8, 4.5], "texture": "#2"},
				"up": {"uv": [1.5, 5.5, 0, 4], "rotation": 180, "texture": "#2"},
				"down": {"uv": [5.25, 4.75, 3.75, 6.25], "rotation": 180, "texture": "#2"}
			}
		},
		{
			"from": [14.5, 5, 10.5],
			"to": [19.5, 5.25, 15.5],
			"rotation": {"angle": 0, "axis": "y", "origin": [17, 3.8125, 2]},
			"faces": {
				"north": {"uv": [6.5, 5.25, 7.75, 5.5], "texture": "#2"},
				"east": {"uv": [6.25, 6.5, 7.5, 6.75], "texture": "#2"},
				"south": {"uv": [6.5, 4.75, 7.75, 5], "texture": "#2"},
				"west": {"uv": [6.5, 5, 7.75, 5.25], "texture": "#2"},
				"up": {"uv": [2.75, 6.5, 1.5, 5.25], "rotation": 180, "texture": "#2"},
				"down": {"uv": [6.5, 1.75, 5.25, 3], "rotation": 180, "texture": "#2"}
			}
		},
		{
			"from": [14.75, 5.25, 10.75],
			"to": [19.25, 5.5, 15.25],
			"rotation": {"angle": 0, "axis": "y", "origin": [17, 3.8125, 2]},
			"faces": {
				"north": {"uv": [1.25, 6.75, 2.5, 7], "texture": "#2"},
				"east": {"uv": [4.75, 6.75, 6, 7], "texture": "#2"},
				"south": {"uv": [6.5, 6.25, 7.75, 6.5], "texture": "#2"},
				"west": {"uv": [0, 6.75, 1.25, 7], "texture": "#2"},
				"up": {"uv": [6.5, 4.25, 5.25, 3], "rotation": 180, "texture": "#2"},
				"down": {"uv": [6.5, 4.25, 5.25, 5.5], "rotation": 180, "texture": "#2"}
			}
		},
		{
			"from": [15.25, 5.5, 11.25],
			"to": [18.75, 5.75, 14.75],
			"rotation": {"angle": 0, "axis": "y", "origin": [17, 3.8125, 2]},
			"faces": {
				"north": {"uv": [0, 7, 1, 7.25], "texture": "#2"},
				"east": {"uv": [1, 7, 2, 7.25], "texture": "#2"},
				"south": {"uv": [1.75, 6.5, 2.75, 6.75], "texture": "#2"},
				"west": {"uv": [6, 6.75, 7, 7], "texture": "#2"},
				"up": {"uv": [3.75, 6.25, 2.75, 5.25], "rotation": 180, "texture": "#2"},
				"down": {"uv": [1, 5.5, 0, 6.5], "rotation": 180, "texture": "#2"}
			}
		},
		{
			"name": "base",
			"from": [4.25, 0, 9.25],
			"to": [11.75, 3, 16.75],
			"rotation": {"angle": 0, "axis": "y", "origin": [8, 3.8125, 13]},
			"faces": {
				"north": {"uv": [5.25, 5.5, 7.25, 6.25], "texture": "#2"},
				"east": {"uv": [2.75, 6.25, 4.75, 7], "texture": "#2"},
				"south": {"uv": [5.5, 0, 7.5, 0.75], "texture": "#2"},
				"west": {"uv": [5.5, 0.75, 7.5, 1.5], "texture": "#2"},
				"up": {"uv": [2, 2, 0, 0], "rotation": 180, "texture": "#2"},
				"down": {"uv": [2, 2, 0, 4], "rotation": 180, "texture": "#2"}
			}
		},
		{
			"from": [4.5, 3, 9.5],
			"to": [11.5, 4, 16.5],
			"rotation": {"angle": 0, "axis": "y", "origin": [8, 3.8125, 13]},
			"faces": {
				"north": {"uv": [5.5, 1.5, 7.25, 1.75], "texture": "#2"},
				"east": {"uv": [4.75, 6.25, 6.5, 6.5], "texture": "#2"},
				"south": {"uv": [0, 6.5, 1.75, 6.75], "texture": "#2"},
				"west": {"uv": [6.5, 1.75, 8.25, 2], "texture": "#2"},
				"up": {"uv": [3.75, 1.75, 2, 0], "texture": "#2"},
				"down": {"uv": [3.75, 1.75, 2, 3.5], "texture": "#2"}
			}
		},
		{
			"from": [4.75, 4, 9.75],
			"to": [11.25, 4.5, 16.25],
			"rotation": {"angle": 0, "axis": "y", "origin": [8, 3.8125, 13]},
			"faces": {
				"north": {"uv": [6.5, 2, 8.25, 2.25], "texture": "#2"},
				"east": {"uv": [6.5, 2.25, 8.25, 2.5], "texture": "#2"},
				"south": {"uv": [6.5, 2.5, 8.25, 2.75], "texture": "#2"},
				"west": {"uv": [6.5, 2.75, 8.25, 3], "texture": "#2"},
				"up": {"uv": [3.75, 5.25, 2, 3.5], "texture": "#2"},
				"down": {"uv": [5.5, 0, 3.75, 1.75], "texture": "#2"}
			}
		},
		{
			"from": [5, 4.5, 10],
			"to": [11, 4.75, 16],
			"rotation": {"angle": 0, "axis": "y", "origin": [8, 3.8125, 13]},
			"faces": {
				"north": {"uv": [6.5, 3, 8, 3.25], "texture": "#2"},
				"east": {"uv": [6.5, 3.25, 8, 3.5], "texture": "#2"},
				"south": {"uv": [6.5, 3.5, 8, 3.75], "texture": "#2"},
				"west": {"uv": [6.5, 3.75, 8, 4], "texture": "#2"},
				"up": {"uv": [5.25, 3.25, 3.75, 1.75], "texture": "#2"},
				"down": {"uv": [5.25, 3.25, 3.75, 4.75], "texture": "#2"}
			}
		},
		{
			"from": [5.25, 4.75, 10.25],
			"to": [10.75, 5, 15.75],
			"rotation": {"angle": 0, "axis": "y", "origin": [8, 3.8125, 13]},
			"faces": {
				"north": {"uv": [6.5, 4, 8, 4.25], "texture": "#2"},
				"east": {"uv": [6.5, 4.25, 8, 4.5], "texture": "#2"},
				"south": {"uv": [6.5, 4.5, 8, 4.75], "texture": "#2"},
				"west": {"uv": [4.75, 6.5, 6.25, 6.75], "texture": "#2"},
				"up": {"uv": [1.5, 5.5, 0, 4], "texture": "#2"},
				"down": {"uv": [5.25, 4.75, 3.75, 6.25], "texture": "#2"}
			}
		},
		{
			"from": [5.5, 5, 10.5],
			"to": [10.5, 5.25, 15.5],
			"rotation": {"angle": 0, "axis": "y", "origin": [8, 3.8125, 13]},
			"faces": {
				"north": {"uv": [6.5, 4.75, 7.75, 5], "texture": "#2"},
				"east": {"uv": [6.5, 5, 7.75, 5.25], "texture": "#2"},
				"south": {"uv": [6.5, 5.25, 7.75, 5.5], "texture": "#2"},
				"west": {"uv": [6.25, 6.5, 7.5, 6.75], "texture": "#2"},
				"up": {"uv": [2.75, 6.5, 1.5, 5.25], "texture": "#2"},
				"down": {"uv": [6.5, 1.75, 5.25, 3], "texture": "#2"}
			}
		},
		{
			"from": [5.75, 5.25, 10.75],
			"to": [10.25, 5.5, 15.25],
			"rotation": {"angle": 0, "axis": "y", "origin": [8, 3.8125, 13]},
			"faces": {
				"north": {"uv": [6.5, 6.25, 7.75, 6.5], "texture": "#2"},
				"east": {"uv": [0, 6.75, 1.25, 7], "texture": "#2"},
				"south": {"uv": [1.25, 6.75, 2.5, 7], "texture": "#2"},
				"west": {"uv": [4.75, 6.75, 6, 7], "texture": "#2"},
				"up": {"uv": [6.5, 4.25, 5.25, 3], "texture": "#2"},
				"down": {"uv": [6.5, 4.25, 5.25, 5.5], "texture": "#2"}
			}
		},
		{
			"from": [6.25, 5.5, 11.25],
			"to": [9.75, 5.75, 14.75],
			"rotation": {"angle": 0, "axis": "y", "origin": [8, 3.8125, 13]},
			"faces": {
				"north": {"uv": [1.75, 6.5, 2.75, 6.75], "texture": "#2"},
				"east": {"uv": [6, 6.75, 7, 7], "texture": "#2"},
				"south": {"uv": [0, 7, 1, 7.25], "texture": "#2"},
				"west": {"uv": [1, 7, 2, 7.25], "texture": "#2"},
				"up": {"uv": [3.75, 6.25, 2.75, 5.25], "texture": "#2"},
				"down": {"uv": [1, 5.5, 0, 6.5], "texture": "#2"}
			}
		},
		{
			"name": "base",
			"from": [-4.75, 0, 9.25],
			"to": [2.75, 3, 16.75],
			"rotation": {"angle": 0, "axis": "y", "origin": [-1, 3.8125, 13]},
			"faces": {
				"north": {"uv": [5.25, 5.5, 7.25, 6.25], "texture": "#2"},
				"east": {"uv": [2.75, 6.25, 4.75, 7], "texture": "#2"},
				"south": {"uv": [5.5, 0, 7.5, 0.75], "texture": "#2"},
				"west": {"uv": [5.5, 0.75, 7.5, 1.5], "texture": "#2"},
				"up": {"uv": [2, 2, 0, 0], "rotation": 180, "texture": "#2"},
				"down": {"uv": [2, 2, 0, 4], "rotation": 180, "texture": "#2"}
			}
		},
		{
			"from": [-4.5, 3, 9.5],
			"to": [2.5, 4, 16.5],
			"rotation": {"angle": 0, "axis": "y", "origin": [-1, 3.8125, 13]},
			"faces": {
				"north": {"uv": [4.75, 6.25, 6.5, 6.5], "texture": "#2"},
				"east": {"uv": [0, 6.5, 1.75, 6.75], "texture": "#2"},
				"south": {"uv": [6.5, 1.75, 8.25, 2], "texture": "#2"},
				"west": {"uv": [5.5, 1.5, 7.25, 1.75], "texture": "#2"},
				"up": {"uv": [3.75, 1.75, 2, 0], "rotation": 270, "texture": "#2"},
				"down": {"uv": [3.75, 1.75, 2, 3.5], "rotation": 90, "texture": "#2"}
			}
		},
		{
			"from": [-4.25, 4, 9.75],
			"to": [2.25, 4.5, 16.25],
			"rotation": {"angle": 0, "axis": "y", "origin": [-1, 3.8125, 13]},
			"faces": {
				"north": {"uv": [6.5, 2.25, 8.25, 2.5], "texture": "#2"},
				"east": {"uv": [6.5, 2.5, 8.25, 2.75], "texture": "#2"},
				"south": {"uv": [6.5, 2.75, 8.25, 3], "texture": "#2"},
				"west": {"uv": [6.5, 2, 8.25, 2.25], "texture": "#2"},
				"up": {"uv": [3.75, 5.25, 2, 3.5], "rotation": 270, "texture": "#2"},
				"down": {"uv": [5.5, 0, 3.75, 1.75], "rotation": 90, "texture": "#2"}
			}
		},
		{
			"from": [-4, 4.5, 10],
			"to": [2, 4.75, 16],
			"rotation": {"angle": 0, "axis": "y", "origin": [-1, 3.8125, 13]},
			"faces": {
				"north": {"uv": [6.5, 3.25, 8, 3.5], "texture": "#2"},
				"east": {"uv": [6.5, 3.5, 8, 3.75], "texture": "#2"},
				"south": {"uv": [6.5, 3.75, 8, 4], "texture": "#2"},
				"west": {"uv": [6.5, 3, 8, 3.25], "texture": "#2"},
				"up": {"uv": [5.25, 3.25, 3.75, 1.75], "rotation": 270, "texture": "#2"},
				"down": {"uv": [5.25, 3.25, 3.75, 4.75], "rotation": 90, "texture": "#2"}
			}
		},
		{
			"from": [-3.75, 4.75, 10.25],
			"to": [1.75, 5, 15.75],
			"rotation": {"angle": 0, "axis": "y", "origin": [-1, 3.8125, 13]},
			"faces": {
				"north": {"uv": [6.5, 4.25, 8, 4.5], "texture": "#2"},
				"east": {"uv": [6.5, 4.5, 8, 4.75], "texture": "#2"},
				"south": {"uv": [4.75, 6.5, 6.25, 6.75], "texture": "#2"},
				"west": {"uv": [6.5, 4, 8, 4.25], "texture": "#2"},
				"up": {"uv": [1.5, 5.5, 0, 4], "rotation": 270, "texture": "#2"},
				"down": {"uv": [5.25, 4.75, 3.75, 6.25], "rotation": 90, "texture": "#2"}
			}
		},
		{
			"from": [-3.5, 5, 10.5],
			"to": [1.5, 5.25, 15.5],
			"rotation": {"angle": 0, "axis": "y", "origin": [-1, 3.8125, 13]},
			"faces": {
				"north": {"uv": [6.5, 5, 7.75, 5.25], "texture": "#2"},
				"east": {"uv": [6.5, 5.25, 7.75, 5.5], "texture": "#2"},
				"south": {"uv": [6.25, 6.5, 7.5, 6.75], "texture": "#2"},
				"west": {"uv": [6.5, 4.75, 7.75, 5], "texture": "#2"},
				"up": {"uv": [2.75, 6.5, 1.5, 5.25], "rotation": 270, "texture": "#2"},
				"down": {"uv": [6.5, 1.75, 5.25, 3], "rotation": 90, "texture": "#2"}
			}
		},
		{
			"from": [-3.25, 5.25, 10.75],
			"to": [1.25, 5.5, 15.25],
			"rotation": {"angle": 0, "axis": "y", "origin": [-1, 3.8125, 13]},
			"faces": {
				"north": {"uv": [0, 6.75, 1.25, 7], "texture": "#2"},
				"east": {"uv": [1.25, 6.75, 2.5, 7], "texture": "#2"},
				"south": {"uv": [4.75, 6.75, 6, 7], "texture": "#2"},
				"west": {"uv": [6.5, 6.25, 7.75, 6.5], "texture": "#2"},
				"up": {"uv": [6.5, 4.25, 5.25, 3], "rotation": 270, "texture": "#2"},
				"down": {"uv": [6.5, 4.25, 5.25, 5.5], "rotation": 90, "texture": "#2"}
			}
		},
		{
			"from": [-2.75, 5.5, 11.25],
			"to": [0.75, 5.75, 14.75],
			"rotation": {"angle": 0, "axis": "y", "origin": [-1, 3.8125, 13]},
			"faces": {
				"north": {"uv": [6, 6.75, 7, 7], "texture": "#2"},
				"east": {"uv": [0, 7, 1, 7.25], "texture": "#2"},
				"south": {"uv": [1, 7, 2, 7.25], "texture": "#2"},
				"west": {"uv": [1.75, 6.5, 2.75, 6.75], "texture": "#2"},
				"up": {"uv": [3.75, 6.25, 2.75, 5.25], "rotation": 270, "texture": "#2"},
				"down": {"uv": [1, 5.5, 0, 6.5], "rotation": 90, "texture": "#2"}
			}
		},
		{
			"from": [-8, -2, -5],
			"to": [-7, 8, 20],
			"faces": {
				"north": {"uv": [5, 6.75, 5.125, 8], "texture": "#1"},
				"east": {"uv": [3, 5, 6, 6.25], "texture": "#1"},
				"south": {"uv": [5.125, 6.75, 5.25, 8], "texture": "#1"},
				"west": {"uv": [0, 6, 3, 7.25], "texture": "#1"},
				"up": {"uv": [4.625, 9.75, 4.5, 6.75], "texture": "#1"},
				"down": {"uv": [4.75, 6.75, 4.625, 9.75], "texture": "#1"}
			}
		},
		{
			"from": [23, -2, -5],
			"to": [24, 8, 20],
			"faces": {
				"north": {"uv": [5.25, 6.75, 5.375, 8], "texture": "#1"},
				"east": {"uv": [6, 5, 9, 6.25], "texture": "#1"},
				"south": {"uv": [5.375, 6.75, 5.5, 8], "texture": "#1"},
				"west": {"uv": [6.25, 0, 9.25, 1.25], "texture": "#1"},
				"up": {"uv": [4.875, 9.75, 4.75, 6.75], "texture": "#1"},
				"down": {"uv": [5, 6.75, 4.875, 9.75], "texture": "#1"}
			}
		},
		{
			"from": [-8, -2, -6],
			"to": [24, 8, -5],
			"rotation": {"angle": 0, "axis": "y", "origin": [19.5, 3.5, 7]},
			"faces": {
				"north": {"uv": [3, 0, 6.25, 1.25], "texture": "#1"},
				"east": {"uv": [5.5, 6.75, 5.625, 8], "texture": "#1"},
				"south": {"uv": [3, 1.25, 6.25, 2.5], "texture": "#1"},
				"west": {"uv": [5.625, 6.75, 5.75, 8], "texture": "#1"},
				"up": {"uv": [10, 2.625, 6.75, 2.5], "texture": "#1"},
				"down": {"uv": [10, 2.625, 6.75, 2.75], "texture": "#1"}
			}
		},
		{
			"from": [-8, -2, 20],
			"to": [24, 8, 21],
			"rotation": {"angle": 0, "axis": "y", "origin": [19.5, 3.5, 7]},
			"faces": {
				"north": {"uv": [3, 2.5, 6.25, 3.75], "texture": "#1"},
				"east": {"uv": [5.75, 6.75, 5.875, 8], "texture": "#1"},
				"south": {"uv": [3, 3.75, 6.25, 5], "texture": "#1"},
				"west": {"uv": [5.875, 6.75, 6, 8], "texture": "#1"},
				"up": {"uv": [10, 2.875, 6.75, 2.75], "texture": "#1"},
				"down": {"uv": [10, 2.875, 6.75, 3], "texture": "#1"}
			}
		},
		{
			"name": "bottom",
			"from": [-7, -2, -5],
			"to": [23, 1, 20],
			"faces": {
				"north": {"uv": [6.25, 4.75, 9.25, 5], "texture": "#1"},
				"east": {"uv": [6.75, 1.75, 9.75, 2], "texture": "#1"},
				"south": {"uv": [6.75, 2, 9.75, 2.25], "texture": "#1"},
				"west": {"uv": [6.75, 2.25, 9.75, 2.5], "texture": "#1"},
				"up": {"uv": [3, 3, 0, 0], "texture": "#1"},
				"down": {"uv": [3, 3, 0, 6], "texture": "#1"}
			}
		},
		{
			"name": "bottom",
			"from": [-7, -0.25, -5],
			"to": [23, 2.75, 20],
			"faces": {
				"north": {"uv": [6.25, 4.75, 9.25, 5], "texture": "#1"},
				"east": {"uv": [6.75, 1.75, 9.75, 2], "texture": "#1"},
				"south": {"uv": [6.75, 2, 9.75, 2.25], "texture": "#1"},
				"west": {"uv": [6.75, 2.25, 9.75, 2.5], "texture": "#1"},
				"up": {"uv": [3, 3, 0, 0], "texture": "#1"},
				"down": {"uv": [3, 3, 0, 6], "texture": "#1"}
			}
		},
		{
			"name": "bottom",
			"from": [19, 7, -5],
			"to": [23, 8, 20],
			"faces": {
				"north": {"uv": [6.75, 4, 7.25, 4.125], "texture": "#1"},
				"east": {"uv": [6.75, 3, 9.75, 3.125], "texture": "#1"},
				"south": {"uv": [6.75, 4.125, 7.25, 4.25], "texture": "#1"},
				"west": {"uv": [6.75, 3.125, 9.75, 3.25], "texture": "#1"},
				"up": {"uv": [6.75, 4.25, 6.25, 1.25], "texture": "#1"},
				"down": {"uv": [3.5, 6.25, 3, 9.25], "texture": "#1"}
			}
		},
		{
			"name": "bottom",
			"from": [-7, 7, -5],
			"to": [-3, 8, 20],
			"faces": {
				"north": {"uv": [6, 6.75, 6.5, 6.875], "texture": "#1"},
				"east": {"uv": [6.75, 3.25, 9.75, 3.375], "texture": "#1"},
				"south": {"uv": [6.5, 6.75, 7, 6.875], "texture": "#1"},
				"west": {"uv": [6.75, 3.375, 9.75, 3.5], "texture": "#1"},
				"up": {"uv": [4, 9.25, 3.5, 6.25], "texture": "#1"},
				"down": {"uv": [4.5, 6.25, 4, 9.25], "texture": "#1"}
			}
		},
		{
			"name": "bottom",
			"from": [-3, 7, -5],
			"to": [19, 8, -1],
			"rotation": {"angle": 0, "axis": "y", "origin": [8, 0, 7]},
			"faces": {
				"north": {"uv": [6.75, 3.5, 8.75, 3.625], "texture": "#1"},
				"east": {"uv": [6, 6.875, 6.5, 7], "texture": "#1"},
				"south": {"uv": [6.75, 3.625, 8.75, 3.75], "texture": "#1"},
				"west": {"uv": [6.5, 6.875, 7, 7], "texture": "#1"},
				"up": {"uv": [8.25, 4.75, 6.25, 4.25], "texture": "#1"},
				"down": {"uv": [6.5, 6.25, 4.5, 6.75], "texture": "#1"}
			}
		},
		{
			"name": "bottom",
			"from": [-3, 7, 16],
			"to": [19, 8, 20],
			"rotation": {"angle": 0, "axis": "y", "origin": [8, 0, 7]},
			"faces": {
				"north": {"uv": [6.75, 3.75, 8.75, 3.875], "texture": "#1"},
				"east": {"uv": [6, 7, 6.5, 7.125], "texture": "#1"},
				"south": {"uv": [6.75, 3.875, 8.75, 4], "texture": "#1"},
				"west": {"uv": [6.5, 7, 7, 7.125], "texture": "#1"},
				"up": {"uv": [8.5, 6.75, 6.5, 6.25], "texture": "#1"},
				"down": {"uv": [8.75, 1.25, 6.75, 1.75], "texture": "#1"}
			}
		}
	],
	"gui_light": "front",
	"display": {
		"thirdperson_righthand": {
			"rotation": [90, 0, 0],
			"translation": [0, 3.5, 2],
			"scale": [0.3, 0.2, 0.3]
		},
		"thirdperson_lefthand": {
			"rotation": [90, 0, 0],
			"translation": [0, 3.5, 2],
			"scale": [0.3, 0.2, 0.3]
		},
		"firstperson_righthand": {
			"rotation": [90, -60, 90],
			"translation": [0.25, 3.25, 2],
			"scale": [0.3, 0.2, 0.3]
		},
		"firstperson_lefthand": {
			"rotation": [-90, 60, 90],
			"translation": [0.25, 3.25, 2],
			"scale": [0.3, 0.2, 0.3]
		},
		"ground": {
			"rotation": [90, 90, -90],
			"translation": [0, 4, 0],
			"scale": [0.3, 0.2, 0.3]
		},
		"gui": {
			"rotation": [45, 45, 0],
			"translation": [0.25, 0.5, -2],
			"scale": [0.35, 0.3, 0.4]
		},
		"head": {
			"translation": [-17, -23, -16.5],
			"scale": [1.05, 1, 1.11]
		},
		"fixed": {
			"rotation": [-90, 45, 0],
			"translation": [0.5, 0.5, -2],
			"scale": [0.4, 0.3, 0.4]
		}
	},
	"groups": [
		{
			"name": "cakes",
			"origin": [8, 8, 8],
			"color": 0,
			"children": [0, 1, 2, 3, 4, 5, 6, 7]
		},
		{
			"name": "cakes",
			"origin": [8, 8, 8],
			"color": 0,
			"children": [8, 9, 10, 11, 12, 13, 14, 15]
		},
		{
			"name": "cakes",
			"origin": [8, 8, 8],
			"color": 0,
			"children": [16, 17, 18, 19, 20, 21, 22, 23]
		},
		{
			"name": "cakes",
			"origin": [8, 8, 8],
			"color": 0,
			"children": [24, 25, 26, 27, 28, 29, 30, 31]
		},
		{
			"name": "cakes",
			"origin": [8, 8, 8],
			"color": 0,
			"children": [32, 33, 34, 35, 36, 37, 38, 39]
		},
		{
			"name": "cakes",
			"origin": [8, 8, 8],
			"color": 0,
			"children": [40, 41, 42, 43, 44, 45, 46, 47]
		},
		{
			"name": "box",
			"origin": [8, 8, 8],
			"color": 0,
			"children": [48, 49, 50, 51, 52, 53, 54, 55, 56, 57]
		}
	]
}