{
	"credit": "Made with Blockbench",
	"textures": {
		"3": "custom/sickly_sweets_bottle",
		"particle": "custom/sickly_sweet"
	},
	"elements": [
		{
			"from": [6.25, 0, 6.25],
			"to": [9.75, 4, 9.75],
			"faces": {
				"north": {"uv": [0, 0, 3.5, 4], "texture": "#3"},
				"east": {"uv": [0, 4, 3.5, 8], "texture": "#3"},
				"south": {"uv": [4, 0, 7.5, 4], "texture": "#3"},
				"west": {"uv": [4, 4, 7.5, 8], "texture": "#3"},
				"up": {"uv": [3.5, 11.5, 0, 8], "texture": "#3"},
				"down": {"uv": [11.5, 0, 8, 3.5], "texture": "#3"}
			}
		},
		{
			"from": [6.5, 4, 6.5],
			"to": [9.5, 4.5, 9.5],
			"faces": {
				"north": {"uv": [11, 6, 14, 6.5], "texture": "#3"},
				"east": {"uv": [0, 12, 3, 12.5], "texture": "#3"},
				"south": {"uv": [12, 0, 15, 0.5], "texture": "#3"},
				"west": {"uv": [12, 1, 15, 1.5], "texture": "#3"},
				"up": {"uv": [7, 11, 4, 8], "texture": "#3"},
				"down": {"uv": [11, 4, 8, 7], "texture": "#3"}
			}
		},
		{
			"from": [6.75, 4.5, 6.75],
			"to": [9.25, 5, 9.25],
			"faces": {
				"north": {"uv": [12, 2, 14.5, 2.5], "texture": "#3"},
				"east": {"uv": [12, 3, 14.5, 3.5], "texture": "#3"},
				"south": {"uv": [8, 12, 10.5, 12.5], "texture": "#3"},
				"west": {"uv": [12, 10, 14.5, 10.5], "texture": "#3"},
				"up": {"uv": [9.5, 10.5, 7, 8], "texture": "#3"},
				"down": {"uv": [12.5, 7, 10, 9.5], "texture": "#3"}
			}
		},
		{
			"from": [7, 5.5, 7],
			"to": [9, 6, 9],
			"faces": {
				"north": {"uv": [8, 7, 10, 7.5], "texture": "#3"},
				"east": {"uv": [8, 11, 10, 11.5], "texture": "#3"},
				"south": {"uv": [11, 12, 13, 12.5], "texture": "#3"},
				"west": {"uv": [12, 11, 14, 11.5], "texture": "#3"},
				"up": {"uv": [12, 12, 10, 10], "texture": "#3"},
				"down": {"uv": [6, 11, 4, 13], "texture": "#3"}
			}
		},
		{
			"from": [7.25, 5, 7.25],
			"to": [8.75, 5.5, 8.75],
			"rotation": {"angle": 0, "axis": "y", "origin": [3, 6.5, 6]},
			"faces": {
				"north": {"uv": [1, 13, 2.5, 13.5], "texture": "#3"},
				"east": {"uv": [3, 13, 4.5, 13.5], "texture": "#3"},
				"south": {"uv": [13, 4, 14.5, 4.5], "texture": "#3"},
				"west": {"uv": [5, 13, 6.5, 13.5], "texture": "#3"},
				"up": {"uv": [12.5, 5.5, 11, 4], "texture": "#3"},
				"down": {"uv": [7.5, 11, 6, 12.5], "texture": "#3"}
			}
		},
		{
			"from": [7.5, 5.5, 7.5],
			"to": [8.5, 6.25, 8.5],
			"faces": {
				"north": {"uv": [13, 5, 14, 5.75], "texture": "#3"},
				"east": {"uv": [7, 13, 8, 13.75], "texture": "#3"},
				"south": {"uv": [13, 7, 14, 7.75], "texture": "#3"},
				"west": {"uv": [8, 13, 9, 13.75], "texture": "#3"},
				"up": {"uv": [4, 13, 3, 12], "texture": "#3"},
				"down": {"uv": [1, 13, 0, 14], "texture": "#3"}
			}
		}
	],
	"display": {
		"thirdperson_righthand": {
			"translation": [0, 8, 2.25]
		},
		"thirdperson_lefthand": {
			"translation": [0, 8, 2.25]
		},
		"firstperson_righthand": {
			"rotation": [-30, 15, 0],
			"translation": [0, 6.25, 1.25]
		},
		"firstperson_lefthand": {
			"rotation": [-30, 15, 0],
			"translation": [0, 6.25, 1.25]
		},
		"ground": {
			"translation": [0, 5, 0]
		},
		"gui": {
			"rotation": [45, 45, 0],
			"translation": [0, 7.75, 2.25],
			"scale": [2, 2, 2]
		},
		"head": {
			"translation": [-17, -2.5, -17],
			"scale": [4, 3.5, 4]
		},
		"fixed": {
			"translation": [0, 10, -3],
			"scale": [2, 2, 2]
		}
	},
	"groups": [
		{
			"name": "bottle",
			"origin": [3.5, 1, 8],
			"color": 0,
			"children": [0, 1, 2, 3, 4, 5]
		}
	]
}