{
	"credit": "Made with Blockbench",
	"textures": {
		"1": "custom/bee_box",
		"3": "custom/whizzin_bee"
	},
	"elements": [
		{
			"from": [3, 0, 3],
			"to": [13, 1.25, 13],
			"faces": {
				"north": {"uv": [5, 0, 10, 0.75], "texture": "#1"},
				"east": {"uv": [5, 1, 10, 1.75], "texture": "#1"},
				"south": {"uv": [5, 2, 10, 2.75], "texture": "#1"},
				"west": {"uv": [5, 3, 10, 3.75], "texture": "#1"},
				"up": {"uv": [5, 5, 0, 0], "texture": "#1"},
				"down": {"uv": [5, 5, 0, 10], "texture": "#1"}
			}
		},
		{
			"from": [3, 1.25, 3.5],
			"to": [3.5, 1.75, 12.5],
			"faces": {
				"north": {"uv": [9.5, 8, 9.75, 8.25], "texture": "#1"},
				"east": {"uv": [5, 8, 9.5, 8.25], "texture": "#1"},
				"south": {"uv": [9.5, 8.5, 9.75, 8.75], "texture": "#1"},
				"west": {"uv": [5, 8.5, 9.5, 8.75], "texture": "#1"},
				"up": {"uv": [5.25, 13.5, 5, 9], "texture": "#1"},
				"down": {"uv": [5.75, 9, 5.5, 13.5], "texture": "#1"}
			}
		},
		{
			"from": [12.5, 1.25, 3.5],
			"to": [13, 1.75, 12.5],
			"faces": {
				"north": {"uv": [0.5, 10, 0.75, 10.25], "texture": "#1"},
				"east": {"uv": [6, 9, 10.5, 9.25], "texture": "#1"},
				"south": {"uv": [1, 10, 1.25, 10.25], "texture": "#1"},
				"west": {"uv": [6, 9.5, 10.5, 9.75], "texture": "#1"},
				"up": {"uv": [0.25, 14.5, 0, 10], "texture": "#1"},
				"down": {"uv": [10.25, 0, 10, 4.5], "texture": "#1"}
			}
		},
		{
			"from": [3, 1.25, 3],
			"to": [13, 1.75, 3.5],
			"faces": {
				"north": {"uv": [5, 4, 10, 4.25], "texture": "#1"},
				"east": {"uv": [1.5, 10, 1.75, 10.25], "texture": "#1"},
				"south": {"uv": [5, 4.5, 10, 4.75], "texture": "#1"},
				"west": {"uv": [2, 10, 2.25, 10.25], "texture": "#1"},
				"up": {"uv": [10, 5.25, 5, 5], "texture": "#1"},
				"down": {"uv": [10, 5.5, 5, 5.75], "texture": "#1"}
			}
		},
		{
			"from": [3, 1.25, 12.5],
			"to": [13, 1.75, 13],
			"faces": {
				"north": {"uv": [5, 6, 10, 6.25], "texture": "#1"},
				"east": {"uv": [2.5, 10, 2.75, 10.25], "texture": "#1"},
				"south": {"uv": [5, 6.5, 10, 6.75], "texture": "#1"},
				"west": {"uv": [3, 10, 3.25, 10.25], "texture": "#1"},
				"up": {"uv": [10, 7.25, 5, 7], "texture": "#1"},
				"down": {"uv": [10, 7.5, 5, 7.75], "texture": "#1"}
			}
		},
		{
			"from": [5.15, 1.25, 4],
			"to": [5.65, 1.5, 6.3],
			"rotation": {"angle": 0, "axis": "y", "origin": [5.4, 1.375, 5.375]},
			"faces": {
				"north": {"uv": [11, 0, 11.5, 0.25], "texture": "#3"},
				"east": {"uv": [2, 0, 4.25, 0.25], "texture": "#3"},
				"south": {"uv": [1, 11, 1.5, 11.25], "texture": "#3"},
				"west": {"uv": [2, 1, 4.25, 1.25], "texture": "#3"},
				"up": {"uv": [0.5, 2.25, 0, 0], "texture": "#3"},
				"down": {"uv": [1.5, 0, 1, 2.25], "texture": "#3"}
			}
		},
		{
			"from": [5.65, 1.25, 4.1],
			"to": [5.8, 1.5, 6.2],
			"rotation": {"angle": 0, "axis": "y", "origin": [5.4, 1.375, 5.375]},
			"faces": {
				"north": {"uv": [10, 11, 10.125, 11.25], "texture": "#3"},
				"east": {"uv": [2, 2, 4.125, 2.25], "texture": "#3"},
				"south": {"uv": [11, 10, 11.125, 10.25], "texture": "#3"},
				"west": {"uv": [0, 3, 2.125, 3.25], "texture": "#3"},
				"up": {"uv": [6.125, 9.125, 6, 7], "texture": "#3"},
				"down": {"uv": [7.125, 7, 7, 9.125], "texture": "#3"}
			}
		},
		{
			"from": [5, 1.25, 4.1],
			"to": [5.15, 1.5, 6.2],
			"rotation": {"angle": 0, "axis": "y", "origin": [5.4, 1.375, 5.375]},
			"faces": {
				"north": {"uv": [11, 11, 11.125, 11.25], "texture": "#3"},
				"east": {"uv": [3, 3, 5.125, 3.25], "texture": "#3"},
				"south": {"uv": [12, 0, 12.125, 0.25], "texture": "#3"},
				"west": {"uv": [0, 4, 2.125, 4.25], "texture": "#3"},
				"up": {"uv": [0.125, 10.125, 0, 8], "texture": "#3"},
				"down": {"uv": [1.125, 8, 1, 10.125], "texture": "#3"}
			}
		},
		{
			"from": [5.8, 1.25, 4.2],
			"to": [5.95, 1.5, 6.1],
			"rotation": {"angle": 0, "axis": "y", "origin": [5.4, 1.375, 5.375]},
			"faces": {
				"north": {"uv": [1, 12, 1.125, 12.25], "texture": "#3"},
				"east": {"uv": [3, 4, 4.875, 4.25], "texture": "#3"},
				"south": {"uv": [12, 1, 12.125, 1.25], "texture": "#3"},
				"west": {"uv": [0, 5, 1.875, 5.25], "texture": "#3"},
				"up": {"uv": [4.125, 9.875, 4, 8], "texture": "#3"},
				"down": {"uv": [8.125, 4, 8, 5.875], "texture": "#3"}
			}
		},
		{
			"from": [4.7, 1.25, 4.7],
			"to": [4.85, 1.5, 6],
			"rotation": {"angle": 0, "axis": "y", "origin": [5.4, 1.375, 5.375]},
			"faces": {
				"north": {"uv": [2, 12, 2.125, 12.25], "texture": "#3"},
				"east": {"uv": [2, 5, 3.25, 5.25], "texture": "#3"},
				"south": {"uv": [12, 2, 12.125, 2.25], "texture": "#3"},
				"west": {"uv": [5, 2, 6.25, 2.25], "texture": "#3"},
				"up": {"uv": [9.125, 3.25, 9, 2], "texture": "#3"},
				"down": {"uv": [3.125, 9, 3, 10.25], "texture": "#3"}
			}
		},
		{
			"from": [4.55, 1.25, 4.8],
			"to": [4.7, 1.5, 6],
			"rotation": {"angle": 0, "axis": "y", "origin": [5.4, 1.375, 5.375]},
			"faces": {
				"north": {"uv": [3, 12, 3.125, 12.25], "texture": "#3"},
				"east": {"uv": [4, 5, 5.25, 5.25], "texture": "#3"},
				"south": {"uv": [12, 3, 12.125, 3.25], "texture": "#3"},
				"west": {"uv": [5, 4, 6.25, 4.25], "texture": "#3"},
				"up": {"uv": [9.125, 5.25, 9, 4], "texture": "#3"},
				"down": {"uv": [9.125, 6, 9, 7.25], "texture": "#3"}
			}
		},
		{
			"from": [6.25, 1.25, 4.9],
			"to": [6.4, 1.5, 6.1],
			"rotation": {"angle": 0, "axis": "y", "origin": [5.4, 1.375, 5.375]},
			"faces": {
				"north": {"uv": [4, 12, 4.125, 12.25], "texture": "#3"},
				"east": {"uv": [0, 6, 1.25, 6.25], "texture": "#3"},
				"south": {"uv": [12, 4, 12.125, 4.25], "texture": "#3"},
				"west": {"uv": [2, 6, 3.25, 6.25], "texture": "#3"},
				"up": {"uv": [8.125, 10.25, 8, 9], "texture": "#3"},
				"down": {"uv": [9.125, 8, 9, 9.25], "texture": "#3"}
			}
		},
		{
			"from": [4.4, 1.25, 4.9],
			"to": [4.55, 1.5, 6.1],
			"rotation": {"angle": 0, "axis": "y", "origin": [5.4, 1.375, 5.375]},
			"faces": {
				"north": {"uv": [5, 12, 5.125, 12.25], "texture": "#3"},
				"east": {"uv": [6, 3, 7.25, 3.25], "texture": "#3"},
				"south": {"uv": [12, 5, 12.125, 5.25], "texture": "#3"},
				"west": {"uv": [4, 6, 5.25, 6.25], "texture": "#3"},
				"up": {"uv": [10.125, 1.25, 10, 0], "texture": "#3"},
				"down": {"uv": [2.125, 10, 2, 11.25], "texture": "#3"}
			}
		},
		{
			"from": [4.25, 1.25, 5],
			"to": [4.4, 1.5, 6.1],
			"rotation": {"angle": 0, "axis": "y", "origin": [5.4, 1.375, 5.375]},
			"faces": {
				"north": {"uv": [6, 12, 6.125, 12.25], "texture": "#3"},
				"east": {"uv": [7, 1, 8.125, 1.25], "texture": "#3"},
				"south": {"uv": [12, 6, 12.125, 6.25], "texture": "#3"},
				"west": {"uv": [2, 7, 3.125, 7.25], "texture": "#3"},
				"up": {"uv": [10.125, 8.125, 10, 7], "texture": "#3"},
				"down": {"uv": [9.125, 10, 9, 11.125], "texture": "#3"}
			}
		},
		{
			"from": [6.55, 1.25, 5.1],
			"to": [6.7, 1.5, 6.1],
			"rotation": {"angle": 0, "axis": "y", "origin": [5.4, 1.375, 5.375]},
			"faces": {
				"north": {"uv": [7, 12, 7.125, 12.25], "texture": "#3"},
				"east": {"uv": [7, 4, 8, 4.25], "texture": "#3"},
				"south": {"uv": [12, 7, 12.125, 7.25], "texture": "#3"},
				"west": {"uv": [2, 8, 3, 8.25], "texture": "#3"},
				"up": {"uv": [11.125, 2, 11, 1], "texture": "#3"},
				"down": {"uv": [11.125, 2, 11, 3], "texture": "#3"}
			}
		},
		{
			"from": [6.7, 1.25, 5.2],
			"to": [6.85, 1.5, 6],
			"rotation": {"angle": 0, "axis": "y", "origin": [5.4, 1.375, 5.375]},
			"faces": {
				"north": {"uv": [8, 12, 8.125, 12.25], "texture": "#3"},
				"east": {"uv": [8, 8, 8.75, 8.25], "texture": "#3"},
				"south": {"uv": [12, 8, 12.125, 8.25], "texture": "#3"},
				"west": {"uv": [9, 0, 9.75, 0.25], "texture": "#3"},
				"up": {"uv": [4.125, 11.75, 4, 11], "texture": "#3"},
				"down": {"uv": [11.125, 4, 11, 4.75], "texture": "#3"}
			}
		},
		{
			"from": [6.85, 1.25, 5.3],
			"to": [7, 1.5, 5.9],
			"rotation": {"angle": 0, "axis": "y", "origin": [5.4, 1.375, 5.375]},
			"faces": {
				"north": {"uv": [9, 12, 9.125, 12.25], "texture": "#3"},
				"east": {"uv": [10, 2, 10.625, 2.25], "texture": "#3"},
				"south": {"uv": [12, 9, 12.125, 9.25], "texture": "#3"},
				"west": {"uv": [10, 3, 10.625, 3.25], "texture": "#3"},
				"up": {"uv": [11.125, 7.625, 11, 7], "texture": "#3"},
				"down": {"uv": [8.125, 11, 8, 11.625], "texture": "#3"}
			}
		},
		{
			"from": [3.95, 1.25, 5.2],
			"to": [4.1, 1.5, 6],
			"rotation": {"angle": 0, "axis": "y", "origin": [5.4, 1.375, 5.375]},
			"faces": {
				"north": {"uv": [10, 12, 10.125, 12.25], "texture": "#3"},
				"east": {"uv": [9, 1, 9.75, 1.25], "texture": "#3"},
				"south": {"uv": [12, 10, 12.125, 10.25], "texture": "#3"},
				"west": {"uv": [2, 9, 2.75, 9.25], "texture": "#3"},
				"up": {"uv": [11.125, 5.75, 11, 5], "texture": "#3"},
				"down": {"uv": [11.125, 6, 11, 6.75], "texture": "#3"}
			}
		},
		{
			"from": [3.8, 1.25, 5.3],
			"to": [3.95, 1.5, 5.9],
			"rotation": {"angle": 0, "axis": "y", "origin": [5.4, 1.375, 5.375]},
			"faces": {
				"north": {"uv": [11, 12, 11.125, 12.25], "texture": "#3"},
				"east": {"uv": [4, 10, 4.625, 10.25], "texture": "#3"},
				"south": {"uv": [12, 11, 12.125, 11.25], "texture": "#3"},
				"west": {"uv": [10, 4, 10.625, 4.25], "texture": "#3"},
				"up": {"uv": [11.125, 8.625, 11, 8], "texture": "#3"},
				"down": {"uv": [11.125, 9, 11, 9.625], "texture": "#3"}
			}
		},
		{
			"from": [4.1, 1.25, 5.1],
			"to": [4.25, 1.5, 6.1],
			"rotation": {"angle": 0, "axis": "y", "origin": [5.4, 1.375, 5.375]},
			"faces": {
				"north": {"uv": [12, 12, 12.125, 12.25], "texture": "#3"},
				"east": {"uv": [3, 8, 4, 8.25], "texture": "#3"},
				"south": {"uv": [0, 13, 0.125, 13.25], "texture": "#3"},
				"west": {"uv": [8, 3, 9, 3.25], "texture": "#3"},
				"up": {"uv": [3.125, 12, 3, 11], "texture": "#3"},
				"down": {"uv": [11.125, 3, 11, 4], "texture": "#3"}
			}
		},
		{
			"from": [6.4, 1.25, 5],
			"to": [6.55, 1.5, 6.1],
			"rotation": {"angle": 0, "axis": "y", "origin": [5.4, 1.375, 5.375]},
			"faces": {
				"north": {"uv": [13, 0, 13.125, 0.25], "texture": "#3"},
				"east": {"uv": [7, 2, 8.125, 2.25], "texture": "#3"},
				"south": {"uv": [1, 13, 1.125, 13.25], "texture": "#3"},
				"west": {"uv": [4, 7, 5.125, 7.25], "texture": "#3"},
				"up": {"uv": [10.125, 10.125, 10, 9], "texture": "#3"},
				"down": {"uv": [0.125, 11, 0, 12.125], "texture": "#3"}
			}
		},
		{
			"from": [6.1, 1.25, 4.8],
			"to": [6.25, 1.5, 6],
			"rotation": {"angle": 0, "axis": "y", "origin": [5.4, 1.375, 5.375]},
			"faces": {
				"north": {"uv": [13, 1, 13.125, 1.25], "texture": "#3"},
				"east": {"uv": [6, 5, 7.25, 5.25], "texture": "#3"},
				"south": {"uv": [2, 13, 2.125, 13.25], "texture": "#3"},
				"west": {"uv": [6, 6, 7.25, 6.25], "texture": "#3"},
				"up": {"uv": [5.125, 11.25, 5, 10], "texture": "#3"},
				"down": {"uv": [10.125, 5, 10, 6.25], "texture": "#3"}
			}
		},
		{
			"from": [5.95, 1.25, 4.7],
			"to": [6.1, 1.5, 6],
			"rotation": {"angle": 0, "axis": "y", "origin": [5.4, 1.375, 5.375]},
			"faces": {
				"north": {"uv": [13, 2, 13.125, 2.25], "texture": "#3"},
				"east": {"uv": [0, 7, 1.25, 7.25], "texture": "#3"},
				"south": {"uv": [3, 13, 3.125, 13.25], "texture": "#3"},
				"west": {"uv": [7, 0, 8.25, 0.25], "texture": "#3"},
				"up": {"uv": [6.125, 11.25, 6, 10], "texture": "#3"},
				"down": {"uv": [7.125, 10, 7, 11.25], "texture": "#3"}
			}
		},
		{
			"from": [4.85, 1.25, 4.2],
			"to": [5, 1.5, 6.1],
			"rotation": {"angle": 0, "axis": "y", "origin": [5.4, 1.375, 5.375]},
			"faces": {
				"north": {"uv": [13, 3, 13.125, 3.25], "texture": "#3"},
				"east": {"uv": [5, 0, 6.875, 0.25], "texture": "#3"},
				"south": {"uv": [4, 13, 4.125, 13.25], "texture": "#3"},
				"west": {"uv": [5, 1, 6.875, 1.25], "texture": "#3"},
				"up": {"uv": [5.125, 9.875, 5, 8], "texture": "#3"},
				"down": {"uv": [8.125, 6, 8, 7.875], "texture": "#3"}
			}
		},
		{
			"from": [10.4, 1.25, 4],
			"to": [10.9, 1.5, 6.3],
			"rotation": {"angle": 0, "axis": "y", "origin": [5.4, 1.375, 5.375]},
			"faces": {
				"north": {"uv": [11, 0, 11.5, 0.25], "texture": "#3"},
				"east": {"uv": [2, 0, 4.25, 0.25], "texture": "#3"},
				"south": {"uv": [1, 11, 1.5, 11.25], "texture": "#3"},
				"west": {"uv": [2, 1, 4.25, 1.25], "texture": "#3"},
				"up": {"uv": [0.5, 2.25, 0, 0], "texture": "#3"},
				"down": {"uv": [1.5, 0, 1, 2.25], "texture": "#3"}
			}
		},
		{
			"from": [10.9, 1.25, 4.1],
			"to": [11.05, 1.5, 6.2],
			"rotation": {"angle": 0, "axis": "y", "origin": [5.4, 1.375, 5.375]},
			"faces": {
				"north": {"uv": [10, 11, 10.125, 11.25], "texture": "#3"},
				"east": {"uv": [2, 2, 4.125, 2.25], "texture": "#3"},
				"south": {"uv": [11, 10, 11.125, 10.25], "texture": "#3"},
				"west": {"uv": [0, 3, 2.125, 3.25], "texture": "#3"},
				"up": {"uv": [6.125, 9.125, 6, 7], "texture": "#3"},
				"down": {"uv": [7.125, 7, 7, 9.125], "texture": "#3"}
			}
		},
		{
			"from": [10.25, 1.25, 4.1],
			"to": [10.4, 1.5, 6.2],
			"rotation": {"angle": 0, "axis": "y", "origin": [5.4, 1.375, 5.375]},
			"faces": {
				"north": {"uv": [11, 11, 11.125, 11.25], "texture": "#3"},
				"east": {"uv": [3, 3, 5.125, 3.25], "texture": "#3"},
				"south": {"uv": [12, 0, 12.125, 0.25], "texture": "#3"},
				"west": {"uv": [0, 4, 2.125, 4.25], "texture": "#3"},
				"up": {"uv": [0.125, 10.125, 0, 8], "texture": "#3"},
				"down": {"uv": [1.125, 8, 1, 10.125], "texture": "#3"}
			}
		},
		{
			"from": [11.05, 1.25, 4.2],
			"to": [11.2, 1.5, 6.1],
			"rotation": {"angle": 0, "axis": "y", "origin": [5.4, 1.375, 5.375]},
			"faces": {
				"north": {"uv": [1, 12, 1.125, 12.25], "texture": "#3"},
				"east": {"uv": [3, 4, 4.875, 4.25], "texture": "#3"},
				"south": {"uv": [12, 1, 12.125, 1.25], "texture": "#3"},
				"west": {"uv": [0, 5, 1.875, 5.25], "texture": "#3"},
				"up": {"uv": [4.125, 9.875, 4, 8], "texture": "#3"},
				"down": {"uv": [8.125, 4, 8, 5.875], "texture": "#3"}
			}
		},
		{
			"from": [9.95, 1.25, 4.7],
			"to": [10.1, 1.5, 6],
			"rotation": {"angle": 0, "axis": "y", "origin": [5.4, 1.375, 5.375]},
			"faces": {
				"north": {"uv": [2, 12, 2.125, 12.25], "texture": "#3"},
				"east": {"uv": [2, 5, 3.25, 5.25], "texture": "#3"},
				"south": {"uv": [12, 2, 12.125, 2.25], "texture": "#3"},
				"west": {"uv": [5, 2, 6.25, 2.25], "texture": "#3"},
				"up": {"uv": [9.125, 3.25, 9, 2], "texture": "#3"},
				"down": {"uv": [3.125, 9, 3, 10.25], "texture": "#3"}
			}
		},
		{
			"from": [9.8, 1.25, 4.8],
			"to": [9.95, 1.5, 6],
			"rotation": {"angle": 0, "axis": "y", "origin": [5.4, 1.375, 5.375]},
			"faces": {
				"north": {"uv": [3, 12, 3.125, 12.25], "texture": "#3"},
				"east": {"uv": [4, 5, 5.25, 5.25], "texture": "#3"},
				"south": {"uv": [12, 3, 12.125, 3.25], "texture": "#3"},
				"west": {"uv": [5, 4, 6.25, 4.25], "texture": "#3"},
				"up": {"uv": [9.125, 5.25, 9, 4], "texture": "#3"},
				"down": {"uv": [9.125, 6, 9, 7.25], "texture": "#3"}
			}
		},
		{
			"from": [11.5, 1.25, 4.9],
			"to": [11.65, 1.5, 6.1],
			"rotation": {"angle": 0, "axis": "y", "origin": [5.4, 1.375, 5.375]},
			"faces": {
				"north": {"uv": [4, 12, 4.125, 12.25], "texture": "#3"},
				"east": {"uv": [0, 6, 1.25, 6.25], "texture": "#3"},
				"south": {"uv": [12, 4, 12.125, 4.25], "texture": "#3"},
				"west": {"uv": [2, 6, 3.25, 6.25], "texture": "#3"},
				"up": {"uv": [8.125, 10.25, 8, 9], "texture": "#3"},
				"down": {"uv": [9.125, 8, 9, 9.25], "texture": "#3"}
			}
		},
		{
			"from": [9.65, 1.25, 4.9],
			"to": [9.8, 1.5, 6.1],
			"rotation": {"angle": 0, "axis": "y", "origin": [5.4, 1.375, 5.375]},
			"faces": {
				"north": {"uv": [5, 12, 5.125, 12.25], "texture": "#3"},
				"east": {"uv": [6, 3, 7.25, 3.25], "texture": "#3"},
				"south": {"uv": [12, 5, 12.125, 5.25], "texture": "#3"},
				"west": {"uv": [4, 6, 5.25, 6.25], "texture": "#3"},
				"up": {"uv": [10.125, 1.25, 10, 0], "texture": "#3"},
				"down": {"uv": [2.125, 10, 2, 11.25], "texture": "#3"}
			}
		},
		{
			"from": [9.5, 1.25, 5],
			"to": [9.65, 1.5, 6.1],
			"rotation": {"angle": 0, "axis": "y", "origin": [5.4, 1.375, 5.375]},
			"faces": {
				"north": {"uv": [6, 12, 6.125, 12.25], "texture": "#3"},
				"east": {"uv": [7, 1, 8.125, 1.25], "texture": "#3"},
				"south": {"uv": [12, 6, 12.125, 6.25], "texture": "#3"},
				"west": {"uv": [2, 7, 3.125, 7.25], "texture": "#3"},
				"up": {"uv": [10.125, 8.125, 10, 7], "texture": "#3"},
				"down": {"uv": [9.125, 10, 9, 11.125], "texture": "#3"}
			}
		},
		{
			"from": [11.8, 1.25, 5.1],
			"to": [11.95, 1.5, 6.1],
			"rotation": {"angle": 0, "axis": "y", "origin": [5.4, 1.375, 5.375]},
			"faces": {
				"north": {"uv": [7, 12, 7.125, 12.25], "texture": "#3"},
				"east": {"uv": [7, 4, 8, 4.25], "texture": "#3"},
				"south": {"uv": [12, 7, 12.125, 7.25], "texture": "#3"},
				"west": {"uv": [2, 8, 3, 8.25], "texture": "#3"},
				"up": {"uv": [11.125, 2, 11, 1], "texture": "#3"},
				"down": {"uv": [11.125, 2, 11, 3], "texture": "#3"}
			}
		},
		{
			"from": [11.95, 1.25, 5.2],
			"to": [12.1, 1.5, 6],
			"rotation": {"angle": 0, "axis": "y", "origin": [5.4, 1.375, 5.375]},
			"faces": {
				"north": {"uv": [8, 12, 8.125, 12.25], "texture": "#3"},
				"east": {"uv": [8, 8, 8.75, 8.25], "texture": "#3"},
				"south": {"uv": [12, 8, 12.125, 8.25], "texture": "#3"},
				"west": {"uv": [9, 0, 9.75, 0.25], "texture": "#3"},
				"up": {"uv": [4.125, 11.75, 4, 11], "texture": "#3"},
				"down": {"uv": [11.125, 4, 11, 4.75], "texture": "#3"}
			}
		},
		{
			"from": [12.1, 1.25, 5.3],
			"to": [12.25, 1.5, 5.9],
			"rotation": {"angle": 0, "axis": "y", "origin": [5.4, 1.375, 5.375]},
			"faces": {
				"north": {"uv": [9, 12, 9.125, 12.25], "texture": "#3"},
				"east": {"uv": [10, 2, 10.625, 2.25], "texture": "#3"},
				"south": {"uv": [12, 9, 12.125, 9.25], "texture": "#3"},
				"west": {"uv": [10, 3, 10.625, 3.25], "texture": "#3"},
				"up": {"uv": [11.125, 7.625, 11, 7], "texture": "#3"},
				"down": {"uv": [8.125, 11, 8, 11.625], "texture": "#3"}
			}
		},
		{
			"from": [9.2, 1.25, 5.2],
			"to": [9.35, 1.5, 6],
			"rotation": {"angle": 0, "axis": "y", "origin": [5.4, 1.375, 5.375]},
			"faces": {
				"north": {"uv": [10, 12, 10.125, 12.25], "texture": "#3"},
				"east": {"uv": [9, 1, 9.75, 1.25], "texture": "#3"},
				"south": {"uv": [12, 10, 12.125, 10.25], "texture": "#3"},
				"west": {"uv": [2, 9, 2.75, 9.25], "texture": "#3"},
				"up": {"uv": [11.125, 5.75, 11, 5], "texture": "#3"},
				"down": {"uv": [11.125, 6, 11, 6.75], "texture": "#3"}
			}
		},
		{
			"from": [9.05, 1.25, 5.3],
			"to": [9.2, 1.5, 5.9],
			"rotation": {"angle": 0, "axis": "y", "origin": [5.4, 1.375, 5.375]},
			"faces": {
				"north": {"uv": [11, 12, 11.125, 12.25], "texture": "#3"},
				"east": {"uv": [4, 10, 4.625, 10.25], "texture": "#3"},
				"south": {"uv": [12, 11, 12.125, 11.25], "texture": "#3"},
				"west": {"uv": [10, 4, 10.625, 4.25], "texture": "#3"},
				"up": {"uv": [11.125, 8.625, 11, 8], "texture": "#3"},
				"down": {"uv": [11.125, 9, 11, 9.625], "texture": "#3"}
			}
		},
		{
			"from": [9.35, 1.25, 5.1],
			"to": [9.5, 1.5, 6.1],
			"rotation": {"angle": 0, "axis": "y", "origin": [5.4, 1.375, 5.375]},
			"faces": {
				"north": {"uv": [12, 12, 12.125, 12.25], "texture": "#3"},
				"east": {"uv": [3, 8, 4, 8.25], "texture": "#3"},
				"south": {"uv": [0, 13, 0.125, 13.25], "texture": "#3"},
				"west": {"uv": [8, 3, 9, 3.25], "texture": "#3"},
				"up": {"uv": [3.125, 12, 3, 11], "texture": "#3"},
				"down": {"uv": [11.125, 3, 11, 4], "texture": "#3"}
			}
		},
		{
			"from": [11.65, 1.25, 5],
			"to": [11.8, 1.5, 6.1],
			"rotation": {"angle": 0, "axis": "y", "origin": [5.4, 1.375, 5.375]},
			"faces": {
				"north": {"uv": [13, 0, 13.125, 0.25], "texture": "#3"},
				"east": {"uv": [7, 2, 8.125, 2.25], "texture": "#3"},
				"south": {"uv": [1, 13, 1.125, 13.25], "texture": "#3"},
				"west": {"uv": [4, 7, 5.125, 7.25], "texture": "#3"},
				"up": {"uv": [10.125, 10.125, 10, 9], "texture": "#3"},
				"down": {"uv": [0.125, 11, 0, 12.125], "texture": "#3"}
			}
		},
		{
			"from": [11.35, 1.25, 4.8],
			"to": [11.5, 1.5, 6],
			"rotation": {"angle": 0, "axis": "y", "origin": [5.4, 1.375, 5.375]},
			"faces": {
				"north": {"uv": [13, 1, 13.125, 1.25], "texture": "#3"},
				"east": {"uv": [6, 5, 7.25, 5.25], "texture": "#3"},
				"south": {"uv": [2, 13, 2.125, 13.25], "texture": "#3"},
				"west": {"uv": [6, 6, 7.25, 6.25], "texture": "#3"},
				"up": {"uv": [5.125, 11.25, 5, 10], "texture": "#3"},
				"down": {"uv": [10.125, 5, 10, 6.25], "texture": "#3"}
			}
		},
		{
			"from": [11.2, 1.25, 4.7],
			"to": [11.35, 1.5, 6],
			"rotation": {"angle": 0, "axis": "y", "origin": [5.4, 1.375, 5.375]},
			"faces": {
				"north": {"uv": [13, 2, 13.125, 2.25], "texture": "#3"},
				"east": {"uv": [0, 7, 1.25, 7.25], "texture": "#3"},
				"south": {"uv": [3, 13, 3.125, 13.25], "texture": "#3"},
				"west": {"uv": [7, 0, 8.25, 0.25], "texture": "#3"},
				"up": {"uv": [6.125, 11.25, 6, 10], "texture": "#3"},
				"down": {"uv": [7.125, 10, 7, 11.25], "texture": "#3"}
			}
		},
		{
			"from": [10.1, 1.25, 4.2],
			"to": [10.25, 1.5, 6.1],
			"rotation": {"angle": 0, "axis": "y", "origin": [5.4, 1.375, 5.375]},
			"faces": {
				"north": {"uv": [13, 3, 13.125, 3.25], "texture": "#3"},
				"east": {"uv": [5, 0, 6.875, 0.25], "texture": "#3"},
				"south": {"uv": [4, 13, 4.125, 13.25], "texture": "#3"},
				"west": {"uv": [5, 1, 6.875, 1.25], "texture": "#3"},
				"up": {"uv": [5.125, 9.875, 5, 8], "texture": "#3"},
				"down": {"uv": [8.125, 6, 8, 7.875], "texture": "#3"}
			}
		},
		{
			"from": [10.4, 1.25, 10],
			"to": [10.9, 1.5, 12.3],
			"rotation": {"angle": 0, "axis": "y", "origin": [5.4, 1.375, 5.375]},
			"faces": {
				"north": {"uv": [11, 0, 11.5, 0.25], "texture": "#3"},
				"east": {"uv": [2, 0, 4.25, 0.25], "texture": "#3"},
				"south": {"uv": [1, 11, 1.5, 11.25], "texture": "#3"},
				"west": {"uv": [2, 1, 4.25, 1.25], "texture": "#3"},
				"up": {"uv": [0.5, 2.25, 0, 0], "texture": "#3"},
				"down": {"uv": [1.5, 0, 1, 2.25], "texture": "#3"}
			}
		},
		{
			"from": [10.9, 1.25, 10.1],
			"to": [11.05, 1.5, 12.2],
			"rotation": {"angle": 0, "axis": "y", "origin": [5.4, 1.375, 5.375]},
			"faces": {
				"north": {"uv": [10, 11, 10.125, 11.25], "texture": "#3"},
				"east": {"uv": [2, 2, 4.125, 2.25], "texture": "#3"},
				"south": {"uv": [11, 10, 11.125, 10.25], "texture": "#3"},
				"west": {"uv": [0, 3, 2.125, 3.25], "texture": "#3"},
				"up": {"uv": [6.125, 9.125, 6, 7], "texture": "#3"},
				"down": {"uv": [7.125, 7, 7, 9.125], "texture": "#3"}
			}
		},
		{
			"from": [10.25, 1.25, 10.1],
			"to": [10.4, 1.5, 12.2],
			"rotation": {"angle": 0, "axis": "y", "origin": [5.4, 1.375, 5.375]},
			"faces": {
				"north": {"uv": [11, 11, 11.125, 11.25], "texture": "#3"},
				"east": {"uv": [3, 3, 5.125, 3.25], "texture": "#3"},
				"south": {"uv": [12, 0, 12.125, 0.25], "texture": "#3"},
				"west": {"uv": [0, 4, 2.125, 4.25], "texture": "#3"},
				"up": {"uv": [0.125, 10.125, 0, 8], "texture": "#3"},
				"down": {"uv": [1.125, 8, 1, 10.125], "texture": "#3"}
			}
		},
		{
			"from": [11.05, 1.25, 10.2],
			"to": [11.2, 1.5, 12.1],
			"rotation": {"angle": 0, "axis": "y", "origin": [5.4, 1.375, 5.375]},
			"faces": {
				"north": {"uv": [1, 12, 1.125, 12.25], "texture": "#3"},
				"east": {"uv": [3, 4, 4.875, 4.25], "texture": "#3"},
				"south": {"uv": [12, 1, 12.125, 1.25], "texture": "#3"},
				"west": {"uv": [0, 5, 1.875, 5.25], "texture": "#3"},
				"up": {"uv": [4.125, 9.875, 4, 8], "texture": "#3"},
				"down": {"uv": [8.125, 4, 8, 5.875], "texture": "#3"}
			}
		},
		{
			"from": [9.95, 1.25, 10.7],
			"to": [10.1, 1.5, 12],
			"rotation": {"angle": 0, "axis": "y", "origin": [5.4, 1.375, 5.375]},
			"faces": {
				"north": {"uv": [2, 12, 2.125, 12.25], "texture": "#3"},
				"east": {"uv": [2, 5, 3.25, 5.25], "texture": "#3"},
				"south": {"uv": [12, 2, 12.125, 2.25], "texture": "#3"},
				"west": {"uv": [5, 2, 6.25, 2.25], "texture": "#3"},
				"up": {"uv": [9.125, 3.25, 9, 2], "texture": "#3"},
				"down": {"uv": [3.125, 9, 3, 10.25], "texture": "#3"}
			}
		},
		{
			"from": [9.8, 1.25, 10.8],
			"to": [9.95, 1.5, 12],
			"rotation": {"angle": 0, "axis": "y", "origin": [5.4, 1.375, 5.375]},
			"faces": {
				"north": {"uv": [3, 12, 3.125, 12.25], "texture": "#3"},
				"east": {"uv": [4, 5, 5.25, 5.25], "texture": "#3"},
				"south": {"uv": [12, 3, 12.125, 3.25], "texture": "#3"},
				"west": {"uv": [5, 4, 6.25, 4.25], "texture": "#3"},
				"up": {"uv": [9.125, 5.25, 9, 4], "texture": "#3"},
				"down": {"uv": [9.125, 6, 9, 7.25], "texture": "#3"}
			}
		},
		{
			"from": [11.5, 1.25, 10.9],
			"to": [11.65, 1.5, 12.1],
			"rotation": {"angle": 0, "axis": "y", "origin": [5.4, 1.375, 5.375]},
			"faces": {
				"north": {"uv": [4, 12, 4.125, 12.25], "texture": "#3"},
				"east": {"uv": [0, 6, 1.25, 6.25], "texture": "#3"},
				"south": {"uv": [12, 4, 12.125, 4.25], "texture": "#3"},
				"west": {"uv": [2, 6, 3.25, 6.25], "texture": "#3"},
				"up": {"uv": [8.125, 10.25, 8, 9], "texture": "#3"},
				"down": {"uv": [9.125, 8, 9, 9.25], "texture": "#3"}
			}
		},
		{
			"from": [9.65, 1.25, 10.9],
			"to": [9.8, 1.5, 12.1],
			"rotation": {"angle": 0, "axis": "y", "origin": [5.4, 1.375, 5.375]},
			"faces": {
				"north": {"uv": [5, 12, 5.125, 12.25], "texture": "#3"},
				"east": {"uv": [6, 3, 7.25, 3.25], "texture": "#3"},
				"south": {"uv": [12, 5, 12.125, 5.25], "texture": "#3"},
				"west": {"uv": [4, 6, 5.25, 6.25], "texture": "#3"},
				"up": {"uv": [10.125, 1.25, 10, 0], "texture": "#3"},
				"down": {"uv": [2.125, 10, 2, 11.25], "texture": "#3"}
			}
		},
		{
			"from": [9.5, 1.25, 11],
			"to": [9.65, 1.5, 12.1],
			"rotation": {"angle": 0, "axis": "y", "origin": [5.4, 1.375, 5.375]},
			"faces": {
				"north": {"uv": [6, 12, 6.125, 12.25], "texture": "#3"},
				"east": {"uv": [7, 1, 8.125, 1.25], "texture": "#3"},
				"south": {"uv": [12, 6, 12.125, 6.25], "texture": "#3"},
				"west": {"uv": [2, 7, 3.125, 7.25], "texture": "#3"},
				"up": {"uv": [10.125, 8.125, 10, 7], "texture": "#3"},
				"down": {"uv": [9.125, 10, 9, 11.125], "texture": "#3"}
			}
		},
		{
			"from": [11.8, 1.25, 11.1],
			"to": [11.95, 1.5, 12.1],
			"rotation": {"angle": 0, "axis": "y", "origin": [5.4, 1.375, 5.375]},
			"faces": {
				"north": {"uv": [7, 12, 7.125, 12.25], "texture": "#3"},
				"east": {"uv": [7, 4, 8, 4.25], "texture": "#3"},
				"south": {"uv": [12, 7, 12.125, 7.25], "texture": "#3"},
				"west": {"uv": [2, 8, 3, 8.25], "texture": "#3"},
				"up": {"uv": [11.125, 2, 11, 1], "texture": "#3"},
				"down": {"uv": [11.125, 2, 11, 3], "texture": "#3"}
			}
		},
		{
			"from": [11.95, 1.25, 11.2],
			"to": [12.1, 1.5, 12],
			"rotation": {"angle": 0, "axis": "y", "origin": [5.4, 1.375, 5.375]},
			"faces": {
				"north": {"uv": [8, 12, 8.125, 12.25], "texture": "#3"},
				"east": {"uv": [8, 8, 8.75, 8.25], "texture": "#3"},
				"south": {"uv": [12, 8, 12.125, 8.25], "texture": "#3"},
				"west": {"uv": [9, 0, 9.75, 0.25], "texture": "#3"},
				"up": {"uv": [4.125, 11.75, 4, 11], "texture": "#3"},
				"down": {"uv": [11.125, 4, 11, 4.75], "texture": "#3"}
			}
		},
		{
			"from": [12.1, 1.25, 11.3],
			"to": [12.25, 1.5, 11.9],
			"rotation": {"angle": 0, "axis": "y", "origin": [5.4, 1.375, 5.375]},
			"faces": {
				"north": {"uv": [9, 12, 9.125, 12.25], "texture": "#3"},
				"east": {"uv": [10, 2, 10.625, 2.25], "texture": "#3"},
				"south": {"uv": [12, 9, 12.125, 9.25], "texture": "#3"},
				"west": {"uv": [10, 3, 10.625, 3.25], "texture": "#3"},
				"up": {"uv": [11.125, 7.625, 11, 7], "texture": "#3"},
				"down": {"uv": [8.125, 11, 8, 11.625], "texture": "#3"}
			}
		},
		{
			"from": [9.2, 1.25, 11.2],
			"to": [9.35, 1.5, 12],
			"rotation": {"angle": 0, "axis": "y", "origin": [5.4, 1.375, 5.375]},
			"faces": {
				"north": {"uv": [10, 12, 10.125, 12.25], "texture": "#3"},
				"east": {"uv": [9, 1, 9.75, 1.25], "texture": "#3"},
				"south": {"uv": [12, 10, 12.125, 10.25], "texture": "#3"},
				"west": {"uv": [2, 9, 2.75, 9.25], "texture": "#3"},
				"up": {"uv": [11.125, 5.75, 11, 5], "texture": "#3"},
				"down": {"uv": [11.125, 6, 11, 6.75], "texture": "#3"}
			}
		},
		{
			"from": [9.05, 1.25, 11.3],
			"to": [9.2, 1.5, 11.9],
			"rotation": {"angle": 0, "axis": "y", "origin": [5.4, 1.375, 5.375]},
			"faces": {
				"north": {"uv": [11, 12, 11.125, 12.25], "texture": "#3"},
				"east": {"uv": [4, 10, 4.625, 10.25], "texture": "#3"},
				"south": {"uv": [12, 11, 12.125, 11.25], "texture": "#3"},
				"west": {"uv": [10, 4, 10.625, 4.25], "texture": "#3"},
				"up": {"uv": [11.125, 8.625, 11, 8], "texture": "#3"},
				"down": {"uv": [11.125, 9, 11, 9.625], "texture": "#3"}
			}
		},
		{
			"from": [9.35, 1.25, 11.1],
			"to": [9.5, 1.5, 12.1],
			"rotation": {"angle": 0, "axis": "y", "origin": [5.4, 1.375, 5.375]},
			"faces": {
				"north": {"uv": [12, 12, 12.125, 12.25], "texture": "#3"},
				"east": {"uv": [3, 8, 4, 8.25], "texture": "#3"},
				"south": {"uv": [0, 13, 0.125, 13.25], "texture": "#3"},
				"west": {"uv": [8, 3, 9, 3.25], "texture": "#3"},
				"up": {"uv": [3.125, 12, 3, 11], "texture": "#3"},
				"down": {"uv": [11.125, 3, 11, 4], "texture": "#3"}
			}
		},
		{
			"from": [11.65, 1.25, 11],
			"to": [11.8, 1.5, 12.1],
			"rotation": {"angle": 0, "axis": "y", "origin": [5.4, 1.375, 5.375]},
			"faces": {
				"north": {"uv": [13, 0, 13.125, 0.25], "texture": "#3"},
				"east": {"uv": [7, 2, 8.125, 2.25], "texture": "#3"},
				"south": {"uv": [1, 13, 1.125, 13.25], "texture": "#3"},
				"west": {"uv": [4, 7, 5.125, 7.25], "texture": "#3"},
				"up": {"uv": [10.125, 10.125, 10, 9], "texture": "#3"},
				"down": {"uv": [0.125, 11, 0, 12.125], "texture": "#3"}
			}
		},
		{
			"from": [11.35, 1.25, 10.8],
			"to": [11.5, 1.5, 12],
			"rotation": {"angle": 0, "axis": "y", "origin": [5.4, 1.375, 5.375]},
			"faces": {
				"north": {"uv": [13, 1, 13.125, 1.25], "texture": "#3"},
				"east": {"uv": [6, 5, 7.25, 5.25], "texture": "#3"},
				"south": {"uv": [2, 13, 2.125, 13.25], "texture": "#3"},
				"west": {"uv": [6, 6, 7.25, 6.25], "texture": "#3"},
				"up": {"uv": [5.125, 11.25, 5, 10], "texture": "#3"},
				"down": {"uv": [10.125, 5, 10, 6.25], "texture": "#3"}
			}
		},
		{
			"from": [11.2, 1.25, 10.7],
			"to": [11.35, 1.5, 12],
			"rotation": {"angle": 0, "axis": "y", "origin": [5.4, 1.375, 5.375]},
			"faces": {
				"north": {"uv": [13, 2, 13.125, 2.25], "texture": "#3"},
				"east": {"uv": [0, 7, 1.25, 7.25], "texture": "#3"},
				"south": {"uv": [3, 13, 3.125, 13.25], "texture": "#3"},
				"west": {"uv": [7, 0, 8.25, 0.25], "texture": "#3"},
				"up": {"uv": [6.125, 11.25, 6, 10], "texture": "#3"},
				"down": {"uv": [7.125, 10, 7, 11.25], "texture": "#3"}
			}
		},
		{
			"from": [10.1, 1.25, 10.2],
			"to": [10.25, 1.5, 12.1],
			"rotation": {"angle": 0, "axis": "y", "origin": [5.4, 1.375, 5.375]},
			"faces": {
				"north": {"uv": [13, 3, 13.125, 3.25], "texture": "#3"},
				"east": {"uv": [5, 0, 6.875, 0.25], "texture": "#3"},
				"south": {"uv": [4, 13, 4.125, 13.25], "texture": "#3"},
				"west": {"uv": [5, 1, 6.875, 1.25], "texture": "#3"},
				"up": {"uv": [5.125, 9.875, 5, 8], "texture": "#3"},
				"down": {"uv": [8.125, 6, 8, 7.875], "texture": "#3"}
			}
		},
		{
			"from": [5.15, 1.25, 10],
			"to": [5.65, 1.5, 12.3],
			"rotation": {"angle": 0, "axis": "y", "origin": [5.4, 1.375, 5.375]},
			"faces": {
				"north": {"uv": [11, 0, 11.5, 0.25], "texture": "#3"},
				"east": {"uv": [2, 0, 4.25, 0.25], "texture": "#3"},
				"south": {"uv": [1, 11, 1.5, 11.25], "texture": "#3"},
				"west": {"uv": [2, 1, 4.25, 1.25], "texture": "#3"},
				"up": {"uv": [0.5, 2.25, 0, 0], "texture": "#3"},
				"down": {"uv": [1.5, 0, 1, 2.25], "texture": "#3"}
			}
		},
		{
			"from": [5.65, 1.25, 10.1],
			"to": [5.8, 1.5, 12.2],
			"rotation": {"angle": 0, "axis": "y", "origin": [5.4, 1.375, 5.375]},
			"faces": {
				"north": {"uv": [10, 11, 10.125, 11.25], "texture": "#3"},
				"east": {"uv": [2, 2, 4.125, 2.25], "texture": "#3"},
				"south": {"uv": [11, 10, 11.125, 10.25], "texture": "#3"},
				"west": {"uv": [0, 3, 2.125, 3.25], "texture": "#3"},
				"up": {"uv": [6.125, 9.125, 6, 7], "texture": "#3"},
				"down": {"uv": [7.125, 7, 7, 9.125], "texture": "#3"}
			}
		},
		{
			"from": [5, 1.25, 10.1],
			"to": [5.15, 1.5, 12.2],
			"rotation": {"angle": 0, "axis": "y", "origin": [5.4, 1.375, 5.375]},
			"faces": {
				"north": {"uv": [11, 11, 11.125, 11.25], "texture": "#3"},
				"east": {"uv": [3, 3, 5.125, 3.25], "texture": "#3"},
				"south": {"uv": [12, 0, 12.125, 0.25], "texture": "#3"},
				"west": {"uv": [0, 4, 2.125, 4.25], "texture": "#3"},
				"up": {"uv": [0.125, 10.125, 0, 8], "texture": "#3"},
				"down": {"uv": [1.125, 8, 1, 10.125], "texture": "#3"}
			}
		},
		{
			"from": [5.8, 1.25, 10.2],
			"to": [5.95, 1.5, 12.1],
			"rotation": {"angle": 0, "axis": "y", "origin": [5.4, 1.375, 5.375]},
			"faces": {
				"north": {"uv": [1, 12, 1.125, 12.25], "texture": "#3"},
				"east": {"uv": [3, 4, 4.875, 4.25], "texture": "#3"},
				"south": {"uv": [12, 1, 12.125, 1.25], "texture": "#3"},
				"west": {"uv": [0, 5, 1.875, 5.25], "texture": "#3"},
				"up": {"uv": [4.125, 9.875, 4, 8], "texture": "#3"},
				"down": {"uv": [8.125, 4, 8, 5.875], "texture": "#3"}
			}
		},
		{
			"from": [4.7, 1.25, 10.7],
			"to": [4.85, 1.5, 12],
			"rotation": {"angle": 0, "axis": "y", "origin": [5.4, 1.375, 5.375]},
			"faces": {
				"north": {"uv": [2, 12, 2.125, 12.25], "texture": "#3"},
				"east": {"uv": [2, 5, 3.25, 5.25], "texture": "#3"},
				"south": {"uv": [12, 2, 12.125, 2.25], "texture": "#3"},
				"west": {"uv": [5, 2, 6.25, 2.25], "texture": "#3"},
				"up": {"uv": [9.125, 3.25, 9, 2], "texture": "#3"},
				"down": {"uv": [3.125, 9, 3, 10.25], "texture": "#3"}
			}
		},
		{
			"from": [4.55, 1.25, 10.8],
			"to": [4.7, 1.5, 12],
			"rotation": {"angle": 0, "axis": "y", "origin": [5.4, 1.375, 5.375]},
			"faces": {
				"north": {"uv": [3, 12, 3.125, 12.25], "texture": "#3"},
				"east": {"uv": [4, 5, 5.25, 5.25], "texture": "#3"},
				"south": {"uv": [12, 3, 12.125, 3.25], "texture": "#3"},
				"west": {"uv": [5, 4, 6.25, 4.25], "texture": "#3"},
				"up": {"uv": [9.125, 5.25, 9, 4], "texture": "#3"},
				"down": {"uv": [9.125, 6, 9, 7.25], "texture": "#3"}
			}
		},
		{
			"from": [6.25, 1.25, 10.9],
			"to": [6.4, 1.5, 12.1],
			"rotation": {"angle": 0, "axis": "y", "origin": [5.4, 1.375, 5.375]},
			"faces": {
				"north": {"uv": [4, 12, 4.125, 12.25], "texture": "#3"},
				"east": {"uv": [0, 6, 1.25, 6.25], "texture": "#3"},
				"south": {"uv": [12, 4, 12.125, 4.25], "texture": "#3"},
				"west": {"uv": [2, 6, 3.25, 6.25], "texture": "#3"},
				"up": {"uv": [8.125, 10.25, 8, 9], "texture": "#3"},
				"down": {"uv": [9.125, 8, 9, 9.25], "texture": "#3"}
			}
		},
		{
			"from": [4.4, 1.25, 10.9],
			"to": [4.55, 1.5, 12.1],
			"rotation": {"angle": 0, "axis": "y", "origin": [5.4, 1.375, 5.375]},
			"faces": {
				"north": {"uv": [5, 12, 5.125, 12.25], "texture": "#3"},
				"east": {"uv": [6, 3, 7.25, 3.25], "texture": "#3"},
				"south": {"uv": [12, 5, 12.125, 5.25], "texture": "#3"},
				"west": {"uv": [4, 6, 5.25, 6.25], "texture": "#3"},
				"up": {"uv": [10.125, 1.25, 10, 0], "texture": "#3"},
				"down": {"uv": [2.125, 10, 2, 11.25], "texture": "#3"}
			}
		},
		{
			"from": [4.25, 1.25, 11],
			"to": [4.4, 1.5, 12.1],
			"rotation": {"angle": 0, "axis": "y", "origin": [5.4, 1.375, 5.375]},
			"faces": {
				"north": {"uv": [6, 12, 6.125, 12.25], "texture": "#3"},
				"east": {"uv": [7, 1, 8.125, 1.25], "texture": "#3"},
				"south": {"uv": [12, 6, 12.125, 6.25], "texture": "#3"},
				"west": {"uv": [2, 7, 3.125, 7.25], "texture": "#3"},
				"up": {"uv": [10.125, 8.125, 10, 7], "texture": "#3"},
				"down": {"uv": [9.125, 10, 9, 11.125], "texture": "#3"}
			}
		},
		{
			"from": [6.55, 1.25, 11.1],
			"to": [6.7, 1.5, 12.1],
			"rotation": {"angle": 0, "axis": "y", "origin": [5.4, 1.375, 5.375]},
			"faces": {
				"north": {"uv": [7, 12, 7.125, 12.25], "texture": "#3"},
				"east": {"uv": [7, 4, 8, 4.25], "texture": "#3"},
				"south": {"uv": [12, 7, 12.125, 7.25], "texture": "#3"},
				"west": {"uv": [2, 8, 3, 8.25], "texture": "#3"},
				"up": {"uv": [11.125, 2, 11, 1], "texture": "#3"},
				"down": {"uv": [11.125, 2, 11, 3], "texture": "#3"}
			}
		},
		{
			"from": [6.7, 1.25, 11.2],
			"to": [6.85, 1.5, 12],
			"rotation": {"angle": 0, "axis": "y", "origin": [5.4, 1.375, 5.375]},
			"faces": {
				"north": {"uv": [8, 12, 8.125, 12.25], "texture": "#3"},
				"east": {"uv": [8, 8, 8.75, 8.25], "texture": "#3"},
				"south": {"uv": [12, 8, 12.125, 8.25], "texture": "#3"},
				"west": {"uv": [9, 0, 9.75, 0.25], "texture": "#3"},
				"up": {"uv": [4.125, 11.75, 4, 11], "texture": "#3"},
				"down": {"uv": [11.125, 4, 11, 4.75], "texture": "#3"}
			}
		},
		{
			"from": [6.85, 1.25, 11.3],
			"to": [7, 1.5, 11.9],
			"rotation": {"angle": 0, "axis": "y", "origin": [5.4, 1.375, 5.375]},
			"faces": {
				"north": {"uv": [9, 12, 9.125, 12.25], "texture": "#3"},
				"east": {"uv": [10, 2, 10.625, 2.25], "texture": "#3"},
				"south": {"uv": [12, 9, 12.125, 9.25], "texture": "#3"},
				"west": {"uv": [10, 3, 10.625, 3.25], "texture": "#3"},
				"up": {"uv": [11.125, 7.625, 11, 7], "texture": "#3"},
				"down": {"uv": [8.125, 11, 8, 11.625], "texture": "#3"}
			}
		},
		{
			"from": [3.95, 1.25, 11.2],
			"to": [4.1, 1.5, 12],
			"rotation": {"angle": 0, "axis": "y", "origin": [5.4, 1.375, 5.375]},
			"faces": {
				"north": {"uv": [10, 12, 10.125, 12.25], "texture": "#3"},
				"east": {"uv": [9, 1, 9.75, 1.25], "texture": "#3"},
				"south": {"uv": [12, 10, 12.125, 10.25], "texture": "#3"},
				"west": {"uv": [2, 9, 2.75, 9.25], "texture": "#3"},
				"up": {"uv": [11.125, 5.75, 11, 5], "texture": "#3"},
				"down": {"uv": [11.125, 6, 11, 6.75], "texture": "#3"}
			}
		},
		{
			"from": [3.8, 1.25, 11.3],
			"to": [3.95, 1.5, 11.9],
			"rotation": {"angle": 0, "axis": "y", "origin": [5.4, 1.375, 5.375]},
			"faces": {
				"north": {"uv": [11, 12, 11.125, 12.25], "texture": "#3"},
				"east": {"uv": [4, 10, 4.625, 10.25], "texture": "#3"},
				"south": {"uv": [12, 11, 12.125, 11.25], "texture": "#3"},
				"west": {"uv": [10, 4, 10.625, 4.25], "texture": "#3"},
				"up": {"uv": [11.125, 8.625, 11, 8], "texture": "#3"},
				"down": {"uv": [11.125, 9, 11, 9.625], "texture": "#3"}
			}
		},
		{
			"from": [4.1, 1.25, 11.1],
			"to": [4.25, 1.5, 12.1],
			"rotation": {"angle": 0, "axis": "y", "origin": [5.4, 1.375, 5.375]},
			"faces": {
				"north": {"uv": [12, 12, 12.125, 12.25], "texture": "#3"},
				"east": {"uv": [3, 8, 4, 8.25], "texture": "#3"},
				"south": {"uv": [0, 13, 0.125, 13.25], "texture": "#3"},
				"west": {"uv": [8, 3, 9, 3.25], "texture": "#3"},
				"up": {"uv": [3.125, 12, 3, 11], "texture": "#3"},
				"down": {"uv": [11.125, 3, 11, 4], "texture": "#3"}
			}
		},
		{
			"from": [6.4, 1.25, 11],
			"to": [6.55, 1.5, 12.1],
			"rotation": {"angle": 0, "axis": "y", "origin": [5.4, 1.375, 5.375]},
			"faces": {
				"north": {"uv": [13, 0, 13.125, 0.25], "texture": "#3"},
				"east": {"uv": [7, 2, 8.125, 2.25], "texture": "#3"},
				"south": {"uv": [1, 13, 1.125, 13.25], "texture": "#3"},
				"west": {"uv": [4, 7, 5.125, 7.25], "texture": "#3"},
				"up": {"uv": [10.125, 10.125, 10, 9], "texture": "#3"},
				"down": {"uv": [0.125, 11, 0, 12.125], "texture": "#3"}
			}
		},
		{
			"from": [6.1, 1.25, 10.8],
			"to": [6.25, 1.5, 12],
			"rotation": {"angle": 0, "axis": "y", "origin": [5.4, 1.375, 5.375]},
			"faces": {
				"north": {"uv": [13, 1, 13.125, 1.25], "texture": "#3"},
				"east": {"uv": [6, 5, 7.25, 5.25], "texture": "#3"},
				"south": {"uv": [2, 13, 2.125, 13.25], "texture": "#3"},
				"west": {"uv": [6, 6, 7.25, 6.25], "texture": "#3"},
				"up": {"uv": [5.125, 11.25, 5, 10], "texture": "#3"},
				"down": {"uv": [10.125, 5, 10, 6.25], "texture": "#3"}
			}
		},
		{
			"from": [5.95, 1.25, 10.7],
			"to": [6.1, 1.5, 12],
			"rotation": {"angle": 0, "axis": "y", "origin": [5.4, 1.375, 5.375]},
			"faces": {
				"north": {"uv": [13, 2, 13.125, 2.25], "texture": "#3"},
				"east": {"uv": [0, 7, 1.25, 7.25], "texture": "#3"},
				"south": {"uv": [3, 13, 3.125, 13.25], "texture": "#3"},
				"west": {"uv": [7, 0, 8.25, 0.25], "texture": "#3"},
				"up": {"uv": [6.125, 11.25, 6, 10], "texture": "#3"},
				"down": {"uv": [7.125, 10, 7, 11.25], "texture": "#3"}
			}
		},
		{
			"from": [4.85, 1.25, 10.2],
			"to": [5, 1.5, 12.1],
			"rotation": {"angle": 0, "axis": "y", "origin": [5.4, 1.375, 5.375]},
			"faces": {
				"north": {"uv": [13, 3, 13.125, 3.25], "texture": "#3"},
				"east": {"uv": [5, 0, 6.875, 0.25], "texture": "#3"},
				"south": {"uv": [4, 13, 4.125, 13.25], "texture": "#3"},
				"west": {"uv": [5, 1, 6.875, 1.25], "texture": "#3"},
				"up": {"uv": [5.125, 9.875, 5, 8], "texture": "#3"},
				"down": {"uv": [8.125, 6, 8, 7.875], "texture": "#3"}
			}
		},
		{
			"from": [5.15, 1.25, 7],
			"to": [5.65, 1.5, 9.3],
			"rotation": {"angle": 0, "axis": "y", "origin": [5.4, 1.375, 5.375]},
			"faces": {
				"north": {"uv": [11, 0, 11.5, 0.25], "texture": "#3"},
				"east": {"uv": [2, 0, 4.25, 0.25], "texture": "#3"},
				"south": {"uv": [1, 11, 1.5, 11.25], "texture": "#3"},
				"west": {"uv": [2, 1, 4.25, 1.25], "texture": "#3"},
				"up": {"uv": [0.5, 2.25, 0, 0], "texture": "#3"},
				"down": {"uv": [1.5, 0, 1, 2.25], "texture": "#3"}
			}
		},
		{
			"from": [5.65, 1.25, 7.1],
			"to": [5.8, 1.5, 9.2],
			"rotation": {"angle": 0, "axis": "y", "origin": [5.4, 1.375, 5.375]},
			"faces": {
				"north": {"uv": [10, 11, 10.125, 11.25], "texture": "#3"},
				"east": {"uv": [2, 2, 4.125, 2.25], "texture": "#3"},
				"south": {"uv": [11, 10, 11.125, 10.25], "texture": "#3"},
				"west": {"uv": [0, 3, 2.125, 3.25], "texture": "#3"},
				"up": {"uv": [6.125, 9.125, 6, 7], "texture": "#3"},
				"down": {"uv": [7.125, 7, 7, 9.125], "texture": "#3"}
			}
		},
		{
			"from": [5, 1.25, 7.1],
			"to": [5.15, 1.5, 9.2],
			"rotation": {"angle": 0, "axis": "y", "origin": [5.4, 1.375, 5.375]},
			"faces": {
				"north": {"uv": [11, 11, 11.125, 11.25], "texture": "#3"},
				"east": {"uv": [3, 3, 5.125, 3.25], "texture": "#3"},
				"south": {"uv": [12, 0, 12.125, 0.25], "texture": "#3"},
				"west": {"uv": [0, 4, 2.125, 4.25], "texture": "#3"},
				"up": {"uv": [0.125, 10.125, 0, 8], "texture": "#3"},
				"down": {"uv": [1.125, 8, 1, 10.125], "texture": "#3"}
			}
		},
		{
			"from": [5.8, 1.25, 7.2],
			"to": [5.95, 1.5, 9.1],
			"rotation": {"angle": 0, "axis": "y", "origin": [5.4, 1.375, 5.375]},
			"faces": {
				"north": {"uv": [1, 12, 1.125, 12.25], "texture": "#3"},
				"east": {"uv": [3, 4, 4.875, 4.25], "texture": "#3"},
				"south": {"uv": [12, 1, 12.125, 1.25], "texture": "#3"},
				"west": {"uv": [0, 5, 1.875, 5.25], "texture": "#3"},
				"up": {"uv": [4.125, 9.875, 4, 8], "texture": "#3"},
				"down": {"uv": [8.125, 4, 8, 5.875], "texture": "#3"}
			}
		},
		{
			"from": [4.7, 1.25, 7.7],
			"to": [4.85, 1.5, 9],
			"rotation": {"angle": 0, "axis": "y", "origin": [5.4, 1.375, 5.375]},
			"faces": {
				"north": {"uv": [2, 12, 2.125, 12.25], "texture": "#3"},
				"east": {"uv": [2, 5, 3.25, 5.25], "texture": "#3"},
				"south": {"uv": [12, 2, 12.125, 2.25], "texture": "#3"},
				"west": {"uv": [5, 2, 6.25, 2.25], "texture": "#3"},
				"up": {"uv": [9.125, 3.25, 9, 2], "texture": "#3"},
				"down": {"uv": [3.125, 9, 3, 10.25], "texture": "#3"}
			}
		},
		{
			"from": [4.55, 1.25, 7.8],
			"to": [4.7, 1.5, 9],
			"rotation": {"angle": 0, "axis": "y", "origin": [5.4, 1.375, 5.375]},
			"faces": {
				"north": {"uv": [3, 12, 3.125, 12.25], "texture": "#3"},
				"east": {"uv": [4, 5, 5.25, 5.25], "texture": "#3"},
				"south": {"uv": [12, 3, 12.125, 3.25], "texture": "#3"},
				"west": {"uv": [5, 4, 6.25, 4.25], "texture": "#3"},
				"up": {"uv": [9.125, 5.25, 9, 4], "texture": "#3"},
				"down": {"uv": [9.125, 6, 9, 7.25], "texture": "#3"}
			}
		},
		{
			"from": [6.25, 1.25, 7.9],
			"to": [6.4, 1.5, 9.1],
			"rotation": {"angle": 0, "axis": "y", "origin": [5.4, 1.375, 5.375]},
			"faces": {
				"north": {"uv": [4, 12, 4.125, 12.25], "texture": "#3"},
				"east": {"uv": [0, 6, 1.25, 6.25], "texture": "#3"},
				"south": {"uv": [12, 4, 12.125, 4.25], "texture": "#3"},
				"west": {"uv": [2, 6, 3.25, 6.25], "texture": "#3"},
				"up": {"uv": [8.125, 10.25, 8, 9], "texture": "#3"},
				"down": {"uv": [9.125, 8, 9, 9.25], "texture": "#3"}
			}
		},
		{
			"from": [4.4, 1.25, 7.9],
			"to": [4.55, 1.5, 9.1],
			"rotation": {"angle": 0, "axis": "y", "origin": [5.4, 1.375, 5.375]},
			"faces": {
				"north": {"uv": [5, 12, 5.125, 12.25], "texture": "#3"},
				"east": {"uv": [6, 3, 7.25, 3.25], "texture": "#3"},
				"south": {"uv": [12, 5, 12.125, 5.25], "texture": "#3"},
				"west": {"uv": [4, 6, 5.25, 6.25], "texture": "#3"},
				"up": {"uv": [10.125, 1.25, 10, 0], "texture": "#3"},
				"down": {"uv": [2.125, 10, 2, 11.25], "texture": "#3"}
			}
		},
		{
			"from": [4.25, 1.25, 8],
			"to": [4.4, 1.5, 9.1],
			"rotation": {"angle": 0, "axis": "y", "origin": [5.4, 1.375, 5.375]},
			"faces": {
				"north": {"uv": [6, 12, 6.125, 12.25], "texture": "#3"},
				"east": {"uv": [7, 1, 8.125, 1.25], "texture": "#3"},
				"south": {"uv": [12, 6, 12.125, 6.25], "texture": "#3"},
				"west": {"uv": [2, 7, 3.125, 7.25], "texture": "#3"},
				"up": {"uv": [10.125, 8.125, 10, 7], "texture": "#3"},
				"down": {"uv": [9.125, 10, 9, 11.125], "texture": "#3"}
			}
		},
		{
			"from": [6.55, 1.25, 8.1],
			"to": [6.7, 1.5, 9.1],
			"rotation": {"angle": 0, "axis": "y", "origin": [5.4, 1.375, 5.375]},
			"faces": {
				"north": {"uv": [7, 12, 7.125, 12.25], "texture": "#3"},
				"east": {"uv": [7, 4, 8, 4.25], "texture": "#3"},
				"south": {"uv": [12, 7, 12.125, 7.25], "texture": "#3"},
				"west": {"uv": [2, 8, 3, 8.25], "texture": "#3"},
				"up": {"uv": [11.125, 2, 11, 1], "texture": "#3"},
				"down": {"uv": [11.125, 2, 11, 3], "texture": "#3"}
			}
		},
		{
			"from": [6.7, 1.25, 8.2],
			"to": [6.85, 1.5, 9],
			"rotation": {"angle": 0, "axis": "y", "origin": [5.4, 1.375, 5.375]},
			"faces": {
				"north": {"uv": [8, 12, 8.125, 12.25], "texture": "#3"},
				"east": {"uv": [8, 8, 8.75, 8.25], "texture": "#3"},
				"south": {"uv": [12, 8, 12.125, 8.25], "texture": "#3"},
				"west": {"uv": [9, 0, 9.75, 0.25], "texture": "#3"},
				"up": {"uv": [4.125, 11.75, 4, 11], "texture": "#3"},
				"down": {"uv": [11.125, 4, 11, 4.75], "texture": "#3"}
			}
		},
		{
			"from": [6.85, 1.25, 8.3],
			"to": [7, 1.5, 8.9],
			"rotation": {"angle": 0, "axis": "y", "origin": [5.4, 1.375, 5.375]},
			"faces": {
				"north": {"uv": [9, 12, 9.125, 12.25], "texture": "#3"},
				"east": {"uv": [10, 2, 10.625, 2.25], "texture": "#3"},
				"south": {"uv": [12, 9, 12.125, 9.25], "texture": "#3"},
				"west": {"uv": [10, 3, 10.625, 3.25], "texture": "#3"},
				"up": {"uv": [11.125, 7.625, 11, 7], "texture": "#3"},
				"down": {"uv": [8.125, 11, 8, 11.625], "texture": "#3"}
			}
		},
		{
			"from": [3.95, 1.25, 8.2],
			"to": [4.1, 1.5, 9],
			"rotation": {"angle": 0, "axis": "y", "origin": [5.4, 1.375, 5.375]},
			"faces": {
				"north": {"uv": [10, 12, 10.125, 12.25], "texture": "#3"},
				"east": {"uv": [9, 1, 9.75, 1.25], "texture": "#3"},
				"south": {"uv": [12, 10, 12.125, 10.25], "texture": "#3"},
				"west": {"uv": [2, 9, 2.75, 9.25], "texture": "#3"},
				"up": {"uv": [11.125, 5.75, 11, 5], "texture": "#3"},
				"down": {"uv": [11.125, 6, 11, 6.75], "texture": "#3"}
			}
		},
		{
			"from": [3.8, 1.25, 8.3],
			"to": [3.95, 1.5, 8.9],
			"rotation": {"angle": 0, "axis": "y", "origin": [5.4, 1.375, 5.375]},
			"faces": {
				"north": {"uv": [11, 12, 11.125, 12.25], "texture": "#3"},
				"east": {"uv": [4, 10, 4.625, 10.25], "texture": "#3"},
				"south": {"uv": [12, 11, 12.125, 11.25], "texture": "#3"},
				"west": {"uv": [10, 4, 10.625, 4.25], "texture": "#3"},
				"up": {"uv": [11.125, 8.625, 11, 8], "texture": "#3"},
				"down": {"uv": [11.125, 9, 11, 9.625], "texture": "#3"}
			}
		},
		{
			"from": [4.1, 1.25, 8.1],
			"to": [4.25, 1.5, 9.1],
			"rotation": {"angle": 0, "axis": "y", "origin": [5.4, 1.375, 5.375]},
			"faces": {
				"north": {"uv": [12, 12, 12.125, 12.25], "texture": "#3"},
				"east": {"uv": [3, 8, 4, 8.25], "texture": "#3"},
				"south": {"uv": [0, 13, 0.125, 13.25], "texture": "#3"},
				"west": {"uv": [8, 3, 9, 3.25], "texture": "#3"},
				"up": {"uv": [3.125, 12, 3, 11], "texture": "#3"},
				"down": {"uv": [11.125, 3, 11, 4], "texture": "#3"}
			}
		},
		{
			"from": [6.4, 1.25, 8],
			"to": [6.55, 1.5, 9.1],
			"rotation": {"angle": 0, "axis": "y", "origin": [5.4, 1.375, 5.375]},
			"faces": {
				"north": {"uv": [13, 0, 13.125, 0.25], "texture": "#3"},
				"east": {"uv": [7, 2, 8.125, 2.25], "texture": "#3"},
				"south": {"uv": [1, 13, 1.125, 13.25], "texture": "#3"},
				"west": {"uv": [4, 7, 5.125, 7.25], "texture": "#3"},
				"up": {"uv": [10.125, 10.125, 10, 9], "texture": "#3"},
				"down": {"uv": [0.125, 11, 0, 12.125], "texture": "#3"}
			}
		},
		{
			"from": [6.1, 1.25, 7.8],
			"to": [6.25, 1.5, 9],
			"rotation": {"angle": 0, "axis": "y", "origin": [5.4, 1.375, 5.375]},
			"faces": {
				"north": {"uv": [13, 1, 13.125, 1.25], "texture": "#3"},
				"east": {"uv": [6, 5, 7.25, 5.25], "texture": "#3"},
				"south": {"uv": [2, 13, 2.125, 13.25], "texture": "#3"},
				"west": {"uv": [6, 6, 7.25, 6.25], "texture": "#3"},
				"up": {"uv": [5.125, 11.25, 5, 10], "texture": "#3"},
				"down": {"uv": [10.125, 5, 10, 6.25], "texture": "#3"}
			}
		},
		{
			"from": [5.95, 1.25, 7.7],
			"to": [6.1, 1.5, 9],
			"rotation": {"angle": 0, "axis": "y", "origin": [5.4, 1.375, 5.375]},
			"faces": {
				"north": {"uv": [13, 2, 13.125, 2.25], "texture": "#3"},
				"east": {"uv": [0, 7, 1.25, 7.25], "texture": "#3"},
				"south": {"uv": [3, 13, 3.125, 13.25], "texture": "#3"},
				"west": {"uv": [7, 0, 8.25, 0.25], "texture": "#3"},
				"up": {"uv": [6.125, 11.25, 6, 10], "texture": "#3"},
				"down": {"uv": [7.125, 10, 7, 11.25], "texture": "#3"}
			}
		},
		{
			"from": [4.85, 1.25, 7.2],
			"to": [5, 1.5, 9.1],
			"rotation": {"angle": 0, "axis": "y", "origin": [5.4, 1.375, 5.375]},
			"faces": {
				"north": {"uv": [13, 3, 13.125, 3.25], "texture": "#3"},
				"east": {"uv": [5, 0, 6.875, 0.25], "texture": "#3"},
				"south": {"uv": [4, 13, 4.125, 13.25], "texture": "#3"},
				"west": {"uv": [5, 1, 6.875, 1.25], "texture": "#3"},
				"up": {"uv": [5.125, 9.875, 5, 8], "texture": "#3"},
				"down": {"uv": [8.125, 6, 8, 7.875], "texture": "#3"}
			}
		},
		{
			"from": [10.4, 1.25, 7],
			"to": [10.9, 1.5, 9.3],
			"rotation": {"angle": 0, "axis": "y", "origin": [5.4, 1.375, 5.375]},
			"faces": {
				"north": {"uv": [11, 0, 11.5, 0.25], "texture": "#3"},
				"east": {"uv": [2, 0, 4.25, 0.25], "texture": "#3"},
				"south": {"uv": [1, 11, 1.5, 11.25], "texture": "#3"},
				"west": {"uv": [2, 1, 4.25, 1.25], "texture": "#3"},
				"up": {"uv": [0.5, 2.25, 0, 0], "texture": "#3"},
				"down": {"uv": [1.5, 0, 1, 2.25], "texture": "#3"}
			}
		},
		{
			"from": [10.9, 1.25, 7.1],
			"to": [11.05, 1.5, 9.2],
			"rotation": {"angle": 0, "axis": "y", "origin": [5.4, 1.375, 5.375]},
			"faces": {
				"north": {"uv": [10, 11, 10.125, 11.25], "texture": "#3"},
				"east": {"uv": [2, 2, 4.125, 2.25], "texture": "#3"},
				"south": {"uv": [11, 10, 11.125, 10.25], "texture": "#3"},
				"west": {"uv": [0, 3, 2.125, 3.25], "texture": "#3"},
				"up": {"uv": [6.125, 9.125, 6, 7], "texture": "#3"},
				"down": {"uv": [7.125, 7, 7, 9.125], "texture": "#3"}
			}
		},
		{
			"from": [10.25, 1.25, 7.1],
			"to": [10.4, 1.5, 9.2],
			"rotation": {"angle": 0, "axis": "y", "origin": [5.4, 1.375, 5.375]},
			"faces": {
				"north": {"uv": [11, 11, 11.125, 11.25], "texture": "#3"},
				"east": {"uv": [3, 3, 5.125, 3.25], "texture": "#3"},
				"south": {"uv": [12, 0, 12.125, 0.25], "texture": "#3"},
				"west": {"uv": [0, 4, 2.125, 4.25], "texture": "#3"},
				"up": {"uv": [0.125, 10.125, 0, 8], "texture": "#3"},
				"down": {"uv": [1.125, 8, 1, 10.125], "texture": "#3"}
			}
		},
		{
			"from": [11.05, 1.25, 7.2],
			"to": [11.2, 1.5, 9.1],
			"rotation": {"angle": 0, "axis": "y", "origin": [5.4, 1.375, 5.375]},
			"faces": {
				"north": {"uv": [1, 12, 1.125, 12.25], "texture": "#3"},
				"east": {"uv": [3, 4, 4.875, 4.25], "texture": "#3"},
				"south": {"uv": [12, 1, 12.125, 1.25], "texture": "#3"},
				"west": {"uv": [0, 5, 1.875, 5.25], "texture": "#3"},
				"up": {"uv": [4.125, 9.875, 4, 8], "texture": "#3"},
				"down": {"uv": [8.125, 4, 8, 5.875], "texture": "#3"}
			}
		},
		{
			"from": [9.95, 1.25, 7.7],
			"to": [10.1, 1.5, 9],
			"rotation": {"angle": 0, "axis": "y", "origin": [5.4, 1.375, 5.375]},
			"faces": {
				"north": {"uv": [2, 12, 2.125, 12.25], "texture": "#3"},
				"east": {"uv": [2, 5, 3.25, 5.25], "texture": "#3"},
				"south": {"uv": [12, 2, 12.125, 2.25], "texture": "#3"},
				"west": {"uv": [5, 2, 6.25, 2.25], "texture": "#3"},
				"up": {"uv": [9.125, 3.25, 9, 2], "texture": "#3"},
				"down": {"uv": [3.125, 9, 3, 10.25], "texture": "#3"}
			}
		},
		{
			"from": [9.8, 1.25, 7.8],
			"to": [9.95, 1.5, 9],
			"rotation": {"angle": 0, "axis": "y", "origin": [5.4, 1.375, 5.375]},
			"faces": {
				"north": {"uv": [3, 12, 3.125, 12.25], "texture": "#3"},
				"east": {"uv": [4, 5, 5.25, 5.25], "texture": "#3"},
				"south": {"uv": [12, 3, 12.125, 3.25], "texture": "#3"},
				"west": {"uv": [5, 4, 6.25, 4.25], "texture": "#3"},
				"up": {"uv": [9.125, 5.25, 9, 4], "texture": "#3"},
				"down": {"uv": [9.125, 6, 9, 7.25], "texture": "#3"}
			}
		},
		{
			"from": [11.5, 1.25, 7.9],
			"to": [11.65, 1.5, 9.1],
			"rotation": {"angle": 0, "axis": "y", "origin": [5.4, 1.375, 5.375]},
			"faces": {
				"north": {"uv": [4, 12, 4.125, 12.25], "texture": "#3"},
				"east": {"uv": [0, 6, 1.25, 6.25], "texture": "#3"},
				"south": {"uv": [12, 4, 12.125, 4.25], "texture": "#3"},
				"west": {"uv": [2, 6, 3.25, 6.25], "texture": "#3"},
				"up": {"uv": [8.125, 10.25, 8, 9], "texture": "#3"},
				"down": {"uv": [9.125, 8, 9, 9.25], "texture": "#3"}
			}
		},
		{
			"from": [9.65, 1.25, 7.9],
			"to": [9.8, 1.5, 9.1],
			"rotation": {"angle": 0, "axis": "y", "origin": [5.4, 1.375, 5.375]},
			"faces": {
				"north": {"uv": [5, 12, 5.125, 12.25], "texture": "#3"},
				"east": {"uv": [6, 3, 7.25, 3.25], "texture": "#3"},
				"south": {"uv": [12, 5, 12.125, 5.25], "texture": "#3"},
				"west": {"uv": [4, 6, 5.25, 6.25], "texture": "#3"},
				"up": {"uv": [10.125, 1.25, 10, 0], "texture": "#3"},
				"down": {"uv": [2.125, 10, 2, 11.25], "texture": "#3"}
			}
		},
		{
			"from": [9.5, 1.25, 8],
			"to": [9.65, 1.5, 9.1],
			"rotation": {"angle": 0, "axis": "y", "origin": [5.4, 1.375, 5.375]},
			"faces": {
				"north": {"uv": [6, 12, 6.125, 12.25], "texture": "#3"},
				"east": {"uv": [7, 1, 8.125, 1.25], "texture": "#3"},
				"south": {"uv": [12, 6, 12.125, 6.25], "texture": "#3"},
				"west": {"uv": [2, 7, 3.125, 7.25], "texture": "#3"},
				"up": {"uv": [10.125, 8.125, 10, 7], "texture": "#3"},
				"down": {"uv": [9.125, 10, 9, 11.125], "texture": "#3"}
			}
		},
		{
			"from": [11.8, 1.25, 8.1],
			"to": [11.95, 1.5, 9.1],
			"rotation": {"angle": 0, "axis": "y", "origin": [5.4, 1.375, 5.375]},
			"faces": {
				"north": {"uv": [7, 12, 7.125, 12.25], "texture": "#3"},
				"east": {"uv": [7, 4, 8, 4.25], "texture": "#3"},
				"south": {"uv": [12, 7, 12.125, 7.25], "texture": "#3"},
				"west": {"uv": [2, 8, 3, 8.25], "texture": "#3"},
				"up": {"uv": [11.125, 2, 11, 1], "texture": "#3"},
				"down": {"uv": [11.125, 2, 11, 3], "texture": "#3"}
			}
		},
		{
			"from": [11.95, 1.25, 8.2],
			"to": [12.1, 1.5, 9],
			"rotation": {"angle": 0, "axis": "y", "origin": [5.4, 1.375, 5.375]},
			"faces": {
				"north": {"uv": [8, 12, 8.125, 12.25], "texture": "#3"},
				"east": {"uv": [8, 8, 8.75, 8.25], "texture": "#3"},
				"south": {"uv": [12, 8, 12.125, 8.25], "texture": "#3"},
				"west": {"uv": [9, 0, 9.75, 0.25], "texture": "#3"},
				"up": {"uv": [4.125, 11.75, 4, 11], "texture": "#3"},
				"down": {"uv": [11.125, 4, 11, 4.75], "texture": "#3"}
			}
		},
		{
			"from": [12.1, 1.25, 8.3],
			"to": [12.25, 1.5, 8.9],
			"rotation": {"angle": 0, "axis": "y", "origin": [5.4, 1.375, 5.375]},
			"faces": {
				"north": {"uv": [9, 12, 9.125, 12.25], "texture": "#3"},
				"east": {"uv": [10, 2, 10.625, 2.25], "texture": "#3"},
				"south": {"uv": [12, 9, 12.125, 9.25], "texture": "#3"},
				"west": {"uv": [10, 3, 10.625, 3.25], "texture": "#3"},
				"up": {"uv": [11.125, 7.625, 11, 7], "texture": "#3"},
				"down": {"uv": [8.125, 11, 8, 11.625], "texture": "#3"}
			}
		},
		{
			"from": [9.2, 1.25, 8.2],
			"to": [9.35, 1.5, 9],
			"rotation": {"angle": 0, "axis": "y", "origin": [5.4, 1.375, 5.375]},
			"faces": {
				"north": {"uv": [10, 12, 10.125, 12.25], "texture": "#3"},
				"east": {"uv": [9, 1, 9.75, 1.25], "texture": "#3"},
				"south": {"uv": [12, 10, 12.125, 10.25], "texture": "#3"},
				"west": {"uv": [2, 9, 2.75, 9.25], "texture": "#3"},
				"up": {"uv": [11.125, 5.75, 11, 5], "texture": "#3"},
				"down": {"uv": [11.125, 6, 11, 6.75], "texture": "#3"}
			}
		},
		{
			"from": [9.05, 1.25, 8.3],
			"to": [9.2, 1.5, 8.9],
			"rotation": {"angle": 0, "axis": "y", "origin": [5.4, 1.375, 5.375]},
			"faces": {
				"north": {"uv": [11, 12, 11.125, 12.25], "texture": "#3"},
				"east": {"uv": [4, 10, 4.625, 10.25], "texture": "#3"},
				"south": {"uv": [12, 11, 12.125, 11.25], "texture": "#3"},
				"west": {"uv": [10, 4, 10.625, 4.25], "texture": "#3"},
				"up": {"uv": [11.125, 8.625, 11, 8], "texture": "#3"},
				"down": {"uv": [11.125, 9, 11, 9.625], "texture": "#3"}
			}
		},
		{
			"from": [9.35, 1.25, 8.1],
			"to": [9.5, 1.5, 9.1],
			"rotation": {"angle": 0, "axis": "y", "origin": [5.4, 1.375, 5.375]},
			"faces": {
				"north": {"uv": [12, 12, 12.125, 12.25], "texture": "#3"},
				"east": {"uv": [3, 8, 4, 8.25], "texture": "#3"},
				"south": {"uv": [0, 13, 0.125, 13.25], "texture": "#3"},
				"west": {"uv": [8, 3, 9, 3.25], "texture": "#3"},
				"up": {"uv": [3.125, 12, 3, 11], "texture": "#3"},
				"down": {"uv": [11.125, 3, 11, 4], "texture": "#3"}
			}
		},
		{
			"from": [11.65, 1.25, 8],
			"to": [11.8, 1.5, 9.1],
			"rotation": {"angle": 0, "axis": "y", "origin": [5.4, 1.375, 5.375]},
			"faces": {
				"north": {"uv": [13, 0, 13.125, 0.25], "texture": "#3"},
				"east": {"uv": [7, 2, 8.125, 2.25], "texture": "#3"},
				"south": {"uv": [1, 13, 1.125, 13.25], "texture": "#3"},
				"west": {"uv": [4, 7, 5.125, 7.25], "texture": "#3"},
				"up": {"uv": [10.125, 10.125, 10, 9], "texture": "#3"},
				"down": {"uv": [0.125, 11, 0, 12.125], "texture": "#3"}
			}
		},
		{
			"from": [11.35, 1.25, 7.8],
			"to": [11.5, 1.5, 9],
			"rotation": {"angle": 0, "axis": "y", "origin": [5.4, 1.375, 5.375]},
			"faces": {
				"north": {"uv": [13, 1, 13.125, 1.25], "texture": "#3"},
				"east": {"uv": [6, 5, 7.25, 5.25], "texture": "#3"},
				"south": {"uv": [2, 13, 2.125, 13.25], "texture": "#3"},
				"west": {"uv": [6, 6, 7.25, 6.25], "texture": "#3"},
				"up": {"uv": [5.125, 11.25, 5, 10], "texture": "#3"},
				"down": {"uv": [10.125, 5, 10, 6.25], "texture": "#3"}
			}
		},
		{
			"from": [11.2, 1.25, 7.7],
			"to": [11.35, 1.5, 9],
			"rotation": {"angle": 0, "axis": "y", "origin": [5.4, 1.375, 5.375]},
			"faces": {
				"north": {"uv": [13, 2, 13.125, 2.25], "texture": "#3"},
				"east": {"uv": [0, 7, 1.25, 7.25], "texture": "#3"},
				"south": {"uv": [3, 13, 3.125, 13.25], "texture": "#3"},
				"west": {"uv": [7, 0, 8.25, 0.25], "texture": "#3"},
				"up": {"uv": [6.125, 11.25, 6, 10], "texture": "#3"},
				"down": {"uv": [7.125, 10, 7, 11.25], "texture": "#3"}
			}
		},
		{
			"from": [10.1, 1.25, 7.2],
			"to": [10.25, 1.5, 9.1],
			"rotation": {"angle": 0, "axis": "y", "origin": [5.4, 1.375, 5.375]},
			"faces": {
				"north": {"uv": [13, 3, 13.125, 3.25], "texture": "#3"},
				"east": {"uv": [5, 0, 6.875, 0.25], "texture": "#3"},
				"south": {"uv": [4, 13, 4.125, 13.25], "texture": "#3"},
				"west": {"uv": [5, 1, 6.875, 1.25], "texture": "#3"},
				"up": {"uv": [5.125, 9.875, 5, 8], "texture": "#3"},
				"down": {"uv": [8.125, 6, 8, 7.875], "texture": "#3"}
			}
		},
		{
			"from": [7.75, 1.25, 5.5],
			"to": [8.25, 1.5, 7.8],
			"rotation": {"angle": 0, "axis": "y", "origin": [5.4, 1.375, 5.375]},
			"faces": {
				"north": {"uv": [11, 0, 11.5, 0.25], "texture": "#3"},
				"east": {"uv": [2, 0, 4.25, 0.25], "texture": "#3"},
				"south": {"uv": [1, 11, 1.5, 11.25], "texture": "#3"},
				"west": {"uv": [2, 1, 4.25, 1.25], "texture": "#3"},
				"up": {"uv": [0.5, 2.25, 0, 0], "texture": "#3"},
				"down": {"uv": [1.5, 0, 1, 2.25], "texture": "#3"}
			}
		},
		{
			"from": [8.25, 1.25, 5.6],
			"to": [8.4, 1.5, 7.7],
			"rotation": {"angle": 0, "axis": "y", "origin": [5.4, 1.375, 5.375]},
			"faces": {
				"north": {"uv": [10, 11, 10.125, 11.25], "texture": "#3"},
				"east": {"uv": [2, 2, 4.125, 2.25], "texture": "#3"},
				"south": {"uv": [11, 10, 11.125, 10.25], "texture": "#3"},
				"west": {"uv": [0, 3, 2.125, 3.25], "texture": "#3"},
				"up": {"uv": [6.125, 9.125, 6, 7], "texture": "#3"},
				"down": {"uv": [7.125, 7, 7, 9.125], "texture": "#3"}
			}
		},
		{
			"from": [7.6, 1.25, 5.6],
			"to": [7.75, 1.5, 7.7],
			"rotation": {"angle": 0, "axis": "y", "origin": [5.4, 1.375, 5.375]},
			"faces": {
				"north": {"uv": [11, 11, 11.125, 11.25], "texture": "#3"},
				"east": {"uv": [3, 3, 5.125, 3.25], "texture": "#3"},
				"south": {"uv": [12, 0, 12.125, 0.25], "texture": "#3"},
				"west": {"uv": [0, 4, 2.125, 4.25], "texture": "#3"},
				"up": {"uv": [0.125, 10.125, 0, 8], "texture": "#3"},
				"down": {"uv": [1.125, 8, 1, 10.125], "texture": "#3"}
			}
		},
		{
			"from": [8.4, 1.25, 5.7],
			"to": [8.55, 1.5, 7.6],
			"rotation": {"angle": 0, "axis": "y", "origin": [5.4, 1.375, 5.375]},
			"faces": {
				"north": {"uv": [1, 12, 1.125, 12.25], "texture": "#3"},
				"east": {"uv": [3, 4, 4.875, 4.25], "texture": "#3"},
				"south": {"uv": [12, 1, 12.125, 1.25], "texture": "#3"},
				"west": {"uv": [0, 5, 1.875, 5.25], "texture": "#3"},
				"up": {"uv": [4.125, 9.875, 4, 8], "texture": "#3"},
				"down": {"uv": [8.125, 4, 8, 5.875], "texture": "#3"}
			}
		},
		{
			"from": [7.3, 1.25, 6.2],
			"to": [7.45, 1.5, 7.5],
			"rotation": {"angle": 0, "axis": "y", "origin": [5.4, 1.375, 5.375]},
			"faces": {
				"north": {"uv": [2, 12, 2.125, 12.25], "texture": "#3"},
				"east": {"uv": [2, 5, 3.25, 5.25], "texture": "#3"},
				"south": {"uv": [12, 2, 12.125, 2.25], "texture": "#3"},
				"west": {"uv": [5, 2, 6.25, 2.25], "texture": "#3"},
				"up": {"uv": [9.125, 3.25, 9, 2], "texture": "#3"},
				"down": {"uv": [3.125, 9, 3, 10.25], "texture": "#3"}
			}
		},
		{
			"from": [7.15, 1.25, 6.3],
			"to": [7.3, 1.5, 7.5],
			"rotation": {"angle": 0, "axis": "y", "origin": [5.4, 1.375, 5.375]},
			"faces": {
				"north": {"uv": [3, 12, 3.125, 12.25], "texture": "#3"},
				"east": {"uv": [4, 5, 5.25, 5.25], "texture": "#3"},
				"south": {"uv": [12, 3, 12.125, 3.25], "texture": "#3"},
				"west": {"uv": [5, 4, 6.25, 4.25], "texture": "#3"},
				"up": {"uv": [9.125, 5.25, 9, 4], "texture": "#3"},
				"down": {"uv": [9.125, 6, 9, 7.25], "texture": "#3"}
			}
		},
		{
			"from": [8.85, 1.25, 6.4],
			"to": [9, 1.5, 7.6],
			"rotation": {"angle": 0, "axis": "y", "origin": [5.4, 1.375, 5.375]},
			"faces": {
				"north": {"uv": [4, 12, 4.125, 12.25], "texture": "#3"},
				"east": {"uv": [0, 6, 1.25, 6.25], "texture": "#3"},
				"south": {"uv": [12, 4, 12.125, 4.25], "texture": "#3"},
				"west": {"uv": [2, 6, 3.25, 6.25], "texture": "#3"},
				"up": {"uv": [8.125, 10.25, 8, 9], "texture": "#3"},
				"down": {"uv": [9.125, 8, 9, 9.25], "texture": "#3"}
			}
		},
		{
			"from": [7, 1.25, 6.4],
			"to": [7.15, 1.5, 7.6],
			"rotation": {"angle": 0, "axis": "y", "origin": [5.4, 1.375, 5.375]},
			"faces": {
				"north": {"uv": [5, 12, 5.125, 12.25], "texture": "#3"},
				"east": {"uv": [6, 3, 7.25, 3.25], "texture": "#3"},
				"south": {"uv": [12, 5, 12.125, 5.25], "texture": "#3"},
				"west": {"uv": [4, 6, 5.25, 6.25], "texture": "#3"},
				"up": {"uv": [10.125, 1.25, 10, 0], "texture": "#3"},
				"down": {"uv": [2.125, 10, 2, 11.25], "texture": "#3"}
			}
		},
		{
			"from": [6.85, 1.25, 6.5],
			"to": [7, 1.5, 7.6],
			"rotation": {"angle": 0, "axis": "y", "origin": [5.4, 1.375, 5.375]},
			"faces": {
				"north": {"uv": [6, 12, 6.125, 12.25], "texture": "#3"},
				"east": {"uv": [7, 1, 8.125, 1.25], "texture": "#3"},
				"south": {"uv": [12, 6, 12.125, 6.25], "texture": "#3"},
				"west": {"uv": [2, 7, 3.125, 7.25], "texture": "#3"},
				"up": {"uv": [10.125, 8.125, 10, 7], "texture": "#3"},
				"down": {"uv": [9.125, 10, 9, 11.125], "texture": "#3"}
			}
		},
		{
			"from": [9.15, 1.25, 6.6],
			"to": [9.3, 1.5, 7.6],
			"rotation": {"angle": 0, "axis": "y", "origin": [5.4, 1.375, 5.375]},
			"faces": {
				"north": {"uv": [7, 12, 7.125, 12.25], "texture": "#3"},
				"east": {"uv": [7, 4, 8, 4.25], "texture": "#3"},
				"south": {"uv": [12, 7, 12.125, 7.25], "texture": "#3"},
				"west": {"uv": [2, 8, 3, 8.25], "texture": "#3"},
				"up": {"uv": [11.125, 2, 11, 1], "texture": "#3"},
				"down": {"uv": [11.125, 2, 11, 3], "texture": "#3"}
			}
		},
		{
			"from": [9.3, 1.25, 6.7],
			"to": [9.45, 1.5, 7.5],
			"rotation": {"angle": 0, "axis": "y", "origin": [5.4, 1.375, 5.375]},
			"faces": {
				"north": {"uv": [8, 12, 8.125, 12.25], "texture": "#3"},
				"east": {"uv": [8, 8, 8.75, 8.25], "texture": "#3"},
				"south": {"uv": [12, 8, 12.125, 8.25], "texture": "#3"},
				"west": {"uv": [9, 0, 9.75, 0.25], "texture": "#3"},
				"up": {"uv": [4.125, 11.75, 4, 11], "texture": "#3"},
				"down": {"uv": [11.125, 4, 11, 4.75], "texture": "#3"}
			}
		},
		{
			"from": [9.45, 1.25, 6.8],
			"to": [9.6, 1.5, 7.4],
			"rotation": {"angle": 0, "axis": "y", "origin": [5.4, 1.375, 5.375]},
			"faces": {
				"north": {"uv": [9, 12, 9.125, 12.25], "texture": "#3"},
				"east": {"uv": [10, 2, 10.625, 2.25], "texture": "#3"},
				"south": {"uv": [12, 9, 12.125, 9.25], "texture": "#3"},
				"west": {"uv": [10, 3, 10.625, 3.25], "texture": "#3"},
				"up": {"uv": [11.125, 7.625, 11, 7], "texture": "#3"},
				"down": {"uv": [8.125, 11, 8, 11.625], "texture": "#3"}
			}
		},
		{
			"from": [6.55, 1.25, 6.7],
			"to": [6.7, 1.5, 7.5],
			"rotation": {"angle": 0, "axis": "y", "origin": [5.4, 1.375, 5.375]},
			"faces": {
				"north": {"uv": [10, 12, 10.125, 12.25], "texture": "#3"},
				"east": {"uv": [9, 1, 9.75, 1.25], "texture": "#3"},
				"south": {"uv": [12, 10, 12.125, 10.25], "texture": "#3"},
				"west": {"uv": [2, 9, 2.75, 9.25], "texture": "#3"},
				"up": {"uv": [11.125, 5.75, 11, 5], "texture": "#3"},
				"down": {"uv": [11.125, 6, 11, 6.75], "texture": "#3"}
			}
		},
		{
			"from": [6.4, 1.25, 6.8],
			"to": [6.55, 1.5, 7.4],
			"rotation": {"angle": 0, "axis": "y", "origin": [5.4, 1.375, 5.375]},
			"faces": {
				"north": {"uv": [11, 12, 11.125, 12.25], "texture": "#3"},
				"east": {"uv": [4, 10, 4.625, 10.25], "texture": "#3"},
				"south": {"uv": [12, 11, 12.125, 11.25], "texture": "#3"},
				"west": {"uv": [10, 4, 10.625, 4.25], "texture": "#3"},
				"up": {"uv": [11.125, 8.625, 11, 8], "texture": "#3"},
				"down": {"uv": [11.125, 9, 11, 9.625], "texture": "#3"}
			}
		},
		{
			"from": [6.7, 1.25, 6.6],
			"to": [6.85, 1.5, 7.6],
			"rotation": {"angle": 0, "axis": "y", "origin": [5.4, 1.375, 5.375]},
			"faces": {
				"north": {"uv": [12, 12, 12.125, 12.25], "texture": "#3"},
				"east": {"uv": [3, 8, 4, 8.25], "texture": "#3"},
				"south": {"uv": [0, 13, 0.125, 13.25], "texture": "#3"},
				"west": {"uv": [8, 3, 9, 3.25], "texture": "#3"},
				"up": {"uv": [3.125, 12, 3, 11], "texture": "#3"},
				"down": {"uv": [11.125, 3, 11, 4], "texture": "#3"}
			}
		},
		{
			"from": [9, 1.25, 6.5],
			"to": [9.15, 1.5, 7.6],
			"rotation": {"angle": 0, "axis": "y", "origin": [5.4, 1.375, 5.375]},
			"faces": {
				"north": {"uv": [13, 0, 13.125, 0.25], "texture": "#3"},
				"east": {"uv": [7, 2, 8.125, 2.25], "texture": "#3"},
				"south": {"uv": [1, 13, 1.125, 13.25], "texture": "#3"},
				"west": {"uv": [4, 7, 5.125, 7.25], "texture": "#3"},
				"up": {"uv": [10.125, 10.125, 10, 9], "texture": "#3"},
				"down": {"uv": [0.125, 11, 0, 12.125], "texture": "#3"}
			}
		},
		{
			"from": [8.7, 1.25, 6.3],
			"to": [8.85, 1.5, 7.5],
			"rotation": {"angle": 0, "axis": "y", "origin": [5.4, 1.375, 5.375]},
			"faces": {
				"north": {"uv": [13, 1, 13.125, 1.25], "texture": "#3"},
				"east": {"uv": [6, 5, 7.25, 5.25], "texture": "#3"},
				"south": {"uv": [2, 13, 2.125, 13.25], "texture": "#3"},
				"west": {"uv": [6, 6, 7.25, 6.25], "texture": "#3"},
				"up": {"uv": [5.125, 11.25, 5, 10], "texture": "#3"},
				"down": {"uv": [10.125, 5, 10, 6.25], "texture": "#3"}
			}
		},
		{
			"from": [8.55, 1.25, 6.2],
			"to": [8.7, 1.5, 7.5],
			"rotation": {"angle": 0, "axis": "y", "origin": [5.4, 1.375, 5.375]},
			"faces": {
				"north": {"uv": [13, 2, 13.125, 2.25], "texture": "#3"},
				"east": {"uv": [0, 7, 1.25, 7.25], "texture": "#3"},
				"south": {"uv": [3, 13, 3.125, 13.25], "texture": "#3"},
				"west": {"uv": [7, 0, 8.25, 0.25], "texture": "#3"},
				"up": {"uv": [6.125, 11.25, 6, 10], "texture": "#3"},
				"down": {"uv": [7.125, 10, 7, 11.25], "texture": "#3"}
			}
		},
		{
			"from": [7.45, 1.25, 5.7],
			"to": [7.6, 1.5, 7.6],
			"rotation": {"angle": 0, "axis": "y", "origin": [5.4, 1.375, 5.375]},
			"faces": {
				"north": {"uv": [13, 3, 13.125, 3.25], "texture": "#3"},
				"east": {"uv": [5, 0, 6.875, 0.25], "texture": "#3"},
				"south": {"uv": [4, 13, 4.125, 13.25], "texture": "#3"},
				"west": {"uv": [5, 1, 6.875, 1.25], "texture": "#3"},
				"up": {"uv": [5.125, 9.875, 5, 8], "texture": "#3"},
				"down": {"uv": [8.125, 6, 8, 7.875], "texture": "#3"}
			}
		},
		{
			"from": [7.75, 1.25, 8.5],
			"to": [8.25, 1.5, 10.8],
			"rotation": {"angle": 0, "axis": "y", "origin": [5.4, 1.375, 5.375]},
			"faces": {
				"north": {"uv": [11, 0, 11.5, 0.25], "texture": "#3"},
				"east": {"uv": [2, 0, 4.25, 0.25], "texture": "#3"},
				"south": {"uv": [1, 11, 1.5, 11.25], "texture": "#3"},
				"west": {"uv": [2, 1, 4.25, 1.25], "texture": "#3"},
				"up": {"uv": [0.5, 2.25, 0, 0], "texture": "#3"},
				"down": {"uv": [1.5, 0, 1, 2.25], "texture": "#3"}
			}
		},
		{
			"from": [8.25, 1.25, 8.6],
			"to": [8.4, 1.5, 10.7],
			"rotation": {"angle": 0, "axis": "y", "origin": [5.4, 1.375, 5.375]},
			"faces": {
				"north": {"uv": [10, 11, 10.125, 11.25], "texture": "#3"},
				"east": {"uv": [2, 2, 4.125, 2.25], "texture": "#3"},
				"south": {"uv": [11, 10, 11.125, 10.25], "texture": "#3"},
				"west": {"uv": [0, 3, 2.125, 3.25], "texture": "#3"},
				"up": {"uv": [6.125, 9.125, 6, 7], "texture": "#3"},
				"down": {"uv": [7.125, 7, 7, 9.125], "texture": "#3"}
			}
		},
		{
			"from": [7.6, 1.25, 8.6],
			"to": [7.75, 1.5, 10.7],
			"rotation": {"angle": 0, "axis": "y", "origin": [5.4, 1.375, 5.375]},
			"faces": {
				"north": {"uv": [11, 11, 11.125, 11.25], "texture": "#3"},
				"east": {"uv": [3, 3, 5.125, 3.25], "texture": "#3"},
				"south": {"uv": [12, 0, 12.125, 0.25], "texture": "#3"},
				"west": {"uv": [0, 4, 2.125, 4.25], "texture": "#3"},
				"up": {"uv": [0.125, 10.125, 0, 8], "texture": "#3"},
				"down": {"uv": [1.125, 8, 1, 10.125], "texture": "#3"}
			}
		},
		{
			"from": [8.4, 1.25, 8.7],
			"to": [8.55, 1.5, 10.6],
			"rotation": {"angle": 0, "axis": "y", "origin": [5.4, 1.375, 5.375]},
			"faces": {
				"north": {"uv": [1, 12, 1.125, 12.25], "texture": "#3"},
				"east": {"uv": [3, 4, 4.875, 4.25], "texture": "#3"},
				"south": {"uv": [12, 1, 12.125, 1.25], "texture": "#3"},
				"west": {"uv": [0, 5, 1.875, 5.25], "texture": "#3"},
				"up": {"uv": [4.125, 9.875, 4, 8], "texture": "#3"},
				"down": {"uv": [8.125, 4, 8, 5.875], "texture": "#3"}
			}
		},
		{
			"from": [7.3, 1.25, 9.2],
			"to": [7.45, 1.5, 10.5],
			"rotation": {"angle": 0, "axis": "y", "origin": [5.4, 1.375, 5.375]},
			"faces": {
				"north": {"uv": [2, 12, 2.125, 12.25], "texture": "#3"},
				"east": {"uv": [2, 5, 3.25, 5.25], "texture": "#3"},
				"south": {"uv": [12, 2, 12.125, 2.25], "texture": "#3"},
				"west": {"uv": [5, 2, 6.25, 2.25], "texture": "#3"},
				"up": {"uv": [9.125, 3.25, 9, 2], "texture": "#3"},
				"down": {"uv": [3.125, 9, 3, 10.25], "texture": "#3"}
			}
		},
		{
			"from": [7.15, 1.25, 9.3],
			"to": [7.3, 1.5, 10.5],
			"rotation": {"angle": 0, "axis": "y", "origin": [5.4, 1.375, 5.375]},
			"faces": {
				"north": {"uv": [3, 12, 3.125, 12.25], "texture": "#3"},
				"east": {"uv": [4, 5, 5.25, 5.25], "texture": "#3"},
				"south": {"uv": [12, 3, 12.125, 3.25], "texture": "#3"},
				"west": {"uv": [5, 4, 6.25, 4.25], "texture": "#3"},
				"up": {"uv": [9.125, 5.25, 9, 4], "texture": "#3"},
				"down": {"uv": [9.125, 6, 9, 7.25], "texture": "#3"}
			}
		},
		{
			"from": [8.85, 1.25, 9.4],
			"to": [9, 1.5, 10.6],
			"rotation": {"angle": 0, "axis": "y", "origin": [5.4, 1.375, 5.375]},
			"faces": {
				"north": {"uv": [4, 12, 4.125, 12.25], "texture": "#3"},
				"east": {"uv": [0, 6, 1.25, 6.25], "texture": "#3"},
				"south": {"uv": [12, 4, 12.125, 4.25], "texture": "#3"},
				"west": {"uv": [2, 6, 3.25, 6.25], "texture": "#3"},
				"up": {"uv": [8.125, 10.25, 8, 9], "texture": "#3"},
				"down": {"uv": [9.125, 8, 9, 9.25], "texture": "#3"}
			}
		},
		{
			"from": [7, 1.25, 9.4],
			"to": [7.15, 1.5, 10.6],
			"rotation": {"angle": 0, "axis": "y", "origin": [5.4, 1.375, 5.375]},
			"faces": {
				"north": {"uv": [5, 12, 5.125, 12.25], "texture": "#3"},
				"east": {"uv": [6, 3, 7.25, 3.25], "texture": "#3"},
				"south": {"uv": [12, 5, 12.125, 5.25], "texture": "#3"},
				"west": {"uv": [4, 6, 5.25, 6.25], "texture": "#3"},
				"up": {"uv": [10.125, 1.25, 10, 0], "texture": "#3"},
				"down": {"uv": [2.125, 10, 2, 11.25], "texture": "#3"}
			}
		},
		{
			"from": [6.85, 1.25, 9.5],
			"to": [7, 1.5, 10.6],
			"rotation": {"angle": 0, "axis": "y", "origin": [5.4, 1.375, 5.375]},
			"faces": {
				"north": {"uv": [6, 12, 6.125, 12.25], "texture": "#3"},
				"east": {"uv": [7, 1, 8.125, 1.25], "texture": "#3"},
				"south": {"uv": [12, 6, 12.125, 6.25], "texture": "#3"},
				"west": {"uv": [2, 7, 3.125, 7.25], "texture": "#3"},
				"up": {"uv": [10.125, 8.125, 10, 7], "texture": "#3"},
				"down": {"uv": [9.125, 10, 9, 11.125], "texture": "#3"}
			}
		},
		{
			"from": [9.15, 1.25, 9.6],
			"to": [9.3, 1.5, 10.6],
			"rotation": {"angle": 0, "axis": "y", "origin": [5.4, 1.375, 5.375]},
			"faces": {
				"north": {"uv": [7, 12, 7.125, 12.25], "texture": "#3"},
				"east": {"uv": [7, 4, 8, 4.25], "texture": "#3"},
				"south": {"uv": [12, 7, 12.125, 7.25], "texture": "#3"},
				"west": {"uv": [2, 8, 3, 8.25], "texture": "#3"},
				"up": {"uv": [11.125, 2, 11, 1], "texture": "#3"},
				"down": {"uv": [11.125, 2, 11, 3], "texture": "#3"}
			}
		},
		{
			"from": [9.3, 1.25, 9.7],
			"to": [9.45, 1.5, 10.5],
			"rotation": {"angle": 0, "axis": "y", "origin": [5.4, 1.375, 5.375]},
			"faces": {
				"north": {"uv": [8, 12, 8.125, 12.25], "texture": "#3"},
				"east": {"uv": [8, 8, 8.75, 8.25], "texture": "#3"},
				"south": {"uv": [12, 8, 12.125, 8.25], "texture": "#3"},
				"west": {"uv": [9, 0, 9.75, 0.25], "texture": "#3"},
				"up": {"uv": [4.125, 11.75, 4, 11], "texture": "#3"},
				"down": {"uv": [11.125, 4, 11, 4.75], "texture": "#3"}
			}
		},
		{
			"from": [9.45, 1.25, 9.8],
			"to": [9.6, 1.5, 10.4],
			"rotation": {"angle": 0, "axis": "y", "origin": [5.4, 1.375, 5.375]},
			"faces": {
				"north": {"uv": [9, 12, 9.125, 12.25], "texture": "#3"},
				"east": {"uv": [10, 2, 10.625, 2.25], "texture": "#3"},
				"south": {"uv": [12, 9, 12.125, 9.25], "texture": "#3"},
				"west": {"uv": [10, 3, 10.625, 3.25], "texture": "#3"},
				"up": {"uv": [11.125, 7.625, 11, 7], "texture": "#3"},
				"down": {"uv": [8.125, 11, 8, 11.625], "texture": "#3"}
			}
		},
		{
			"from": [6.55, 1.25, 9.7],
			"to": [6.7, 1.5, 10.5],
			"rotation": {"angle": 0, "axis": "y", "origin": [5.4, 1.375, 5.375]},
			"faces": {
				"north": {"uv": [10, 12, 10.125, 12.25], "texture": "#3"},
				"east": {"uv": [9, 1, 9.75, 1.25], "texture": "#3"},
				"south": {"uv": [12, 10, 12.125, 10.25], "texture": "#3"},
				"west": {"uv": [2, 9, 2.75, 9.25], "texture": "#3"},
				"up": {"uv": [11.125, 5.75, 11, 5], "texture": "#3"},
				"down": {"uv": [11.125, 6, 11, 6.75], "texture": "#3"}
			}
		},
		{
			"from": [6.4, 1.25, 9.8],
			"to": [6.55, 1.5, 10.4],
			"rotation": {"angle": 0, "axis": "y", "origin": [5.4, 1.375, 5.375]},
			"faces": {
				"north": {"uv": [11, 12, 11.125, 12.25], "texture": "#3"},
				"east": {"uv": [4, 10, 4.625, 10.25], "texture": "#3"},
				"south": {"uv": [12, 11, 12.125, 11.25], "texture": "#3"},
				"west": {"uv": [10, 4, 10.625, 4.25], "texture": "#3"},
				"up": {"uv": [11.125, 8.625, 11, 8], "texture": "#3"},
				"down": {"uv": [11.125, 9, 11, 9.625], "texture": "#3"}
			}
		},
		{
			"from": [6.7, 1.25, 9.6],
			"to": [6.85, 1.5, 10.6],
			"rotation": {"angle": 0, "axis": "y", "origin": [5.4, 1.375, 5.375]},
			"faces": {
				"north": {"uv": [12, 12, 12.125, 12.25], "texture": "#3"},
				"east": {"uv": [3, 8, 4, 8.25], "texture": "#3"},
				"south": {"uv": [0, 13, 0.125, 13.25], "texture": "#3"},
				"west": {"uv": [8, 3, 9, 3.25], "texture": "#3"},
				"up": {"uv": [3.125, 12, 3, 11], "texture": "#3"},
				"down": {"uv": [11.125, 3, 11, 4], "texture": "#3"}
			}
		},
		{
			"from": [9, 1.25, 9.5],
			"to": [9.15, 1.5, 10.6],
			"rotation": {"angle": 0, "axis": "y", "origin": [5.4, 1.375, 5.375]},
			"faces": {
				"north": {"uv": [13, 0, 13.125, 0.25], "texture": "#3"},
				"east": {"uv": [7, 2, 8.125, 2.25], "texture": "#3"},
				"south": {"uv": [1, 13, 1.125, 13.25], "texture": "#3"},
				"west": {"uv": [4, 7, 5.125, 7.25], "texture": "#3"},
				"up": {"uv": [10.125, 10.125, 10, 9], "texture": "#3"},
				"down": {"uv": [0.125, 11, 0, 12.125], "texture": "#3"}
			}
		},
		{
			"from": [8.7, 1.25, 9.3],
			"to": [8.85, 1.5, 10.5],
			"rotation": {"angle": 0, "axis": "y", "origin": [5.4, 1.375, 5.375]},
			"faces": {
				"north": {"uv": [13, 1, 13.125, 1.25], "texture": "#3"},
				"east": {"uv": [6, 5, 7.25, 5.25], "texture": "#3"},
				"south": {"uv": [2, 13, 2.125, 13.25], "texture": "#3"},
				"west": {"uv": [6, 6, 7.25, 6.25], "texture": "#3"},
				"up": {"uv": [5.125, 11.25, 5, 10], "texture": "#3"},
				"down": {"uv": [10.125, 5, 10, 6.25], "texture": "#3"}
			}
		},
		{
			"from": [8.55, 1.25, 9.2],
			"to": [8.7, 1.5, 10.5],
			"rotation": {"angle": 0, "axis": "y", "origin": [5.4, 1.375, 5.375]},
			"faces": {
				"north": {"uv": [13, 2, 13.125, 2.25], "texture": "#3"},
				"east": {"uv": [0, 7, 1.25, 7.25], "texture": "#3"},
				"south": {"uv": [3, 13, 3.125, 13.25], "texture": "#3"},
				"west": {"uv": [7, 0, 8.25, 0.25], "texture": "#3"},
				"up": {"uv": [6.125, 11.25, 6, 10], "texture": "#3"},
				"down": {"uv": [7.125, 10, 7, 11.25], "texture": "#3"}
			}
		},
		{
			"from": [7.45, 1.25, 8.7],
			"to": [7.6, 1.5, 10.6],
			"rotation": {"angle": 0, "axis": "y", "origin": [5.4, 1.375, 5.375]},
			"faces": {
				"north": {"uv": [13, 3, 13.125, 3.25], "texture": "#3"},
				"east": {"uv": [5, 0, 6.875, 0.25], "texture": "#3"},
				"south": {"uv": [4, 13, 4.125, 13.25], "texture": "#3"},
				"west": {"uv": [5, 1, 6.875, 1.25], "texture": "#3"},
				"up": {"uv": [5.125, 9.875, 5, 8], "texture": "#3"},
				"down": {"uv": [8.125, 6, 8, 7.875], "texture": "#3"}
			}
		}
	],
	"display": {
		"thirdperson_righthand": {
			"rotation": [90, 0, 0],
			"translation": [0, 4, 6.5],
			"scale": [0.7, 0.7, 0.7]
		},
		"thirdperson_lefthand": {
			"rotation": [90, 0, 0],
			"translation": [0, 4, 6.5],
			"scale": [0.7, 0.7, 0.7]
		},
		"firstperson_righthand": {
			"rotation": [0, 15, 30],
			"translation": [-0.5, 4.75, 2.25],
			"scale": [0.5, 0.5, 0.5]
		},
		"firstperson_lefthand": {
			"rotation": [0, 15, 30],
			"translation": [-0.5, 4.75, 2.25],
			"scale": [0.5, 0.5, 0.5]
		},
		"ground": {
			"translation": [0, 4.25, 0],
			"scale": [0.7, 0.7, 0.7]
		},
		"gui": {
			"rotation": [45, 45, 0],
			"translation": [0, 4.75, 2.25]
		},
		"head": {
			"translation": [-17, -5.55, -16.5],
			"scale": [2, 3.05, 2]
		},
		"fixed": {
			"rotation": [-90, 0, 0],
			"translation": [0, 0, -7]
		}
	},
	"groups": [
		{
			"name": "Box",
			"origin": [8, 8, 8],
			"color": 0,
			"children": [0, 1, 2, 3, 4]
		},
		{
			"name": "bee",
			"origin": [0, 0, 0],
			"color": 0,
			"children": [5, 6, 7, 8, 9, 10, 11, 12, 13, 14, 15, 16, 17, 18, 19, 20, 21, 22, 23]
		},
		{
			"name": "bee",
			"origin": [0, 0, 0],
			"color": 0,
			"children": [24, 25, 26, 27, 28, 29, 30, 31, 32, 33, 34, 35, 36, 37, 38, 39, 40, 41, 42]
		},
		{
			"name": "bee",
			"origin": [0, 0, 0],
			"color": 0,
			"children": [43, 44, 45, 46, 47, 48, 49, 50, 51, 52, 53, 54, 55, 56, 57, 58, 59, 60, 61]
		},
		{
			"name": "bee",
			"origin": [0, 0, 0],
			"color": 0,
			"children": [62, 63, 64, 65, 66, 67, 68, 69, 70, 71, 72, 73, 74, 75, 76, 77, 78, 79, 80]
		},
		{
			"name": "bee",
			"origin": [0, 0, 0],
			"color": 0,
			"children": [81, 82, 83, 84, 85, 86, 87, 88, 89, 90, 91, 92, 93, 94, 95, 96, 97, 98, 99]
		},
		{
			"name": "bee",
			"origin": [0, 0, 0],
			"color": 0,
			"children": [100, 101, 102, 103, 104, 105, 106, 107, 108, 109, 110, 111, 112, 113, 114, 115, 116, 117, 118]
		},
		{
			"name": "bee",
			"origin": [0, 0, 0],
			"color": 0,
			"children": [119, 120, 121, 122, 123, 124, 125, 126, 127, 128, 129, 130, 131, 132, 133, 134, 135, 136, 137]
		},
		{
			"name": "bee",
			"origin": [0, 0, 0],
			"color": 0,
			"children": [138, 139, 140, 141, 142, 143, 144, 145, 146, 147, 148, 149, 150, 151, 152, 153, 154, 155, 156]
		}
	]
}