{
	"credit": "Made with Blockbench",
	"texture_size": [8, 8],
	"textures": {
		"0": "custom/boomin_bon_sb_single",
		"1": "custom/boomin_box",
		"2": "custom/boomin_bon_chocolate",
		"particle": "custom/boomin_bon_sb_single"
	},
	"elements": [
		{
			"from": [3, 0, 3],
			"to": [13, 1.25, 13],
			"faces": {
				"north": {"uv": [5, 0, 10, 0.75], "texture": "#1"},
				"east": {"uv": [5, 1, 10, 1.75], "texture": "#1"},
				"south": {"uv": [5, 2, 10, 2.75], "texture": "#1"},
				"west": {"uv": [5, 3, 10, 3.75], "texture": "#1"},
				"up": {"uv": [5, 5, 0, 0], "texture": "#1"},
				"down": {"uv": [5, 5, 0, 10], "texture": "#1"}
			}
		},
		{
			"from": [3, 1.25, 3.5],
			"to": [3.5, 1.75, 12.5],
			"faces": {
				"north": {"uv": [9.5, 8, 9.75, 8.25], "texture": "#1"},
				"east": {"uv": [5, 8, 9.5, 8.25], "texture": "#1"},
				"south": {"uv": [9.5, 8.5, 9.75, 8.75], "texture": "#1"},
				"west": {"uv": [5, 8.5, 9.5, 8.75], "texture": "#1"},
				"up": {"uv": [5.25, 13.5, 5, 9], "texture": "#1"},
				"down": {"uv": [5.75, 9, 5.5, 13.5], "texture": "#1"}
			}
		},
		{
			"from": [12.5, 1.25, 3.5],
			"to": [13, 1.75, 12.5],
			"faces": {
				"north": {"uv": [0.5, 10, 0.75, 10.25], "texture": "#1"},
				"east": {"uv": [6, 9, 10.5, 9.25], "texture": "#1"},
				"south": {"uv": [1, 10, 1.25, 10.25], "texture": "#1"},
				"west": {"uv": [6, 9.5, 10.5, 9.75], "texture": "#1"},
				"up": {"uv": [0.25, 14.5, 0, 10], "texture": "#1"},
				"down": {"uv": [10.25, 0, 10, 4.5], "texture": "#1"}
			}
		},
		{
			"from": [3, 1.25, 3],
			"to": [13, 1.75, 3.5],
			"faces": {
				"north": {"uv": [5, 4, 10, 4.25], "texture": "#1"},
				"east": {"uv": [1.5, 10, 1.75, 10.25], "texture": "#1"},
				"south": {"uv": [5, 4.5, 10, 4.75], "texture": "#1"},
				"west": {"uv": [2, 10, 2.25, 10.25], "texture": "#1"},
				"up": {"uv": [10, 5.25, 5, 5], "texture": "#1"},
				"down": {"uv": [10, 5.5, 5, 5.75], "texture": "#1"}
			}
		},
		{
			"from": [3, 1.25, 12.5],
			"to": [13, 1.75, 13],
			"faces": {
				"north": {"uv": [5, 6, 10, 6.25], "texture": "#1"},
				"east": {"uv": [2.5, 10, 2.75, 10.25], "texture": "#1"},
				"south": {"uv": [5, 6.5, 10, 6.75], "texture": "#1"},
				"west": {"uv": [3, 10, 3.25, 10.25], "texture": "#1"},
				"up": {"uv": [10, 7.25, 5, 7], "texture": "#1"},
				"down": {"uv": [10, 7.5, 5, 7.75], "texture": "#1"}
			}
		},
		{
			"from": [4, 0.25, 4],
			"to": [6, 2.25, 6],
			"faces": {
				"north": {"uv": [0, 0, 4, 4], "texture": "#0"},
				"east": {"uv": [0, 4, 4, 8], "texture": "#0"},
				"south": {"uv": [4, 0, 8, 4], "texture": "#0"},
				"west": {"uv": [4, 4, 8, 8], "texture": "#0"},
				"up": {"uv": [4, 12, 0, 8], "texture": "#0"},
				"down": {"uv": [12, 0, 8, 4], "texture": "#0"}
			}
		},
		{
			"from": [4.25, 1.25, 4.25],
			"to": [5.75, 2.5, 5.75],
			"faces": {
				"north": {"uv": [4, 8, 7, 11], "texture": "#0"},
				"east": {"uv": [8, 4, 11, 7], "texture": "#0"},
				"south": {"uv": [8, 8, 11, 11], "texture": "#0"},
				"west": {"uv": [0, 12, 3, 15], "texture": "#0"},
				"up": {"uv": [15, 3, 12, 0], "texture": "#0"},
				"down": {"uv": [7, 12, 4, 15], "texture": "#0"}
			}
		},
		{
			"from": [4.5, 2.5, 4.5],
			"to": [5.5, 2.65, 5.5],
			"faces": {
				"north": {"uv": [8, 12, 10, 13], "texture": "#0"},
				"east": {"uv": [12, 8, 14, 9], "texture": "#0"},
				"south": {"uv": [10, 12, 12, 13], "texture": "#0"},
				"west": {"uv": [12, 10, 14, 11], "texture": "#0"},
				"up": {"uv": [14, 6, 12, 4], "texture": "#0"},
				"down": {"uv": [14, 6, 12, 8], "texture": "#0"}
			}
		},
		{
			"from": [7, 0.25, 4],
			"to": [9, 2.25, 6],
			"faces": {
				"north": {"uv": [0, 0, 4, 4], "texture": "#0"},
				"east": {"uv": [0, 4, 4, 8], "texture": "#0"},
				"south": {"uv": [4, 0, 8, 4], "texture": "#0"},
				"west": {"uv": [4, 4, 8, 8], "texture": "#0"},
				"up": {"uv": [4, 12, 0, 8], "texture": "#0"},
				"down": {"uv": [12, 0, 8, 4], "texture": "#0"}
			}
		},
		{
			"from": [7.25, 1.25, 4.25],
			"to": [8.75, 2.5, 5.75],
			"faces": {
				"north": {"uv": [4, 8, 7, 11], "texture": "#0"},
				"east": {"uv": [8, 4, 11, 7], "texture": "#0"},
				"south": {"uv": [8, 8, 11, 11], "texture": "#0"},
				"west": {"uv": [0, 12, 3, 15], "texture": "#0"},
				"up": {"uv": [15, 3, 12, 0], "texture": "#0"},
				"down": {"uv": [7, 12, 4, 15], "texture": "#0"}
			}
		},
		{
			"from": [7.5, 2.5, 4.5],
			"to": [8.5, 2.65, 5.5],
			"faces": {
				"north": {"uv": [8, 12, 10, 13], "texture": "#0"},
				"east": {"uv": [12, 8, 14, 9], "texture": "#0"},
				"south": {"uv": [10, 12, 12, 13], "texture": "#0"},
				"west": {"uv": [12, 10, 14, 11], "texture": "#0"},
				"up": {"uv": [14, 6, 12, 4], "texture": "#0"},
				"down": {"uv": [14, 6, 12, 8], "texture": "#0"}
			}
		},
		{
			"from": [4, 0.25, 10],
			"to": [6, 2.25, 12],
			"faces": {
				"north": {"uv": [0, 0, 4, 4], "texture": "#0"},
				"east": {"uv": [0, 4, 4, 8], "texture": "#0"},
				"south": {"uv": [4, 0, 8, 4], "texture": "#0"},
				"west": {"uv": [4, 4, 8, 8], "texture": "#0"},
				"up": {"uv": [4, 12, 0, 8], "texture": "#0"},
				"down": {"uv": [12, 0, 8, 4], "texture": "#0"}
			}
		},
		{
			"from": [4.25, 1.25, 10.25],
			"to": [5.75, 2.5, 11.75],
			"faces": {
				"north": {"uv": [4, 8, 7, 11], "texture": "#0"},
				"east": {"uv": [8, 4, 11, 7], "texture": "#0"},
				"south": {"uv": [8, 8, 11, 11], "texture": "#0"},
				"west": {"uv": [0, 12, 3, 15], "texture": "#0"},
				"up": {"uv": [15, 3, 12, 0], "texture": "#0"},
				"down": {"uv": [7, 12, 4, 15], "texture": "#0"}
			}
		},
		{
			"from": [4.5, 2.5, 10.5],
			"to": [5.5, 2.65, 11.5],
			"faces": {
				"north": {"uv": [8, 12, 10, 13], "texture": "#0"},
				"east": {"uv": [12, 8, 14, 9], "texture": "#0"},
				"south": {"uv": [10, 12, 12, 13], "texture": "#0"},
				"west": {"uv": [12, 10, 14, 11], "texture": "#0"},
				"up": {"uv": [14, 6, 12, 4], "texture": "#0"},
				"down": {"uv": [14, 6, 12, 8], "texture": "#0"}
			}
		},
		{
			"from": [7, 0.25, 10],
			"to": [9, 2.25, 12],
			"faces": {
				"north": {"uv": [0, 0, 4, 4], "texture": "#0"},
				"east": {"uv": [0, 4, 4, 8], "texture": "#0"},
				"south": {"uv": [4, 0, 8, 4], "texture": "#0"},
				"west": {"uv": [4, 4, 8, 8], "texture": "#0"},
				"up": {"uv": [4, 12, 0, 8], "texture": "#0"},
				"down": {"uv": [12, 0, 8, 4], "texture": "#0"}
			}
		},
		{
			"from": [7.25, 1.25, 10.25],
			"to": [8.75, 2.5, 11.75],
			"faces": {
				"north": {"uv": [4, 8, 7, 11], "texture": "#0"},
				"east": {"uv": [8, 4, 11, 7], "texture": "#0"},
				"south": {"uv": [8, 8, 11, 11], "texture": "#0"},
				"west": {"uv": [0, 12, 3, 15], "texture": "#0"},
				"up": {"uv": [15, 3, 12, 0], "texture": "#0"},
				"down": {"uv": [7, 12, 4, 15], "texture": "#0"}
			}
		},
		{
			"from": [7.5, 2.5, 10.5],
			"to": [8.5, 2.65, 11.5],
			"faces": {
				"north": {"uv": [8, 12, 10, 13], "texture": "#0"},
				"east": {"uv": [12, 8, 14, 9], "texture": "#0"},
				"south": {"uv": [10, 12, 12, 13], "texture": "#0"},
				"west": {"uv": [12, 10, 14, 11], "texture": "#0"},
				"up": {"uv": [14, 6, 12, 4], "texture": "#0"},
				"down": {"uv": [14, 6, 12, 8], "texture": "#0"}
			}
		},
		{
			"from": [9, 0.25, 7],
			"to": [11, 2.25, 9],
			"faces": {
				"north": {"uv": [0, 0, 4, 4], "texture": "#0"},
				"east": {"uv": [0, 4, 4, 8], "texture": "#0"},
				"south": {"uv": [4, 0, 8, 4], "texture": "#0"},
				"west": {"uv": [4, 4, 8, 8], "texture": "#0"},
				"up": {"uv": [4, 12, 0, 8], "texture": "#0"},
				"down": {"uv": [12, 0, 8, 4], "texture": "#0"}
			}
		},
		{
			"from": [9.25, 1.25, 7.25],
			"to": [10.75, 2.5, 8.75],
			"faces": {
				"north": {"uv": [4, 8, 7, 11], "texture": "#0"},
				"east": {"uv": [8, 4, 11, 7], "texture": "#0"},
				"south": {"uv": [8, 8, 11, 11], "texture": "#0"},
				"west": {"uv": [0, 12, 3, 15], "texture": "#0"},
				"up": {"uv": [15, 3, 12, 0], "texture": "#0"},
				"down": {"uv": [7, 12, 4, 15], "texture": "#0"}
			}
		},
		{
			"from": [9.5, 2.5, 7.5],
			"to": [10.5, 2.65, 8.5],
			"faces": {
				"north": {"uv": [8, 12, 10, 13], "texture": "#0"},
				"east": {"uv": [12, 8, 14, 9], "texture": "#0"},
				"south": {"uv": [10, 12, 12, 13], "texture": "#0"},
				"west": {"uv": [12, 10, 14, 11], "texture": "#0"},
				"up": {"uv": [14, 6, 12, 4], "texture": "#0"},
				"down": {"uv": [14, 6, 12, 8], "texture": "#0"}
			}
		},
		{
			"from": [5, 0.25, 7],
			"to": [7, 2.25, 9],
			"faces": {
				"north": {"uv": [0, 0, 4, 4], "texture": "#2"},
				"east": {"uv": [0, 4, 4, 8], "texture": "#2"},
				"south": {"uv": [4, 0, 8, 4], "texture": "#2"},
				"west": {"uv": [4, 4, 8, 8], "texture": "#2"},
				"up": {"uv": [4, 12, 0, 8], "texture": "#2"},
				"down": {"uv": [12, 0, 8, 4], "texture": "#2"}
			}
		},
		{
			"from": [5.25, 1.25, 7.25],
			"to": [6.75, 2.5, 8.75],
			"faces": {
				"north": {"uv": [4, 8, 7, 11], "texture": "#2"},
				"east": {"uv": [8, 4, 11, 7], "texture": "#2"},
				"south": {"uv": [8, 8, 11, 11], "texture": "#2"},
				"west": {"uv": [0, 12, 3, 15], "texture": "#2"},
				"up": {"uv": [15, 3, 12, 0], "texture": "#2"},
				"down": {"uv": [7, 12, 4, 15], "texture": "#2"}
			}
		},
		{
			"from": [5.5, 2.5, 7.5],
			"to": [6.5, 2.65, 8.5],
			"faces": {
				"north": {"uv": [8, 12, 10, 13], "texture": "#2"},
				"east": {"uv": [12, 8, 14, 9], "texture": "#2"},
				"south": {"uv": [10, 12, 12, 13], "texture": "#2"},
				"west": {"uv": [12, 10, 14, 11], "texture": "#2"},
				"up": {"uv": [14, 6, 12, 4], "texture": "#2"},
				"down": {"uv": [14, 6, 12, 8], "texture": "#2"}
			}
		},
		{
			"from": [10, 0.25, 10],
			"to": [12, 2.25, 12],
			"rotation": {"angle": 0, "axis": "y", "origin": [11, 1.9125, 11]},
			"faces": {
				"north": {"uv": [4, 0, 8, 4], "texture": "#2"},
				"east": {"uv": [4, 4, 8, 8], "texture": "#2"},
				"south": {"uv": [0, 0, 4, 4], "texture": "#2"},
				"west": {"uv": [0, 4, 4, 8], "texture": "#2"},
				"up": {"uv": [4, 12, 0, 8], "rotation": 180, "texture": "#2"},
				"down": {"uv": [12, 0, 8, 4], "rotation": 180, "texture": "#2"}
			}
		},
		{
			"from": [10.25, 1.25, 10.25],
			"to": [11.75, 2.5, 11.75],
			"rotation": {"angle": 0, "axis": "y", "origin": [11, 1.9125, 11]},
			"faces": {
				"north": {"uv": [8, 8, 11, 11], "texture": "#2"},
				"east": {"uv": [0, 12, 3, 15], "texture": "#2"},
				"south": {"uv": [4, 8, 7, 11], "texture": "#2"},
				"west": {"uv": [8, 4, 11, 7], "texture": "#2"},
				"up": {"uv": [15, 3, 12, 0], "rotation": 180, "texture": "#2"},
				"down": {"uv": [7, 12, 4, 15], "rotation": 180, "texture": "#2"}
			}
		},
		{
			"from": [10.5, 2.5, 10.5],
			"to": [11.5, 2.65, 11.5],
			"rotation": {"angle": 0, "axis": "y", "origin": [11, 1.9125, 11]},
			"faces": {
				"north": {"uv": [10, 12, 12, 13], "texture": "#2"},
				"east": {"uv": [12, 10, 14, 11], "texture": "#2"},
				"south": {"uv": [8, 12, 10, 13], "texture": "#2"},
				"west": {"uv": [12, 8, 14, 9], "texture": "#2"},
				"up": {"uv": [14, 6, 12, 4], "rotation": 180, "texture": "#2"},
				"down": {"uv": [14, 6, 12, 8], "rotation": 180, "texture": "#2"}
			}
		},
		{
			"from": [10, 0.25, 4],
			"to": [12, 2.25, 6],
			"rotation": {"angle": 0, "axis": "y", "origin": [11, 1.9125, 5]},
			"faces": {
				"north": {"uv": [4, 4, 8, 8], "texture": "#2"},
				"east": {"uv": [0, 0, 4, 4], "texture": "#2"},
				"south": {"uv": [0, 4, 4, 8], "texture": "#2"},
				"west": {"uv": [4, 0, 8, 4], "texture": "#2"},
				"up": {"uv": [4, 12, 0, 8], "rotation": 90, "texture": "#2"},
				"down": {"uv": [12, 0, 8, 4], "rotation": 270, "texture": "#2"}
			}
		},
		{
			"from": [10.25, 1.25, 4.25],
			"to": [11.75, 2.5, 5.75],
			"rotation": {"angle": 0, "axis": "y", "origin": [11, 1.9125, 5]},
			"faces": {
				"north": {"uv": [0, 12, 3, 15], "texture": "#2"},
				"east": {"uv": [4, 8, 7, 11], "texture": "#2"},
				"south": {"uv": [8, 4, 11, 7], "texture": "#2"},
				"west": {"uv": [8, 8, 11, 11], "texture": "#2"},
				"up": {"uv": [15, 3, 12, 0], "rotation": 90, "texture": "#2"},
				"down": {"uv": [7, 12, 4, 15], "rotation": 270, "texture": "#2"}
			}
		},
		{
			"from": [10.5, 2.5, 4.5],
			"to": [11.5, 2.65, 5.5],
			"rotation": {"angle": 0, "axis": "y", "origin": [11, 1.9125, 5]},
			"faces": {
				"north": {"uv": [12, 10, 14, 11], "texture": "#2"},
				"east": {"uv": [8, 12, 10, 13], "texture": "#2"},
				"south": {"uv": [12, 8, 14, 9], "texture": "#2"},
				"west": {"uv": [10, 12, 12, 13], "texture": "#2"},
				"up": {"uv": [14, 6, 12, 4], "rotation": 90, "texture": "#2"},
				"down": {"uv": [14, 6, 12, 8], "rotation": 270, "texture": "#2"}
			}
		}
	],
	"display": {
		"thirdperson_righthand": {
			"rotation": [90, 0, 0],
			"translation": [0, 4, 6.5],
			"scale": [0.7, 0.7, 0.7]
		},
		"thirdperson_lefthand": {
			"rotation": [90, 0, 0],
			"translation": [0, 4, 6.5],
			"scale": [0.7, 0.7, 0.7]
		},
		"firstperson_righthand": {
			"rotation": [0, 15, 30],
			"translation": [-0.5, 4.75, 2.25],
			"scale": [0.5, 0.5, 0.5]
		},
		"firstperson_lefthand": {
			"rotation": [0, 15, 30],
			"translation": [-0.5, 4.75, 2.25],
			"scale": [0.5, 0.5, 0.5]
		},
		"ground": {
			"translation": [0, 4.25, 0],
			"scale": [0.7, 0.7, 0.7]
		},
		"gui": {
			"rotation": [45, 45, 0],
			"translation": [0, 4.75, 2.25]
		},
		"head": {
			"translation": [-17, -5.55, -16.5],
			"scale": [2, 3.05, 2]
		},
		"fixed": {
			"rotation": [-90, 0, 0],
			"translation": [0, 0, -7]
		}
	},
	"groups": [
		{
			"name": "Box",
			"origin": [8, 8, 8],
			"color": 0,
			"children": [0, 1, 2, 3, 4]
		},
		{
			"name": "bon_bon",
			"origin": [0, 0, 0],
			"color": 0,
			"children": [5, 6, 7]
		},
		{
			"name": "bon_bon",
			"origin": [0, 0, 0],
			"color": 0,
			"children": [8, 9, 10]
		},
		{
			"name": "bon_bon",
			"origin": [0, 0, 0],
			"color": 0,
			"children": [11, 12, 13]
		},
		{
			"name": "bon_bon",
			"origin": [0, 0, 0],
			"color": 0,
			"children": [14, 15, 16]
		},
		{
			"name": "bon_bon",
			"origin": [0, 0, 0],
			"color": 0,
			"children": [17, 18, 19]
		},
		{
			"name": "bon_bon_choco",
			"origin": [0, 0, 0],
			"color": 0,
			"children": [20, 21, 22]
		},
		{
			"name": "bon_bon_choco",
			"origin": [0, 0, 0],
			"color": 0,
			"children": [23, 24, 25]
		},
		{
			"name": "bon_bon_choco",
			"origin": [0, 0, 0],
			"color": 0,
			"children": [26, 27, 28]
		}
	]
}