{
	"format_version": "1.21.6",
	"credit": "Made with Blockbench",
	"texture_size": [64, 64],
	"textures": {
		"1": "custom/tea_cup",
		"particle": "custom/coffee_cup"
	},
	"elements": [
		{
			"from": [3, 1, 3],
			"to": [13, 8, 13],
			"faces": {
				"north": {"uv": [2.5, 0, 5, 1.75], "texture": "#1"},
				"east": {"uv": [2.5, 1.75, 5, 3.5], "texture": "#1"},
				"south": {"uv": [2.5, 3.5, 5, 5.25], "texture": "#1"},
				"west": {"uv": [0, 5, 2.5, 6.75], "texture": "#1"},
				"up": {"uv": [2.5, 2.5, 0, 0], "texture": "#1"},
				"down": {"uv": [2.5, 2.5, 0, 5], "texture": "#1"}
			}
		},
		{
			"from": [4, 0, 4],
			"to": [12, 1, 12],
			"faces": {
				"north": {"uv": [3, 5.25, 5, 5.5], "texture": "#1"},
				"east": {"uv": [3, 5.5, 5, 5.75], "texture": "#1"},
				"south": {"uv": [6.25, 6.25, 8.25, 6.5], "texture": "#1"},
				"west": {"uv": [3, 6.5, 5, 6.75], "texture": "#1"},
				"up": {"uv": [7, 2, 5, 0], "texture": "#1"},
				"down": {"uv": [7, 2, 5, 4], "texture": "#1"}
			}
		},
		{
			"from": [3, 8, 3],
			"to": [13, 8.5, 3.5],
			"faces": {
				"north": {"uv": [5.5, 4, 8, 4.25], "texture": "#1"},
				"east": {"uv": [7, 0.75, 7.25, 1], "texture": "#1"},
				"south": {"uv": [5.5, 4.25, 8, 4.5], "texture": "#1"},
				"west": {"uv": [7, 1, 7.25, 1.25], "texture": "#1"},
				"up": {"uv": [8, 4.75, 5.5, 4.5], "texture": "#1"},
				"down": {"uv": [8, 4.75, 5.5, 5], "texture": "#1"}
			}
		},
		{
			"from": [3, 8, 12.5],
			"to": [13, 8.5, 13],
			"faces": {
				"north": {"uv": [5.5, 5, 8, 5.25], "texture": "#1"},
				"east": {"uv": [7, 1.25, 7.25, 1.5], "texture": "#1"},
				"south": {"uv": [5.5, 5.25, 8, 5.5], "texture": "#1"},
				"west": {"uv": [1.5, 7, 1.75, 7.25], "texture": "#1"},
				"up": {"uv": [8, 5.75, 5.5, 5.5], "texture": "#1"},
				"down": {"uv": [5.5, 5.75, 3, 6], "texture": "#1"}
			}
		},
		{
			"from": [12.5, 8, 3.5],
			"to": [13, 8.5, 12.5],
			"rotation": {"angle": 0, "axis": "y", "origin": [8, 10.5, 3.75]},
			"faces": {
				"north": {"uv": [7, 1.5, 7.25, 1.75], "texture": "#1"},
				"east": {"uv": [5.5, 5.75, 7.75, 6], "texture": "#1"},
				"south": {"uv": [1.75, 7, 2, 7.25], "texture": "#1"},
				"west": {"uv": [3, 6, 5.25, 6.25], "texture": "#1"},
				"up": {"uv": [5.5, 8.25, 5.25, 6], "texture": "#1"},
				"down": {"uv": [5.75, 6, 5.5, 8.25], "texture": "#1"}
			}
		},
		{
			"from": [3, 8, 3.5],
			"to": [3.5, 8.5, 12.5],
			"rotation": {"angle": 0, "axis": "y", "origin": [8, 10.5, 3.75]},
			"faces": {
				"north": {"uv": [7, 1.75, 7.25, 2], "texture": "#1"},
				"east": {"uv": [5.75, 6, 8, 6.25], "texture": "#1"},
				"south": {"uv": [2, 7, 2.25, 7.25], "texture": "#1"},
				"west": {"uv": [3, 6.25, 5.25, 6.5], "texture": "#1"},
				"up": {"uv": [6, 8.5, 5.75, 6.25], "texture": "#1"},
				"down": {"uv": [6.25, 6.25, 6, 8.5], "texture": "#1"}
			}
		},
		{
			"from": [1, 1.25, 7],
			"to": [3, 2.25, 9],
			"faces": {
				"north": {"uv": [1.5, 6.75, 2, 7], "texture": "#1"},
				"east": {"uv": [2, 6.75, 2.5, 7], "texture": "#1"},
				"south": {"uv": [3, 6.75, 3.5, 7], "texture": "#1"},
				"west": {"uv": [3.5, 6.75, 4, 7], "texture": "#1"},
				"up": {"uv": [7, 7, 6.5, 6.5], "texture": "#1"},
				"down": {"uv": [0.5, 6.75, 0, 7.25], "texture": "#1"}
			}
		},
		{
			"from": [0, 1.25, 7],
			"to": [1, 8.25, 9],
			"faces": {
				"north": {"uv": [5, 6.5, 5.25, 8.25], "texture": "#1"},
				"east": {"uv": [5, 4, 5.5, 5.75], "texture": "#1"},
				"south": {"uv": [6.25, 6.5, 6.5, 8.25], "texture": "#1"},
				"west": {"uv": [2.5, 5.25, 3, 7], "texture": "#1"},
				"up": {"uv": [4.25, 7.25, 4, 6.75], "texture": "#1"},
				"down": {"uv": [4.5, 6.75, 4.25, 7.25], "texture": "#1"}
			}
		},
		{
			"from": [1, 7.25, 7],
			"to": [3, 8.25, 9],
			"faces": {
				"north": {"uv": [4.5, 6.75, 5, 7], "texture": "#1"},
				"east": {"uv": [7, 0, 7.5, 0.25], "texture": "#1"},
				"south": {"uv": [7, 0.25, 7.5, 0.5], "texture": "#1"},
				"west": {"uv": [7, 0.5, 7.5, 0.75], "texture": "#1"},
				"up": {"uv": [1, 7.25, 0.5, 6.75], "texture": "#1"},
				"down": {"uv": [1.5, 6.75, 1, 7.25], "texture": "#1"}
			}
		}
	],
	"display": {
		"thirdperson_righthand": {
			"rotation": [69, 90, 0],
			"translation": [0, 1.75, 0.5],
			"scale": [0.3, 0.3, 0.3]
		},
		"thirdperson_lefthand": {
			"rotation": [69, -90, 0],
			"translation": [0, 1.75, 0.5],
			"scale": [0.3, 0.3, 0.3]
		},
		"firstperson_righthand": {
			"rotation": [0, 90, 0],
			"translation": [0.5, 0.5, 0],
			"scale": [0.3, 0.3, 0.3]
		},
		"firstperson_lefthand": {
			"rotation": [0, -90, 0],
			"translation": [0.5, 0.5, 0],
			"scale": [0.3, 0.3, 0.3]
		},
		"ground": {
			"translation": [0, 6, 0],
			"scale": [0.3, 0.3, 0.3]
		},
		"gui": {
			"rotation": [45, -135, 0],
			"translation": [0, 1.5, 0],
			"scale": [0.6, 0.6, 0.6]
		},
		"fixed": {
			"rotation": [-90, 0, 0],
			"translation": [0, 0, -4],
			"scale": [0.5, 0.5, 0.5]
		}
	},
	"groups": [
		{
			"name": "Beagleblocks",
			"origin": [8, 8, 8],
			"color": 0,
			"children": [0, 1, 2, 3, 4, 5, 6, 7, 8]
		}
	]
}