{
	"credit": "Made with Blockbench",
	"textures": {
		"0": "custom/tea_roast",
		"particle": "custom/tea_roast"
	},
	"elements": [
		{
			"from": [3.25, 1.25, 6],
			"to": [6.25, 2.25, 7],
			"faces": {
				"north": {"uv": [0, 0, 3, 1], "texture": "#0"},
				"east": {"uv": [12, 7, 13, 8], "texture": "#0"},
				"south": {"uv": [0, 1, 3, 2], "texture": "#0"},
				"west": {"uv": [12, 8, 13, 9], "texture": "#0"},
				"up": {"uv": [3, 3, 0, 2], "texture": "#0"},
				"down": {"uv": [3, 3, 0, 4], "texture": "#0"}
			}
		},
		{
			"from": [3.25, 3.25, 6],
			"to": [6.25, 4.25, 7],
			"faces": {
				"north": {"uv": [3, 0, 6, 1], "texture": "#0"},
				"east": {"uv": [9, 12, 10, 13], "texture": "#0"},
				"south": {"uv": [3, 1, 6, 2], "texture": "#0"},
				"west": {"uv": [10, 12, 11, 13], "texture": "#0"},
				"up": {"uv": [6, 3, 3, 2], "texture": "#0"},
				"down": {"uv": [6, 3, 3, 4], "texture": "#0"}
			}
		},
		{
			"from": [5.25, 2.25, 6],
			"to": [6.25, 3.25, 7],
			"faces": {
				"north": {"uv": [11, 12, 12, 13], "texture": "#0"},
				"east": {"uv": [12, 12, 13, 13], "texture": "#0"},
				"south": {"uv": [0, 13, 1, 14], "texture": "#0"},
				"west": {"uv": [13, 0, 14, 1], "texture": "#0"},
				"up": {"uv": [2, 14, 1, 13], "texture": "#0"},
				"down": {"uv": [14, 1, 13, 2], "texture": "#0"}
			}
		},
		{
			"from": [3.25, 2.25, 6],
			"to": [4.25, 3.25, 7],
			"faces": {
				"north": {"uv": [2, 13, 3, 14], "texture": "#0"},
				"east": {"uv": [13, 2, 14, 3], "texture": "#0"},
				"south": {"uv": [3, 13, 4, 14], "texture": "#0"},
				"west": {"uv": [13, 3, 14, 4], "texture": "#0"},
				"up": {"uv": [5, 14, 4, 13], "texture": "#0"},
				"down": {"uv": [14, 4, 13, 5], "texture": "#0"}
			}
		},
		{
			"from": [8.5, 5, 6],
			"to": [11.5, 6, 7],
			"faces": {
				"north": {"uv": [0, 4, 3, 5], "texture": "#0"},
				"east": {"uv": [5, 13, 6, 14], "texture": "#0"},
				"south": {"uv": [3, 4, 6, 5], "texture": "#0"},
				"west": {"uv": [13, 5, 14, 6], "texture": "#0"},
				"up": {"uv": [3, 6, 0, 5], "texture": "#0"},
				"down": {"uv": [6, 5, 3, 6], "texture": "#0"}
			}
		},
		{
			"from": [8.5, 7, 6],
			"to": [11.5, 8, 7],
			"faces": {
				"north": {"uv": [0, 6, 3, 7], "texture": "#0"},
				"east": {"uv": [6, 13, 7, 14], "texture": "#0"},
				"south": {"uv": [6, 0, 9, 1], "texture": "#0"},
				"west": {"uv": [7, 13, 8, 14], "texture": "#0"},
				"up": {"uv": [9, 2, 6, 1], "texture": "#0"},
				"down": {"uv": [9, 2, 6, 3], "texture": "#0"}
			}
		},
		{
			"from": [10.5, 6, 6],
			"to": [11.5, 7, 7],
			"faces": {
				"north": {"uv": [13, 7, 14, 8], "texture": "#0"},
				"east": {"uv": [8, 13, 9, 14], "texture": "#0"},
				"south": {"uv": [13, 8, 14, 9], "texture": "#0"},
				"west": {"uv": [9, 13, 10, 14], "texture": "#0"},
				"up": {"uv": [11, 14, 10, 13], "texture": "#0"},
				"down": {"uv": [12, 13, 11, 14], "texture": "#0"}
			}
		},
		{
			"from": [8.5, 6, 6],
			"to": [9.5, 7, 7],
			"faces": {
				"north": {"uv": [12, 13, 13, 14], "texture": "#0"},
				"east": {"uv": [13, 12, 14, 13], "texture": "#0"},
				"south": {"uv": [13, 13, 14, 14], "texture": "#0"},
				"west": {"uv": [0, 14, 1, 15], "texture": "#0"},
				"up": {"uv": [15, 1, 14, 0], "texture": "#0"},
				"down": {"uv": [2, 14, 1, 15], "texture": "#0"}
			}
		},
		{
			"from": [7.3, 1.7, 6.2],
			"to": [7.8, 4.7, 6.7],
			"rotation": {"angle": 22.5, "axis": "z", "origin": [7.5, 2.5, 6.5]},
			"faces": {
				"north": {"uv": [3, 6, 4, 9], "texture": "#0"},
				"east": {"uv": [6, 3, 7, 6], "texture": "#0"},
				"south": {"uv": [4, 6, 5, 9], "texture": "#0"},
				"west": {"uv": [5, 6, 6, 9], "texture": "#0"},
				"up": {"uv": [15, 2, 14, 1], "texture": "#0"},
				"down": {"uv": [3, 14, 2, 15], "texture": "#0"}
			}
		},
		{
			"from": [7.02832, 1.66585, 6.7],
			"to": [7.52832, 4.66585, 7.2],
			"rotation": {"angle": -22.5, "axis": "z", "origin": [7.27832, 3.16585, 6.95]},
			"faces": {
				"north": {"uv": [3, 6, 4, 9], "texture": "#0"},
				"east": {"uv": [6, 3, 7, 6], "texture": "#0"},
				"south": {"uv": [4, 6, 5, 9], "texture": "#0"},
				"west": {"uv": [5, 6, 6, 9], "texture": "#0"},
				"up": {"uv": [15, 2, 14, 1], "texture": "#0"},
				"down": {"uv": [3, 14, 2, 15], "texture": "#0"}
			}
		},
		{
			"from": [11.69432, 3.24631, 6.2],
			"to": [12.19432, 6.24631, 6.7],
			"rotation": {"angle": 0, "axis": "z", "origin": [12.94432, 5.29631, 6.5]},
			"faces": {
				"north": {"uv": [6, 6, 7, 9], "texture": "#0"},
				"east": {"uv": [0, 7, 1, 10], "texture": "#0"},
				"south": {"uv": [1, 7, 2, 10], "texture": "#0"},
				"west": {"uv": [2, 7, 3, 10], "texture": "#0"},
				"up": {"uv": [15, 3, 14, 2], "texture": "#0"},
				"down": {"uv": [4, 14, 3, 15], "texture": "#0"}
			}
		},
		{
			"from": [2.84432, 4.04631, 6.2],
			"to": [3.34432, 7.04631, 6.7],
			"rotation": {"angle": -22.5, "axis": "z", "origin": [2.69432, 5.04631, 6.45]},
			"faces": {
				"north": {"uv": [7, 3, 8, 6], "texture": "#0"},
				"east": {"uv": [7, 6, 8, 9], "texture": "#0"},
				"south": {"uv": [8, 3, 9, 6], "texture": "#0"},
				"west": {"uv": [8, 6, 9, 9], "texture": "#0"},
				"up": {"uv": [15, 4, 14, 3], "texture": "#0"},
				"down": {"uv": [5, 14, 4, 15], "texture": "#0"}
			}
		},
		{
			"from": [6.35, 5.95, 6.2],
			"to": [6.85, 8.95, 6.7],
			"rotation": {"angle": 22.5, "axis": "z", "origin": [7.5, 2.5, 6.5]},
			"faces": {
				"north": {"uv": [9, 0, 10, 3], "texture": "#0"},
				"east": {"uv": [3, 9, 4, 12], "texture": "#0"},
				"south": {"uv": [9, 3, 10, 6], "texture": "#0"},
				"west": {"uv": [4, 9, 5, 12], "texture": "#0"},
				"up": {"uv": [15, 5, 14, 4], "texture": "#0"},
				"down": {"uv": [6, 14, 5, 15], "texture": "#0"}
			}
		},
		{
			"from": [3.27423, 6.47879, 5.7],
			"to": [6.27423, 6.97879, 6.2],
			"rotation": {"angle": 22.5, "axis": "z", "origin": [4.77423, 6.72879, 5.95]},
			"faces": {
				"north": {"uv": [9, 0, 10, 3], "rotation": 270, "texture": "#0"},
				"east": {"uv": [15, 5, 14, 4], "rotation": 90, "texture": "#0"},
				"south": {"uv": [9, 3, 10, 6], "rotation": 90, "texture": "#0"},
				"west": {"uv": [6, 14, 5, 15], "rotation": 90, "texture": "#0"},
				"up": {"uv": [4, 9, 5, 12], "rotation": 90, "texture": "#0"},
				"down": {"uv": [3, 9, 4, 12], "rotation": 90, "texture": "#0"}
			}
		},
		{
			"from": [5.01046, 6.25208, 6.2],
			"to": [8.01046, 6.75208, 6.7],
			"rotation": {"angle": 22.5, "axis": "z", "origin": [6.51046, 7.50208, 6.5]},
			"faces": {
				"north": {"uv": [5, 9, 8, 10], "texture": "#0"},
				"east": {"uv": [14, 5, 15, 6], "texture": "#0"},
				"south": {"uv": [9, 6, 12, 7], "texture": "#0"},
				"west": {"uv": [6, 14, 7, 15], "texture": "#0"},
				"up": {"uv": [12, 8, 9, 7], "texture": "#0"},
				"down": {"uv": [11, 9, 8, 10], "texture": "#0"}
			}
		},
		{
			"from": [6.64315, 5.0782, 5.7],
			"to": [7.14315, 8.0782, 6.2],
			"rotation": {"angle": -22.5, "axis": "z", "origin": [6.89315, 6.5782, 5.95]},
			"faces": {
				"north": {"uv": [5, 9, 8, 10], "rotation": 90, "texture": "#0"},
				"east": {"uv": [11, 9, 8, 10], "rotation": 270, "texture": "#0"},
				"south": {"uv": [9, 6, 12, 7], "rotation": 270, "texture": "#0"},
				"west": {"uv": [12, 8, 9, 7], "rotation": 270, "texture": "#0"},
				"up": {"uv": [14, 5, 15, 6], "rotation": 270, "texture": "#0"},
				"down": {"uv": [6, 14, 7, 15], "rotation": 270, "texture": "#0"}
			}
		},
		{
			"from": [5.45599, 8.23961, 6.2],
			"to": [8.45599, 8.73961, 6.7],
			"rotation": {"angle": 0, "axis": "z", "origin": [6.95599, 9.03961, 6.5]},
			"faces": {
				"north": {"uv": [9, 8, 12, 9], "texture": "#0"},
				"east": {"uv": [7, 14, 8, 15], "texture": "#0"},
				"south": {"uv": [0, 10, 3, 11], "texture": "#0"},
				"west": {"uv": [14, 7, 15, 8], "texture": "#0"},
				"up": {"uv": [13, 1, 10, 0], "texture": "#0"},
				"down": {"uv": [13, 1, 10, 2], "texture": "#0"}
			}
		},
		{
			"from": [6.95599, 1.23961, 6.2],
			"to": [9.95599, 1.73961, 6.7],
			"rotation": {"angle": 22.5, "axis": "z", "origin": [8.45599, 0.88961, 6.45]},
			"faces": {
				"north": {"uv": [10, 2, 13, 3], "texture": "#0"},
				"east": {"uv": [8, 14, 9, 15], "texture": "#0"},
				"south": {"uv": [10, 3, 13, 4], "texture": "#0"},
				"west": {"uv": [14, 8, 15, 9], "texture": "#0"},
				"up": {"uv": [13, 5, 10, 4], "texture": "#0"},
				"down": {"uv": [8, 10, 5, 11], "texture": "#0"}
			}
		},
		{
			"from": [4.41046, 5.00208, 6.2],
			"to": [7.41046, 5.50208, 6.7],
			"rotation": {"angle": 22.5, "axis": "z", "origin": [6.51046, 7.50208, 6.5]},
			"faces": {
				"north": {"uv": [10, 5, 13, 6], "texture": "#0"},
				"east": {"uv": [9, 14, 10, 15], "texture": "#0"},
				"south": {"uv": [8, 10, 11, 11], "texture": "#0"},
				"west": {"uv": [14, 9, 15, 10], "texture": "#0"},
				"up": {"uv": [3, 12, 0, 11], "texture": "#0"},
				"down": {"uv": [8, 11, 5, 12], "texture": "#0"}
			}
		},
		{
			"from": [6.36046, 2.90208, 6.2],
			"to": [9.36046, 3.40208, 6.7],
			"rotation": {"angle": 22.5, "axis": "z", "origin": [6.51046, 7.50208, 6.5]},
			"faces": {
				"north": {"uv": [8, 11, 11, 12], "texture": "#0"},
				"east": {"uv": [10, 14, 11, 15], "texture": "#0"},
				"south": {"uv": [11, 9, 14, 10], "texture": "#0"},
				"west": {"uv": [14, 10, 15, 11], "texture": "#0"},
				"up": {"uv": [14, 11, 11, 10], "texture": "#0"},
				"down": {"uv": [14, 11, 11, 12], "texture": "#0"}
			}
		},
		{
			"from": [7.92237, 3.74983, 5.7],
			"to": [10.92237, 4.24983, 6.2],
			"rotation": {"angle": -22.5, "axis": "z", "origin": [9.42237, 3.99983, 5.95]},
			"faces": {
				"north": {"uv": [8, 11, 11, 12], "texture": "#0"},
				"east": {"uv": [10, 14, 11, 15], "texture": "#0"},
				"south": {"uv": [11, 9, 14, 10], "texture": "#0"},
				"west": {"uv": [14, 10, 15, 11], "texture": "#0"},
				"up": {"uv": [14, 11, 11, 10], "texture": "#0"},
				"down": {"uv": [14, 11, 11, 12], "texture": "#0"}
			}
		},
		{
			"from": [8.38701, 2.70029, 6.2],
			"to": [11.38701, 3.20029, 6.7],
			"rotation": {"angle": 0, "axis": "z", "origin": [11.03701, 1.80029, 6.5]},
			"faces": {
				"north": {"uv": [0, 12, 3, 13], "texture": "#0"},
				"east": {"uv": [11, 14, 12, 15], "texture": "#0"},
				"south": {"uv": [3, 12, 6, 13], "texture": "#0"},
				"west": {"uv": [14, 11, 15, 12], "texture": "#0"},
				"up": {"uv": [9, 13, 6, 12], "texture": "#0"},
				"down": {"uv": [15, 6, 12, 7], "texture": "#0"}
			}
		}
	],
	"display": {
		"thirdperson_righthand": {
			"translation": [0, 3, 1.25],
			"scale": [0.4, 0.4, 0.4]
		},
		"thirdperson_lefthand": {
			"translation": [0, 3, 1.25],
			"scale": [0.4, 0.4, 0.4]
		},
		"firstperson_righthand": {
			"rotation": [0, -75, 35],
			"translation": [-2.5, 5.75, 3.5],
			"scale": [0.5, 0.5, 0.5]
		},
		"firstperson_lefthand": {
			"rotation": [0, -75, 35],
			"translation": [-2.5, 5.75, 3.5],
			"scale": [0.5, 0.5, 0.5]
		},
		"ground": {
			"translation": [0, 6, 0],
			"scale": [0.5, 0.5, 0.5]
		},
		"gui": {
			"rotation": [-45, 0, -45],
			"translation": [2.5, 2, 0]
		},
		"fixed": {
			"translation": [0, 3, 2.25]
		}
	},
	"groups": [
		{
			"name": "beagle_blocks",
			"origin": [8, 8, 8],
			"color": 0,
			"children": [
				{
					"name": "group",
					"origin": [8, 8, 8],
					"color": 0,
					"children": [0, 1, 2, 3]
				},
				{
					"name": "group",
					"origin": [8, 8, 8],
					"color": 0,
					"children": [4, 5, 6, 7]
				},
				{
					"name": "group",
					"origin": [8, 8, 8],
					"color": 0,
					"children": [8, 9, 10, 11, 12, 13, 14, 15, 16, 17, 18, 19, 20, 21]
				}
			]
		}
	]
}