{
	"credit": "Made with Blockbench",
	"texture_size": [8, 8],
	"textures": {
		"2": "custom/lock_leg",
		"4": "custom/treasure_box_leg",
		"particle": "custom/normal"
	},
	"elements": [
		{
			"name": "box",
			"from": [-8, -2, -6],
			"to": [24, 8, 21],
			"faces": {
				"north": {"uv": [8, 0, 16, 2.5], "texture": "#4"},
				"east": {"uv": [8, 5, 14.75, 7.5], "texture": "#4"},
				"south": {"uv": [8, 2.5, 16, 5], "texture": "#4"},
				"west": {"uv": [8, 7.5, 14.75, 10], "texture": "#4"},
				"up": {"uv": [8, 6.75, 0, 0], "texture": "#4"},
				"down": {"uv": [8, 6.75, 0, 13.5], "texture": "#4"}
			}
		},
		{
			"from": [7, 2, -7],
			"to": [9, 5, -6],
			"rotation": {"angle": 0, "axis": "y", "origin": [8, 3.5, -6.5]},
			"faces": {
				"north": {"uv": [4, 0, 8, 6], "texture": "#2"},
				"east": {"uv": [2, 6, 4, 12], "texture": "#2"},
				"south": {"uv": [0, 0, 4, 6], "texture": "#2"},
				"west": {"uv": [0, 6, 2, 12], "texture": "#2"},
				"up": {"uv": [8, 8, 4, 6], "rotation": 180, "texture": "#2"},
				"down": {"uv": [12, 0, 8, 2], "rotation": 180, "texture": "#2"}
			}
		}
	],
	"gui_light": "front",
	"display": {
		"thirdperson_righthand": {
			"rotation": [90, 0, 0],
			"translation": [0, 2.5, 2],
			"scale": [0.2, 0.2, 0.2]
		},
		"thirdperson_lefthand": {
			"rotation": [90, 0, 0],
			"translation": [0, 2.5, 2],
			"scale": [0.2, 0.2, 0.2]
		},
		"firstperson_righthand": {
			"rotation": [42, 61.08, -2.7],
			"translation": [1.25, 3.25, 2],
			"scale": [0.2, 0.2, 0.2]
		},
		"firstperson_lefthand": {
			"rotation": [42, 61.08, -2.7],
			"translation": [1.25, 3.25, 2],
			"scale": [0.2, 0.2, 0.2]
		},
		"ground": {
			"rotation": [90, 90, -90],
			"translation": [0, 4, 0],
			"scale": [0.2, 0.2, 0.2]
		},
		"gui": {
			"rotation": [-144.42, -48.51, 178.22],
			"translation": [-0.25, 0.5, -2],
			"scale": [0.3, 0.3, 0.3]
		},
		"head": {
			"translation": [-18.5, -23, -17.5],
			"scale": [1.2, 1, 1.23]
		},
		"fixed": {
			"rotation": [-90, 45, 0],
			"translation": [0.5, 0.5, -2],
			"scale": [0.3, 0.3, 0.3]
		}
	},
	"groups": [
		{
			"name": "treasure_box",
			"origin": [8, 8, 8],
			"color": 0,
			"children": [0, 1]
		}
	]
}