{
  "parent": "simplenergy:block/servo/base_block",
  "display": {
    "thirdperson_righthand": {
      "translation": [
        0,
        4,
        0
      ],
      "scale": [
        0.5,
        0.5,
        0.5
      ]
    },
    "thirdperson_lefthand": {
      "translation": [
        0,
        4,
        0
      ],
      "scale": [
        0.5,
        0.5,
        0.5
      ]
    },
    "firstperson_righthand": {
      "translation": [
        3,
        7.5,
        0
      ]
    },
    "firstperson_lefthand": {
      "translation": [
        1,
        7.5,
        0
      ]
    },
    "ground": {
      "translation": [
        0,
        3,
        0
      ],
      "scale": [
        0.5,
        0.5,
        0.5
      ]
    },
    "gui": {
      "rotation": [
        30,
        45,
        0
      ],
      "translation": [
        0,
        5,
        0
      ]
    }
  }
}
