{
  "parent": "simplenergy:block/cable_base",
  "textures": {
    "0": "simplenergy:block/elite_cable",
    "particle": "simplenergy:block/elite_cable"
  },
  "elements": [
    {
      "from": [
        4,
        4,
        4
      ],
      "to": [
        12,
        12,
        12
      ],
      "faces": {
        "north": {
          "uv": [
            12,
            12,
            16,
            16
          ],
          "texture": "#0"
        },
        "east": {
          "uv": [
            12,
            12,
            16,
            16
          ],
          "texture": "#0"
        },
        "south": {
          "uv": [
            12,
            12,
            16,
            16
          ],
          "texture": "#0"
        },
        "west": {
          "uv": [
            12,
            12,
            16,
            16
          ],
          "texture": "#0"
        },
        "up": {
          "uv": [
            12,
            12,
            16,
            16
          ],
          "texture": "#0"
        },
        "down": {
          "uv": [
            12,
            12,
            16,
            16
          ],
          "texture": "#0"
        }
      }
    }
  ]
}
