{
  "providers": [
    {
      "type": "bitmap",
      "file": "simplenergy:font/category/material.png",
      "ascent": 1,
      "height": 131,
      "chars": [
        "\u1023"
      ]
    },
    {
      "type": "bitmap",
      "file": "simplenergy:font/high_res/simplunium_block.png",
      "ascent": 7,
      "height": 16,
      "chars": [
        "\u8021"
      ]
    },
    {
      "type": "bitmap",
      "file": "simplenergy:font/high_res/simplunium_ore.png",
      "ascent": 7,
      "height": 16,
      "chars": [
        "\u8023"
      ]
    },
    {
      "type": "bitmap",
      "file": "simplenergy:font/high_res/deepslate_simplunium_ore.png",
      "ascent": 7,
      "height": 16,
      "chars": [
        "\u8025"
      ]
    },
    {
      "type": "bitmap",
      "file": "simplenergy:font/high_res/raw_simplunium_block.png",
      "ascent": 7,
      "height": 16,
      "chars": [
        "\u8027"
      ]
    },
    {
      "type": "bitmap",
      "file": "simplenergy:font/high_res/simplunium_ingot.png",
      "ascent": 7,
      "height": 16,
      "chars": [
        "\u8029"
      ]
    },
    {
      "type": "bitmap",
      "file": "simplenergy:font/high_res/simplunium_nugget.png",
      "ascent": 7,
      "height": 16,
      "chars": [
        "\u802b"
      ]
    },
    {
      "type": "bitmap",
      "file": "simplenergy:font/high_res/raw_simplunium.png",
      "ascent": 7,
      "height": 16,
      "chars": [
        "\u802d"
      ]
    },
    {
      "type": "bitmap",
      "file": "simplenergy:font/high_res/simplunium_dust.png",
      "ascent": 7,
      "height": 16,
      "chars": [
        "\u802f"
      ]
    },
    {
      "type": "bitmap",
      "file": "simplenergy:font/high_res/copper_dust.png",
      "ascent": 7,
      "height": 16,
      "chars": [
        "\u8031"
      ]
    },
    {
      "type": "bitmap",
      "file": "simplenergy:font/high_res/iron_dust.png",
      "ascent": 7,
      "height": 16,
      "chars": [
        "\u8033"
      ]
    },
    {
      "type": "bitmap",
      "file": "simplenergy:font/high_res/gold_dust.png",
      "ascent": 7,
      "height": 16,
      "chars": [
        "\u8035"
      ]
    },
    {
      "type": "bitmap",
      "file": "simplenergy:font/high_res/lapis_dust.png",
      "ascent": 7,
      "height": 16,
      "chars": [
        "\u8037"
      ]
    },
    {
      "type": "bitmap",
      "file": "simplenergy:font/high_res/diamond_dust.png",
      "ascent": 7,
      "height": 16,
      "chars": [
        "\u8039"
      ]
    },
    {
      "type": "bitmap",
      "file": "simplenergy:font/high_res/emerald_dust.png",
      "ascent": 7,
      "height": 16,
      "chars": [
        "\u803b"
      ]
    },
    {
      "type": "bitmap",
      "file": "simplenergy:font/high_res/quartz_dust.png",
      "ascent": 7,
      "height": 16,
      "chars": [
        "\u803d"
      ]
    },
    {
      "type": "bitmap",
      "file": "simplenergy:font/high_res/netherite_dust.png",
      "ascent": 7,
      "height": 16,
      "chars": [
        "\u803f"
      ]
    },
    {
      "type": "bitmap",
      "file": "simplenergy:font/high_res/tin_dust.png",
      "ascent": 7,
      "height": 16,
      "chars": [
        "\u8041"
      ]
    },
    {
      "type": "bitmap",
      "file": "simplenergy:font/high_res/titanium_dust.png",
      "ascent": 7,
      "height": 16,
      "chars": [
        "\u8043"
      ]
    },
    {
      "type": "bitmap",
      "file": "simplenergy:font/category/equipment.png",
      "ascent": 1,
      "height": 131,
      "chars": [
        "\u1024"
      ]
    },
    {
      "type": "bitmap",
      "file": "simplenergy:font/high_res/simplunium_helmet.png",
      "ascent": 7,
      "height": 16,
      "chars": [
        "\u8045"
      ]
    },
    {
      "type": "bitmap",
      "file": "simplenergy:font/high_res/simplunium_chestplate.png",
      "ascent": 7,
      "height": 16,
      "chars": [
        "\u8047"
      ]
    },
    {
      "type": "bitmap",
      "file": "simplenergy:font/high_res/simplunium_leggings.png",
      "ascent": 7,
      "height": 16,
      "chars": [
        "\u8049"
      ]
    },
    {
      "type": "bitmap",
      "file": "simplenergy:font/high_res/simplunium_boots.png",
      "ascent": 7,
      "height": 16,
      "chars": [
        "\u804b"
      ]
    },
    {
      "type": "bitmap",
      "file": "simplenergy:font/high_res/simplunium_sword.png",
      "ascent": 7,
      "height": 16,
      "chars": [
        "\u804d"
      ]
    },
    {
      "type": "bitmap",
      "file": "simplenergy:font/high_res/simplunium_pickaxe.png",
      "ascent": 7,
      "height": 16,
      "chars": [
        "\u804f"
      ]
    },
    {
      "type": "bitmap",
      "file": "simplenergy:font/high_res/simplunium_axe.png",
      "ascent": 7,
      "height": 16,
      "chars": [
        "\u8051"
      ]
    },
    {
      "type": "bitmap",
      "file": "simplenergy:font/high_res/simplunium_shovel.png",
      "ascent": 7,
      "height": 16,
      "chars": [
        "\u8053"
      ]
    },
    {
      "type": "bitmap",
      "file": "simplenergy:font/high_res/simplunium_hoe.png",
      "ascent": 7,
      "height": 16,
      "chars": [
        "\u8055"
      ]
    },
    {
      "type": "bitmap",
      "file": "simplenergy:font/category/miscellaneous.png",
      "ascent": 1,
      "height": 131,
      "chars": [
        "\u1025"
      ]
    },
    {
      "type": "bitmap",
      "file": "simplenergy:font/high_res/multimeter.png",
      "ascent": 7,
      "height": 16,
      "chars": [
        "\u8057"
      ]
    },
    {
      "type": "bitmap",
      "file": "simplenergy:font/high_res/wrench.png",
      "ascent": 7,
      "height": 16,
      "chars": [
        "\u8059"
      ]
    },
    {
      "type": "bitmap",
      "file": "simplenergy:font/high_res/slot_unlocker.png",
      "ascent": 7,
      "height": 16,
      "chars": [
        "\u805b"
      ]
    },
    {
      "type": "bitmap",
      "file": "simplenergy:font/high_res/battery_switcher.png",
      "ascent": 7,
      "height": 16,
      "chars": [
        "\u805d"
      ]
    },
    {
      "type": "bitmap",
      "file": "simplenergy:font/high_res/manual.png",
      "ascent": 7,
      "height": 16,
      "chars": [
        "\u805f"
      ]
    },
    {
      "type": "bitmap",
      "file": "simplenergy:font/category/energy.png",
      "ascent": 1,
      "height": 131,
      "chars": [
        "\u1026"
      ]
    },
    {
      "type": "bitmap",
      "file": "simplenergy:font/high_res/machine_block.png",
      "ascent": 7,
      "height": 16,
      "chars": [
        "\u8061"
      ]
    },
    {
      "type": "bitmap",
      "file": "simplenergy:font/high_res/simple_battery.png",
      "ascent": 7,
      "height": 16,
      "chars": [
        "\u8063"
      ]
    },
    {
      "type": "bitmap",
      "file": "simplenergy:font/high_res/advanced_battery.png",
      "ascent": 7,
      "height": 16,
      "chars": [
        "\u8065"
      ]
    },
    {
      "type": "bitmap",
      "file": "simplenergy:font/high_res/elite_battery.png",
      "ascent": 7,
      "height": 16,
      "chars": [
        "\u8067"
      ]
    },
    {
      "type": "bitmap",
      "file": "simplenergy:font/high_res/cauldron_generator.png",
      "ascent": 7,
      "height": 16,
      "chars": [
        "\u8069"
      ]
    },
    {
      "type": "bitmap",
      "file": "simplenergy:font/high_res/furnace_generator.png",
      "ascent": 7,
      "height": 16,
      "chars": [
        "\u806b"
      ]
    },
    {
      "type": "bitmap",
      "file": "simplenergy:font/high_res/redstone_generator.png",
      "ascent": 7,
      "height": 16,
      "chars": [
        "\u806d"
      ]
    },
    {
      "type": "bitmap",
      "file": "simplenergy:font/high_res/heat_generator.png",
      "ascent": 7,
      "height": 16,
      "chars": [
        "\u806f"
      ]
    },
    {
      "type": "bitmap",
      "file": "simplenergy:font/high_res/wind_turbine.png",
      "ascent": 7,
      "height": 16,
      "chars": [
        "\u8071"
      ]
    },
    {
      "type": "bitmap",
      "file": "simplenergy:font/high_res/solar_panel.png",
      "ascent": 7,
      "height": 16,
      "chars": [
        "\u8073"
      ]
    },
    {
      "type": "bitmap",
      "file": "simplenergy:font/high_res/electric_furnace.png",
      "ascent": 7,
      "height": 16,
      "chars": [
        "\u8075"
      ]
    },
    {
      "type": "bitmap",
      "file": "simplenergy:font/high_res/electric_smelter.png",
      "ascent": 7,
      "height": 16,
      "chars": [
        "\u8077"
      ]
    },
    {
      "type": "bitmap",
      "file": "simplenergy:font/high_res/electric_brewing_stand.png",
      "ascent": 7,
      "height": 16,
      "chars": [
        "\u8079"
      ]
    },
    {
      "type": "bitmap",
      "file": "simplenergy:font/high_res/pulverizer.png",
      "ascent": 7,
      "height": 16,
      "chars": [
        "\u807b"
      ]
    },
    {
      "type": "bitmap",
      "file": "simplenergy:font/high_res/elevator.png",
      "ascent": 7,
      "height": 16,
      "chars": [
        "\u807d"
      ]
    },
    {
      "type": "bitmap",
      "file": "simplenergy:font/high_res/simple_cable.png",
      "ascent": 7,
      "height": 16,
      "chars": [
        "\u807f"
      ]
    },
    {
      "type": "bitmap",
      "file": "simplenergy:font/high_res/advanced_cable.png",
      "ascent": 7,
      "height": 16,
      "chars": [
        "\u8081"
      ]
    },
    {
      "type": "bitmap",
      "file": "simplenergy:font/high_res/elite_cable.png",
      "ascent": 7,
      "height": 16,
      "chars": [
        "\u8083"
      ]
    },
    {
      "type": "bitmap",
      "file": "simplenergy:font/high_res/basic_item_cable.png",
      "ascent": 7,
      "height": 16,
      "chars": [
        "\u8085"
      ]
    },
    {
      "type": "bitmap",
      "file": "simplenergy:font/high_res/servo_extractor.png",
      "ascent": 7,
      "height": 16,
      "chars": [
        "\u8087"
      ]
    },
    {
      "type": "bitmap",
      "file": "simplenergy:font/high_res/servo_inserter.png",
      "ascent": 7,
      "height": 16,
      "chars": [
        "\u8089"
      ]
    },
    {
      "type": "bitmap",
      "file": "simplenergy:font/high_res/simplunium_ingot_9.png",
      "ascent": 7,
      "height": 16,
      "chars": [
        "\u808f"
      ]
    },
    {
      "type": "bitmap",
      "file": "simplenergy:font/wiki_icons/simplenergy_simplunium_ingot.png",
      "ascent": 8,
      "height": 16,
      "chars": [
        "\u8091"
      ]
    },
    {
      "type": "bitmap",
      "file": "simplenergy:font/high_res/redstone_block.png",
      "ascent": 7,
      "height": 16,
      "chars": [
        "\u8093"
      ]
    },
    {
      "type": "bitmap",
      "file": "simplenergy:font/wiki_icons/simplenergy_elite_battery.png",
      "ascent": 8,
      "height": 16,
      "chars": [
        "\u8096"
      ]
    },
    {
      "type": "bitmap",
      "file": "simplenergy:font/wiki_icons/simplenergy_redstone_generator.png",
      "ascent": 8,
      "height": 16,
      "chars": [
        "\u809b"
      ]
    },
    {
      "type": "bitmap",
      "file": "simplenergy:font/wiki_icons/simplenergy_electric_smelter.png",
      "ascent": 8,
      "height": 16,
      "chars": [
        "\u80a0"
      ]
    },
    {
      "type": "bitmap",
      "file": "simplenergy:font/high_res/raw_simplunium_1_2.png",
      "ascent": 7,
      "height": 16,
      "chars": [
        "\u80a1"
      ]
    },
    {
      "type": "bitmap",
      "file": "simplenergy:font/wiki_icons/simplenergy_raw_simplunium.png",
      "ascent": 8,
      "height": 16,
      "chars": [
        "\u80a5"
      ]
    },
    {
      "type": "bitmap",
      "file": "simplenergy:font/wiki_icons/simplenergy_simplunium_ingot.png",
      "ascent": 8,
      "height": 16,
      "chars": [
        "\u80a8"
      ]
    },
    {
      "type": "bitmap",
      "file": "simplenergy:font/high_res/simplunium_dust_2.png",
      "ascent": 7,
      "height": 16,
      "chars": [
        "\u80a9"
      ]
    },
    {
      "type": "bitmap",
      "file": "simplenergy:font/wiki_icons/simplenergy_simplunium_dust.png",
      "ascent": 8,
      "height": 16,
      "chars": [
        "\u80ab"
      ]
    },
    {
      "type": "bitmap",
      "file": "simplenergy:font/wiki_icons/simplenergy_raw_simplunium.png",
      "ascent": 8,
      "height": 16,
      "chars": [
        "\u80b0"
      ]
    },
    {
      "type": "bitmap",
      "file": "simplenergy:font/wiki_icons/simplenergy_simplunium_ingot.png",
      "ascent": 8,
      "height": 16,
      "chars": [
        "\u80b3"
      ]
    },
    {
      "type": "bitmap",
      "file": "simplenergy:font/wiki_icons/simplenergy_simplunium_dust.png",
      "ascent": 8,
      "height": 16,
      "chars": [
        "\u80b6"
      ]
    },
    {
      "type": "bitmap",
      "file": "simplenergy:font/wiki_icons/simplenergy_simplunium_block.png",
      "ascent": 8,
      "height": 16,
      "chars": [
        "\u80cb"
      ]
    },
    {
      "type": "bitmap",
      "file": "simplenergy:font/wiki_icons/simplenergy_simplunium_helmet.png",
      "ascent": 8,
      "height": 16,
      "chars": [
        "\u80ce"
      ]
    },
    {
      "type": "bitmap",
      "file": "simplenergy:font/wiki_icons/simplenergy_simplunium_chestplate.png",
      "ascent": 8,
      "height": 16,
      "chars": [
        "\u80d1"
      ]
    },
    {
      "type": "bitmap",
      "file": "simplenergy:font/wiki_icons/simplenergy_simplunium_leggings.png",
      "ascent": 8,
      "height": 16,
      "chars": [
        "\u80d4"
      ]
    },
    {
      "type": "bitmap",
      "file": "simplenergy:font/wiki_icons/simplenergy_simplunium_boots.png",
      "ascent": 8,
      "height": 16,
      "chars": [
        "\u80d7"
      ]
    },
    {
      "type": "bitmap",
      "file": "simplenergy:font/high_res/stick.png",
      "ascent": 7,
      "height": 16,
      "chars": [
        "\u80da"
      ]
    },
    {
      "type": "bitmap",
      "file": "simplenergy:font/wiki_icons/simplenergy_simplunium_sword.png",
      "ascent": 8,
      "height": 16,
      "chars": [
        "\u80db"
      ]
    },
    {
      "type": "bitmap",
      "file": "simplenergy:font/wiki_icons/simplenergy_simplunium_pickaxe.png",
      "ascent": 8,
      "height": 16,
      "chars": [
        "\u80df"
      ]
    },
    {
      "type": "bitmap",
      "file": "simplenergy:font/wiki_icons/simplenergy_simplunium_axe.png",
      "ascent": 8,
      "height": 16,
      "chars": [
        "\u80e3"
      ]
    },
    {
      "type": "bitmap",
      "file": "simplenergy:font/wiki_icons/simplenergy_simplunium_shovel.png",
      "ascent": 8,
      "height": 16,
      "chars": [
        "\u80e7"
      ]
    },
    {
      "type": "bitmap",
      "file": "simplenergy:font/wiki_icons/simplenergy_simplunium_hoe.png",
      "ascent": 8,
      "height": 16,
      "chars": [
        "\u80eb"
      ]
    },
    {
      "type": "bitmap",
      "file": "simplenergy:font/high_res/simplunium_nugget_9.png",
      "ascent": 7,
      "height": 16,
      "chars": [
        "\u80ec"
      ]
    },
    {
      "type": "bitmap",
      "file": "simplenergy:font/wiki_icons/simplenergy_simplunium_nugget.png",
      "ascent": 8,
      "height": 16,
      "chars": [
        "\u80ee"
      ]
    },
    {
      "type": "bitmap",
      "file": "simplenergy:font/wiki_icons/simplenergy_simplunium_dust.png",
      "ascent": 8,
      "height": 16,
      "chars": [
        "\u80f1"
      ]
    },
    {
      "type": "bitmap",
      "file": "simplenergy:font/wiki_icons/simplenergy_wrench.png",
      "ascent": 8,
      "height": 16,
      "chars": [
        "\u80f4"
      ]
    },
    {
      "type": "bitmap",
      "file": "simplenergy:font/high_res/redstone.png",
      "ascent": 7,
      "height": 16,
      "chars": [
        "\u80f6"
      ]
    },
    {
      "type": "bitmap",
      "file": "simplenergy:font/high_res/stone_button.png",
      "ascent": 7,
      "height": 16,
      "chars": [
        "\u80f8"
      ]
    },
    {
      "type": "bitmap",
      "file": "simplenergy:font/wiki_icons/simplenergy_battery_switcher.png",
      "ascent": 8,
      "height": 16,
      "chars": [
        "\u80f9"
      ]
    },
    {
      "type": "bitmap",
      "file": "simplenergy:font/wiki_icons/simplenergy_electric_smelter.png",
      "ascent": 8,
      "height": 16,
      "chars": [
        "\u80fe"
      ]
    },
    {
      "type": "bitmap",
      "file": "simplenergy:font/high_res/brewing_stand.png",
      "ascent": 7,
      "height": 16,
      "chars": [
        "\u8101"
      ]
    },
    {
      "type": "bitmap",
      "file": "simplenergy:font/high_res/lapis_block.png",
      "ascent": 7,
      "height": 16,
      "chars": [
        "\u8102"
      ]
    },
    {
      "type": "bitmap",
      "file": "simplenergy:font/wiki_icons/simplenergy_electric_brewing_stand.png",
      "ascent": 8,
      "height": 16,
      "chars": [
        "\u8103"
      ]
    },
    {
      "type": "bitmap",
      "file": "simplenergy:font/high_res/diamond.png",
      "ascent": 7,
      "height": 16,
      "chars": [
        "\u8105"
      ]
    },
    {
      "type": "bitmap",
      "file": "simplenergy:font/high_res/iron_block.png",
      "ascent": 7,
      "height": 16,
      "chars": [
        "\u8108"
      ]
    },
    {
      "type": "bitmap",
      "file": "simplenergy:font/wiki_icons/simplenergy_pulverizer.png",
      "ascent": 8,
      "height": 16,
      "chars": [
        "\u8109"
      ]
    },
    {
      "type": "bitmap",
      "file": "simplenergy:font/high_res/basic_item_cable_8.png",
      "ascent": 7,
      "height": 16,
      "chars": [
        "\u810a"
      ]
    },
    {
      "type": "bitmap",
      "file": "simplenergy:font/high_res/glass.png",
      "ascent": 7,
      "height": 16,
      "chars": [
        "\u810c"
      ]
    },
    {
      "type": "bitmap",
      "file": "simplenergy:font/wiki_icons/simplenergy_basic_item_cable.png",
      "ascent": 8,
      "height": 16,
      "chars": [
        "\u810d"
      ]
    },
    {
      "type": "bitmap",
      "file": "simplenergy:font/high_res/comparator.png",
      "ascent": 7,
      "height": 16,
      "chars": [
        "\u8112"
      ]
    },
    {
      "type": "bitmap",
      "file": "simplenergy:font/high_res/emerald.png",
      "ascent": 7,
      "height": 16,
      "chars": [
        "\u8113"
      ]
    },
    {
      "type": "bitmap",
      "file": "simplenergy:font/wiki_icons/simplenergy_servo_extractor.png",
      "ascent": 8,
      "height": 16,
      "chars": [
        "\u8114"
      ]
    },
    {
      "type": "bitmap",
      "file": "simplenergy:font/wiki_icons/simplenergy_servo_inserter.png",
      "ascent": 8,
      "height": 16,
      "chars": [
        "\u811b"
      ]
    },
    {
      "type": "bitmap",
      "file": "simplenergy:font/high_res/book.png",
      "ascent": 7,
      "height": 16,
      "chars": [
        "\u811d"
      ]
    },
    {
      "type": "bitmap",
      "file": "simplenergy:font/wiki_icons/simplenergy_manual.png",
      "ascent": 8,
      "height": 16,
      "chars": [
        "\u811f"
      ]
    },
    {
      "type": "bitmap",
      "file": "simplenergy:font/wiki_icons/simplenergy_simplunium_ingot.png",
      "ascent": 8,
      "height": 16,
      "chars": [
        "\u8138"
      ]
    },
    {
      "type": "bitmap",
      "file": "simplenergy:font/wiki_icons/simplenergy_raw_simplunium.png",
      "ascent": 8,
      "height": 16,
      "chars": [
        "\u813d"
      ]
    },
    {
      "type": "bitmap",
      "file": "simplenergy:font/wiki_icons/simplenergy_raw_simplunium.png",
      "ascent": 8,
      "height": 16,
      "chars": [
        "\u8140"
      ]
    },
    {
      "type": "bitmap",
      "file": "simplenergy:font/wiki_icons/simplenergy_raw_simplunium_block.png",
      "ascent": 8,
      "height": 16,
      "chars": [
        "\u8143"
      ]
    },
    {
      "type": "bitmap",
      "file": "simplenergy:font/wiki_icons/simplenergy_simplunium_ingot.png",
      "ascent": 8,
      "height": 16,
      "chars": [
        "\u8146"
      ]
    },
    {
      "type": "bitmap",
      "file": "simplenergy:font/wiki_icons/simplenergy_simplunium_dust.png",
      "ascent": 8,
      "height": 16,
      "chars": [
        "\u8149"
      ]
    },
    {
      "type": "bitmap",
      "file": "simplenergy:font/wiki_icons/simplenergy_simplunium_ingot.png",
      "ascent": 8,
      "height": 16,
      "chars": [
        "\u8156"
      ]
    },
    {
      "type": "bitmap",
      "file": "simplenergy:font/wiki_icons/simplenergy_simplunium_ingot.png",
      "ascent": 8,
      "height": 16,
      "chars": [
        "\u8159"
      ]
    },
    {
      "type": "bitmap",
      "file": "simplenergy:font/high_res/copper_dust_2.png",
      "ascent": 7,
      "height": 16,
      "chars": [
        "\u815a"
      ]
    },
    {
      "type": "bitmap",
      "file": "simplenergy:font/high_res/raw_copper.png",
      "ascent": 7,
      "height": 16,
      "chars": [
        "\u815b"
      ]
    },
    {
      "type": "bitmap",
      "file": "simplenergy:font/high_res/copper_ingot.png",
      "ascent": 7,
      "height": 16,
      "chars": [
        "\u815d"
      ]
    },
    {
      "type": "bitmap",
      "file": "simplenergy:font/high_res/copper_ore.png",
      "ascent": 7,
      "height": 16,
      "chars": [
        "\u8161"
      ]
    },
    {
      "type": "bitmap",
      "file": "simplenergy:font/high_res/deepslate_copper_ore.png",
      "ascent": 7,
      "height": 16,
      "chars": [
        "\u8163"
      ]
    },
    {
      "type": "bitmap",
      "file": "simplenergy:font/wiki_icons/minecraft_copper_ingot.png",
      "ascent": 8,
      "height": 16,
      "chars": [
        "\u8166"
      ]
    },
    {
      "type": "bitmap",
      "file": "simplenergy:font/high_res/iron_dust_2.png",
      "ascent": 7,
      "height": 16,
      "chars": [
        "\u8167"
      ]
    },
    {
      "type": "bitmap",
      "file": "simplenergy:font/high_res/raw_iron.png",
      "ascent": 7,
      "height": 16,
      "chars": [
        "\u8168"
      ]
    },
    {
      "type": "bitmap",
      "file": "simplenergy:font/high_res/iron_ingot.png",
      "ascent": 7,
      "height": 16,
      "chars": [
        "\u816a"
      ]
    },
    {
      "type": "bitmap",
      "file": "simplenergy:font/high_res/iron_ore.png",
      "ascent": 7,
      "height": 16,
      "chars": [
        "\u816e"
      ]
    },
    {
      "type": "bitmap",
      "file": "simplenergy:font/high_res/deepslate_iron_ore.png",
      "ascent": 7,
      "height": 16,
      "chars": [
        "\u8170"
      ]
    },
    {
      "type": "bitmap",
      "file": "simplenergy:font/wiki_icons/minecraft_iron_ingot.png",
      "ascent": 8,
      "height": 16,
      "chars": [
        "\u8173"
      ]
    },
    {
      "type": "bitmap",
      "file": "simplenergy:font/high_res/gold_dust_2.png",
      "ascent": 7,
      "height": 16,
      "chars": [
        "\u8174"
      ]
    },
    {
      "type": "bitmap",
      "file": "simplenergy:font/high_res/raw_gold.png",
      "ascent": 7,
      "height": 16,
      "chars": [
        "\u8175"
      ]
    },
    {
      "type": "bitmap",
      "file": "simplenergy:font/high_res/gold_ingot.png",
      "ascent": 7,
      "height": 16,
      "chars": [
        "\u8177"
      ]
    },
    {
      "type": "bitmap",
      "file": "simplenergy:font/high_res/gold_ore.png",
      "ascent": 7,
      "height": 16,
      "chars": [
        "\u817b"
      ]
    },
    {
      "type": "bitmap",
      "file": "simplenergy:font/high_res/deepslate_gold_ore.png",
      "ascent": 7,
      "height": 16,
      "chars": [
        "\u817d"
      ]
    },
    {
      "type": "bitmap",
      "file": "simplenergy:font/wiki_icons/minecraft_gold_ingot.png",
      "ascent": 8,
      "height": 16,
      "chars": [
        "\u8180"
      ]
    },
    {
      "type": "bitmap",
      "file": "simplenergy:font/high_res/lapis_dust_2.png",
      "ascent": 7,
      "height": 16,
      "chars": [
        "\u8181"
      ]
    },
    {
      "type": "bitmap",
      "file": "simplenergy:font/high_res/lapis_ore.png",
      "ascent": 7,
      "height": 16,
      "chars": [
        "\u8182"
      ]
    },
    {
      "type": "bitmap",
      "file": "simplenergy:font/high_res/lapis_lazuli.png",
      "ascent": 7,
      "height": 16,
      "chars": [
        "\u8184"
      ]
    },
    {
      "type": "bitmap",
      "file": "simplenergy:font/high_res/deepslate_lapis_ore.png",
      "ascent": 7,
      "height": 16,
      "chars": [
        "\u8188"
      ]
    },
    {
      "type": "bitmap",
      "file": "simplenergy:font/wiki_icons/minecraft_lapis_lazuli.png",
      "ascent": 8,
      "height": 16,
      "chars": [
        "\u818b"
      ]
    },
    {
      "type": "bitmap",
      "file": "simplenergy:font/high_res/diamond_dust_2.png",
      "ascent": 7,
      "height": 16,
      "chars": [
        "\u818c"
      ]
    },
    {
      "type": "bitmap",
      "file": "simplenergy:font/high_res/diamond_ore.png",
      "ascent": 7,
      "height": 16,
      "chars": [
        "\u818d"
      ]
    },
    {
      "type": "bitmap",
      "file": "simplenergy:font/high_res/deepslate_diamond_ore.png",
      "ascent": 7,
      "height": 16,
      "chars": [
        "\u8193"
      ]
    },
    {
      "type": "bitmap",
      "file": "simplenergy:font/wiki_icons/minecraft_diamond.png",
      "ascent": 8,
      "height": 16,
      "chars": [
        "\u8196"
      ]
    },
    {
      "type": "bitmap",
      "file": "simplenergy:font/high_res/emerald_dust_2.png",
      "ascent": 7,
      "height": 16,
      "chars": [
        "\u8197"
      ]
    },
    {
      "type": "bitmap",
      "file": "simplenergy:font/high_res/emerald_ore.png",
      "ascent": 7,
      "height": 16,
      "chars": [
        "\u8198"
      ]
    },
    {
      "type": "bitmap",
      "file": "simplenergy:font/high_res/deepslate_emerald_ore.png",
      "ascent": 7,
      "height": 16,
      "chars": [
        "\u819e"
      ]
    },
    {
      "type": "bitmap",
      "file": "simplenergy:font/wiki_icons/minecraft_emerald.png",
      "ascent": 8,
      "height": 16,
      "chars": [
        "\u81a1"
      ]
    },
    {
      "type": "bitmap",
      "file": "simplenergy:font/high_res/quartz_dust_2.png",
      "ascent": 7,
      "height": 16,
      "chars": [
        "\u81a2"
      ]
    },
    {
      "type": "bitmap",
      "file": "simplenergy:font/high_res/nether_quartz_ore.png",
      "ascent": 7,
      "height": 16,
      "chars": [
        "\u81a3"
      ]
    },
    {
      "type": "bitmap",
      "file": "simplenergy:font/high_res/quartz.png",
      "ascent": 7,
      "height": 16,
      "chars": [
        "\u81a5"
      ]
    },
    {
      "type": "bitmap",
      "file": "simplenergy:font/wiki_icons/minecraft_quartz.png",
      "ascent": 8,
      "height": 16,
      "chars": [
        "\u81aa"
      ]
    },
    {
      "type": "bitmap",
      "file": "simplenergy:font/high_res/netherite_dust_2.png",
      "ascent": 7,
      "height": 16,
      "chars": [
        "\u81ab"
      ]
    },
    {
      "type": "bitmap",
      "file": "simplenergy:font/high_res/ancient_debris.png",
      "ascent": 7,
      "height": 16,
      "chars": [
        "\u81ac"
      ]
    },
    {
      "type": "bitmap",
      "file": "simplenergy:font/high_res/netherite_scrap.png",
      "ascent": 7,
      "height": 16,
      "chars": [
        "\u81ae"
      ]
    },
    {
      "type": "bitmap",
      "file": "simplenergy:font/wiki_icons/minecraft_netherite_scrap.png",
      "ascent": 8,
      "height": 16,
      "chars": [
        "\u81b3"
      ]
    },
    {
      "type": "bitmap",
      "file": "simplenergy:font/high_res/tin_dust_2.png",
      "ascent": 7,
      "height": 16,
      "chars": [
        "\u81b4"
      ]
    },
    {
      "type": "bitmap",
      "file": "simplenergy:font/high_res/raw_tin.png",
      "ascent": 7,
      "height": 16,
      "chars": [
        "\u81b5"
      ]
    },
    {
      "type": "bitmap",
      "file": "simplenergy:font/high_res/tin_ingot.png",
      "ascent": 7,
      "height": 16,
      "chars": [
        "\u81b7"
      ]
    },
    {
      "type": "bitmap",
      "file": "simplenergy:font/high_res/tin_ore.png",
      "ascent": 7,
      "height": 16,
      "chars": [
        "\u81bb"
      ]
    },
    {
      "type": "bitmap",
      "file": "simplenergy:font/high_res/deepslate_tin_ore.png",
      "ascent": 7,
      "height": 16,
      "chars": [
        "\u81bd"
      ]
    },
    {
      "type": "bitmap",
      "file": "simplenergy:font/wiki_icons/mechanization_tin_ingot.png",
      "ascent": 8,
      "height": 16,
      "chars": [
        "\u81c0"
      ]
    },
    {
      "type": "bitmap",
      "file": "simplenergy:font/high_res/titanium_dust_2.png",
      "ascent": 7,
      "height": 16,
      "chars": [
        "\u81c1"
      ]
    },
    {
      "type": "bitmap",
      "file": "simplenergy:font/high_res/raw_titanium.png",
      "ascent": 7,
      "height": 16,
      "chars": [
        "\u81c2"
      ]
    },
    {
      "type": "bitmap",
      "file": "simplenergy:font/high_res/titanium_ingot.png",
      "ascent": 7,
      "height": 16,
      "chars": [
        "\u81c4"
      ]
    },
    {
      "type": "bitmap",
      "file": "simplenergy:font/high_res/titanium_ore.png",
      "ascent": 7,
      "height": 16,
      "chars": [
        "\u81c8"
      ]
    },
    {
      "type": "bitmap",
      "file": "simplenergy:font/high_res/deepslate_titanium_ore.png",
      "ascent": 7,
      "height": 16,
      "chars": [
        "\u81ca"
      ]
    },
    {
      "type": "bitmap",
      "file": "simplenergy:font/wiki_icons/mechanization_titanium_ingot.png",
      "ascent": 8,
      "height": 16,
      "chars": [
        "\u81cd"
      ]
    },
    {
      "type": "bitmap",
      "file": "simplenergy:font/wiki_icons/simplenergy_simplunium_nugget.png",
      "ascent": 8,
      "height": 16,
      "chars": [
        "\u81d4"
      ]
    },
    {
      "type": "bitmap",
      "file": "simplenergy:font/wiki_icons/simplenergy_simplunium_nugget.png",
      "ascent": 8,
      "height": 16,
      "chars": [
        "\u81db"
      ]
    },
    {
      "type": "bitmap",
      "file": "simplenergy:font/wiki_icons/simplenergy_simplunium_nugget.png",
      "ascent": 8,
      "height": 16,
      "chars": [
        "\u81e2"
      ]
    },
    {
      "type": "bitmap",
      "file": "simplenergy:font/wiki_icons/simplenergy_simplunium_nugget.png",
      "ascent": 8,
      "height": 16,
      "chars": [
        "\u81e9"
      ]
    },
    {
      "type": "bitmap",
      "file": "simplenergy:font/wiki_icons/simplenergy_simplunium_nugget.png",
      "ascent": 8,
      "height": 16,
      "chars": [
        "\u81f2"
      ]
    },
    {
      "type": "bitmap",
      "file": "simplenergy:font/wiki_icons/simplenergy_simplunium_nugget.png",
      "ascent": 8,
      "height": 16,
      "chars": [
        "\u81fb"
      ]
    },
    {
      "type": "bitmap",
      "file": "simplenergy:font/wiki_icons/simplenergy_simplunium_nugget.png",
      "ascent": 8,
      "height": 16,
      "chars": [
        "\u8204"
      ]
    },
    {
      "type": "bitmap",
      "file": "simplenergy:font/wiki_icons/simplenergy_simplunium_nugget.png",
      "ascent": 8,
      "height": 16,
      "chars": [
        "\u820d"
      ]
    },
    {
      "type": "bitmap",
      "file": "simplenergy:font/wiki_icons/simplenergy_simplunium_nugget.png",
      "ascent": 8,
      "height": 16,
      "chars": [
        "\u8216"
      ]
    },
    {
      "type": "bitmap",
      "file": "simplenergy:font/high_res/breeze_rod.png",
      "ascent": 7,
      "height": 16,
      "chars": [
        "\u8223"
      ]
    },
    {
      "type": "bitmap",
      "file": "simplenergy:font/high_res/gold_nugget.png",
      "ascent": 7,
      "height": 16,
      "chars": [
        "\u8224"
      ]
    },
    {
      "type": "bitmap",
      "file": "simplenergy:font/high_res/raw_gold_block.png",
      "ascent": 7,
      "height": 16,
      "chars": [
        "\u8225"
      ]
    },
    {
      "type": "bitmap",
      "file": "simplenergy:font/high_res/stone.png",
      "ascent": 7,
      "height": 16,
      "chars": [
        "\u823e"
      ]
    },
    {
      "type": "bitmap",
      "file": "simplenergy:font/high_res/copper_block.png",
      "ascent": 7,
      "height": 16,
      "chars": [
        "\u823f"
      ]
    },
    {
      "type": "bitmap",
      "file": "simplenergy:font/wiki_icons/simplenergy_furnace_generator.png",
      "ascent": 8,
      "height": 16,
      "chars": [
        "\u824e"
      ]
    },
    {
      "type": "bitmap",
      "file": "simplenergy:font/wiki_icons/simplenergy_electric_furnace.png",
      "ascent": 8,
      "height": 16,
      "chars": [
        "\u8253"
      ]
    },
    {
      "type": "bitmap",
      "file": "simplenergy:font/wiki_icons/simplenergy_pulverizer.png",
      "ascent": 8,
      "height": 16,
      "chars": [
        "\u8259"
      ]
    },
    {
      "type": "bitmap",
      "file": "simplenergy:font/high_res/gold_block.png",
      "ascent": 7,
      "height": 16,
      "chars": [
        "\u8267"
      ]
    },
    {
      "type": "bitmap",
      "file": "simplenergy:font/wiki_icons/simplenergy_advanced_battery.png",
      "ascent": 8,
      "height": 16,
      "chars": [
        "\u826a"
      ]
    },
    {
      "type": "bitmap",
      "file": "simplenergy:font/wiki_icons/simplenergy_elite_battery.png",
      "ascent": 8,
      "height": 16,
      "chars": [
        "\u827b"
      ]
    },
    {
      "type": "bitmap",
      "file": "simplenergy:font/high_res/cauldron.png",
      "ascent": 7,
      "height": 16,
      "chars": [
        "\u8290"
      ]
    },
    {
      "type": "bitmap",
      "file": "simplenergy:font/wiki_icons/simplenergy_redstone_generator.png",
      "ascent": 8,
      "height": 16,
      "chars": [
        "\u82a6"
      ]
    },
    {
      "type": "bitmap",
      "file": "simplenergy:font/high_res/daylight_detector.png",
      "ascent": 7,
      "height": 16,
      "chars": [
        "\u82d5"
      ]
    },
    {
      "type": "bitmap",
      "file": "simplenergy:font/high_res/blue_stained_glass.png",
      "ascent": 7,
      "height": 16,
      "chars": [
        "\u82e1"
      ]
    },
    {
      "type": "bitmap",
      "file": "simplenergy:font/high_res/blue_stained_glass_pane.png",
      "ascent": 7,
      "height": 16,
      "chars": [
        "\u82e5"
      ]
    },
    {
      "type": "bitmap",
      "file": "simplenergy:font/wiki_icons/simplenergy_electric_smelter.png",
      "ascent": 8,
      "height": 16,
      "chars": [
        "\u82f8"
      ]
    },
    {
      "type": "bitmap",
      "file": "simplenergy:font/high_res/redstone_lamp.png",
      "ascent": 7,
      "height": 16,
      "chars": [
        "\u831f"
      ]
    },
    {
      "type": "bitmap",
      "file": "simplenergy:font/high_res/simple_cable_12.png",
      "ascent": 7,
      "height": 16,
      "chars": [
        "\u8327"
      ]
    },
    {
      "type": "bitmap",
      "file": "simplenergy:font/high_res/coal.png",
      "ascent": 7,
      "height": 16,
      "chars": [
        "\u832a"
      ]
    },
    {
      "type": "bitmap",
      "file": "simplenergy:font/high_res/charcoal.png",
      "ascent": 7,
      "height": 16,
      "chars": [
        "\u8332"
      ]
    },
    {
      "type": "bitmap",
      "file": "simplenergy:font/wiki_icons/simplenergy_advanced_cable.png",
      "ascent": 8,
      "height": 16,
      "chars": [
        "\u833e"
      ]
    },
    {
      "type": "bitmap",
      "file": "simplenergy:font/wiki_icons/simplenergy_elite_cable.png",
      "ascent": 8,
      "height": 16,
      "chars": [
        "\u8348"
      ]
    },
    {
      "type": "bitmap",
      "file": "simplenergy:font/wiki_icons/simplenergy_servo_extractor.png",
      "ascent": 8,
      "height": 16,
      "chars": [
        "\u835e"
      ]
    },
    {
      "type": "bitmap",
      "file": "simplenergy:font/wiki_icons/simplenergy_servo_inserter.png",
      "ascent": 8,
      "height": 16,
      "chars": [
        "\u8365"
      ]
    },
    {
      "type": "bitmap",
      "file": "simplenergy:font/high_res/heavy_workbench.png",
      "ascent": 7,
      "height": 16,
      "chars": [
        "\u837e"
      ]
    },
    {
      "type": "bitmap",
      "file": "simplenergy:font/high_res/oak_log.png",
      "ascent": 7,
      "height": 16,
      "chars": [
        "\u837f"
      ]
    },
    {
      "type": "bitmap",
      "file": "simplenergy:font/high_res/crafting_table.png",
      "ascent": 7,
      "height": 16,
      "chars": [
        "\u8380"
      ]
    },
    {
      "type": "bitmap",
      "file": "simplenergy:font/high_res/smooth_stone.png",
      "ascent": 7,
      "height": 16,
      "chars": [
        "\u8381"
      ]
    },
    {
      "type": "bitmap",
      "file": "simplenergy:font/category/categories_page.png",
      "ascent": 1,
      "height": 131,
      "chars": [
        "\u1021"
      ]
    },
    {
      "type": "bitmap",
      "file": "simplenergy:font/page/_logo.png",
      "ascent": 0,
      "height": 40,
      "chars": [
        "\u1020"
      ]
    },
    {
      "type": "bitmap",
      "file": "simplenergy:font/none.png",
      "ascent": 8,
      "height": 20,
      "chars": [
        " "
      ]
    },
    {
      "type": "bitmap",
      "file": "simplenergy:font/none.png",
      "ascent": 8,
      "height": 18,
      "chars": [
        "!"
      ]
    },
    {
      "type": "bitmap",
      "file": "simplenergy:font/none.png",
      "ascent": 7,
      "height": 7,
      "chars": [
        "\""
      ]
    },
    {
      "type": "bitmap",
      "file": "simplenergy:font/none.png",
      "ascent": 0,
      "height": 2,
      "chars": [
        "#"
      ]
    },
    {
      "type": "bitmap",
      "file": "simplenergy:font/none.png",
      "ascent": 0,
      "height": 1,
      "chars": [
        "$"
      ]
    },
    {
      "type": "bitmap",
      "file": "simplenergy:font/none.png",
      "ascent": 7,
      "height": 16,
      "chars": [
        "0"
      ]
    },
    {
      "type": "bitmap",
      "file": "simplenergy:font/invisible_item.png",
      "ascent": 7,
      "height": 16,
      "chars": [
        "`"
      ]
    },
    {
      "type": "bitmap",
      "file": "simplenergy:font/wiki_information.png",
      "ascent": 8,
      "height": 16,
      "chars": [
        "1"
      ]
    },
    {
      "type": "bitmap",
      "file": "simplenergy:font/wiki_result_of_craft.png",
      "ascent": 8,
      "height": 16,
      "chars": [
        "2"
      ]
    },
    {
      "type": "bitmap",
      "file": "simplenergy:font/wiki_ingredient_of_craft.png",
      "ascent": 8,
      "height": 16,
      "chars": [
        "3"
      ]
    },
    {
      "type": "bitmap",
      "file": "simplenergy:font/shaped_3x3.png",
      "ascent": 1,
      "height": 58,
      "chars": [
        "A"
      ]
    },
    {
      "type": "bitmap",
      "file": "simplenergy:font/shaped_2x2.png",
      "ascent": 1,
      "height": 58,
      "chars": [
        "@"
      ]
    },
    {
      "type": "bitmap",
      "file": "simplenergy:font/furnace.png",
      "ascent": 1,
      "height": 58,
      "chars": [
        "B"
      ]
    },
    {
      "type": "bitmap",
      "file": "simplenergy:font/stonecutting.png",
      "ascent": 4,
      "height": 58,
      "chars": [
        "C"
      ]
    },
    {
      "type": "bitmap",
      "file": "simplenergy:font/pulverizing.png",
      "ascent": 4,
      "height": 58,
      "chars": [
        "D"
      ]
    },
    {
      "type": "bitmap",
      "file": "simplenergy:font/mining.png",
      "ascent": 4,
      "height": 58,
      "chars": [
        "E"
      ]
    },
    {
      "type": "bitmap",
      "file": "simplenergy:font/shaped_3x3.png",
      "ascent": -4,
      "height": 58,
      "chars": [
        "Q"
      ]
    },
    {
      "type": "bitmap",
      "file": "simplenergy:font/shaped_2x2.png",
      "ascent": -2,
      "height": 58,
      "chars": [
        "P"
      ]
    },
    {
      "type": "bitmap",
      "file": "simplenergy:font/furnace.png",
      "ascent": -3,
      "height": 58,
      "chars": [
        "R"
      ]
    },
    {
      "type": "bitmap",
      "file": "simplenergy:font/stonecutting.png",
      "ascent": -3,
      "height": 58,
      "chars": [
        "S"
      ]
    },
    {
      "type": "bitmap",
      "file": "simplenergy:font/pulverizing.png",
      "ascent": -3,
      "height": 58,
      "chars": [
        "T"
      ]
    },
    {
      "type": "bitmap",
      "file": "simplenergy:font/mining.png",
      "ascent": -3,
      "height": 58,
      "chars": [
        "U"
      ]
    }
  ]
}
