{
  "credit": "Made with Blockbench",
  "textures": {
    "0": "simplenergy:block/basic_item_cable/center",
    "1": "simplenergy:block/basic_item_cable/pillon",
    "2": "simplenergy:block/basic_item_cable/glass",
    "particle": "simplenergy:block/basic_item_cable/center"
  },
  "elements": [
    {
      "name": "center",
      "from": [
        5,
        5,
        5
      ],
      "to": [
        11,
        11,
        11
      ],
      "faces": {
        "north": {
          "uv": [
            0,
            0,
            3,
            3
          ],
          "texture": "#0"
        },
        "east": {
          "uv": [
            0,
            3,
            3,
            6
          ],
          "texture": "#0"
        },
        "south": {
          "uv": [
            3,
            0,
            6,
            3
          ],
          "texture": "#0"
        },
        "west": {
          "uv": [
            3,
            3,
            6,
            6
          ],
          "texture": "#0"
        },
        "up": {
          "uv": [
            3,
            9,
            0,
            6
          ],
          "texture": "#0"
        },
        "down": {
          "uv": [
            9,
            0,
            6,
            3
          ],
          "texture": "#0"
        }
      }
    }
  ],
  "display": {
    "thirdperson_righthand": {
      "scale": [
        0.9,
        0.9,
        0.9
      ]
    },
    "ground": {
      "scale": [
        0.75,
        0.75,
        0.75
      ]
    },
    "gui": {
      "rotation": [
        25,
        45,
        0
      ]
    },
    "head": {
      "translation": [
        0,
        -43.225,
        0
      ],
      "scale": [
        1.601,
        1.601,
        1.601
      ]
    }
  },
  "groups": [
    0,
    {
      "name": "sides",
      "origin": [
        8,
        8,
        8
      ],
      "color": 0,
      "children": [
        {
          "name": "south",
          "origin": [
            8,
            8,
            8
          ],
          "color": 0,
          "children": [
            1,
            2,
            3,
            4,
            5,
            6,
            7,
            8
          ]
        },
        {
          "name": "north",
          "origin": [
            8,
            8,
            8
          ],
          "color": 0,
          "children": [
            9,
            10,
            11,
            12,
            13,
            14,
            15,
            16
          ]
        },
        {
          "name": "top",
          "origin": [
            8,
            8,
            8
          ],
          "color": 0,
          "children": [
            17,
            18,
            19,
            20,
            21,
            22,
            23,
            24
          ]
        },
        {
          "name": "bottom",
          "origin": [
            8,
            8,
            8
          ],
          "color": 0,
          "children": [
            25,
            26,
            27,
            28,
            29,
            30,
            31,
            32
          ]
        },
        {
          "name": "east",
          "origin": [
            8,
            8,
            8
          ],
          "color": 0,
          "children": [
            33,
            34,
            35,
            36,
            37,
            38,
            39,
            40
          ]
        },
        {
          "name": "west",
          "origin": [
            8,
            8,
            8
          ],
          "color": 0,
          "children": [
            41,
            42,
            43,
            44,
            45,
            46,
            47,
            48
          ]
        }
      ]
    }
  ]
}
