{
  "parent": "cnk:cookbook/root",
  "criteria": {
    "minecraft:black_dye": {
      "trigger": "minecraft:inventory_changed",
      "conditions": {
        "items": [
          {"items":"minecraft:black_dye"}
        ]
      }
    },
    "minecraft:blue_dye": {
      "trigger": "minecraft:inventory_changed",
      "conditions": {
        "items": [
          {"items":"minecraft:blue_dye"}
        ]
      }
    },
    "minecraft:brown_dye": {
      "trigger": "minecraft:inventory_changed",
      "conditions": {
        "items": [
          {"items":"minecraft:brown_dye"}
        ]
      }
    },
    "minecraft:cyan_dye": {
      "trigger": "minecraft:inventory_changed",
      "conditions": {
        "items": [
          {"items":"minecraft:cyan_dye"}
        ]
      }
    },
    "minecraft:gray_dye": {
      "trigger": "minecraft:inventory_changed",
      "conditions": {
        "items": [
          {"items":"minecraft:gray_dye"}
        ]
      }
    },
    "minecraft:green_dye": {
      "trigger": "minecraft:inventory_changed",
      "conditions": {
        "items": [
          {"items":"minecraft:green_dye"}
        ]
      }
    },
    "minecraft:light_blue_dye": {
      "trigger": "minecraft:inventory_changed",
      "conditions": {
        "items": [
          {"items":"minecraft:light_blue_dye"}
        ]
      }
    },
    "minecraft:light_gray_dye": {
      "trigger": "minecraft:inventory_changed",
      "conditions": {
        "items": [
          {"items":"minecraft:light_gray_dye"}
        ]
      }
    },
    "minecraft:lime_dye": {
      "trigger": "minecraft:inventory_changed",
      "conditions": {
        "items": [
          {"items":"minecraft:lime_dye"}
        ]
      }
    },
    "minecraft:magenta_dye": {
      "trigger": "minecraft:inventory_changed",
      "conditions": {
        "items": [
          {"items":"minecraft:magenta_dye"}
        ]
      }
    },
    "minecraft:orange_dye": {
      "trigger": "minecraft:inventory_changed",
      "conditions": {
        "items": [
          {"items":"minecraft:orange_dye"}
        ]
      }
    },
    "minecraft:pink_dye": {
      "trigger": "minecraft:inventory_changed",
      "conditions": {
        "items": [
          {"items":"minecraft:pink_dye"}
        ]
      }
    },
    "minecraft:purple_dye": {
      "trigger": "minecraft:inventory_changed",
      "conditions": {
        "items": [
          {"items":"minecraft:purple_dye"}
        ]
      }
    },
    "minecraft:red_dye": {
      "trigger": "minecraft:inventory_changed",
      "conditions": {
        "items": [
          {"items":"minecraft:red_dye"}
        ]
      }
    },
    "minecraft:white_dye": {
      "trigger": "minecraft:inventory_changed",
      "conditions": {
        "items": [
          {"items":"minecraft:white_dye"}
        ]
      }
    },
    "minecraft:yellow_dye": {
      "trigger": "minecraft:inventory_changed",
      "conditions": {
        "items": [
          {"items":"minecraft:yellow_dye"}
        ]
      }
    }
  },
    "requirements": [
    [
      "minecraft:black_dye",
      "minecraft:blue_dye",
      "minecraft:brown_dye",
      "minecraft:cyan_dye",
      "minecraft:gray_dye",
      "minecraft:green_dye",
      "minecraft:light_blue_dye",
      "minecraft:light_gray_dye",
      "minecraft:lime_dye",
      "minecraft:magenta_dye",
      "minecraft:orange_dye",
      "minecraft:pink_dye",
      "minecraft:purple_dye",
      "minecraft:red_dye",
      "minecraft:white_dye",
      "minecraft:yellow_dye"
    ]
  ],
  "rewards": {
    "function": "cnk:cookbook/grant/any_dye"
  }
}