{
	"credit": "Made with Blockbench",
	"texture_size": [32, 32],
	"textures": {
		"2": "item/copper_fan_powered",
		"3": "item/wind_charge_fan"
	},
	"elements": [
		{
			"from": [0, 0, 0],
			"to": [16, 8, 16],
			"faces": {
				"north": {"uv": [0, 2, 4, 4], "texture": "#2"},
				"east": {"uv": [0, 2, 4, 4], "texture": "#2"},
				"south": {"uv": [0, 2, 4, 4], "texture": "#2"},
				"west": {"uv": [0, 2, 4, 4], "texture": "#2"},
				"up": {"uv": [4, 8, 0, 4], "texture": "#2"},
				"down": {"uv": [4, 4, 0, 8], "texture": "#2"}
			}
		},
		{
			"from": [0, 8, 0],
			"to": [16, 16, 16],
			"faces": {
				"north": {"uv": [4, 0, 8, 2], "texture": "#2"},
				"east": {"uv": [4, 0, 8, 2], "texture": "#2"},
				"south": {"uv": [4, 0, 8, 2], "texture": "#2"},
				"west": {"uv": [4, 0, 8, 2], "texture": "#2"},
				"up": {"uv": [8, 8, 4, 4], "texture": "#2"},
				"down": {"uv": [8, 4, 4, 8], "texture": "#2"}
			}
		},
		{
			"name": "charge",
			"from": [6, 10, 6],
			"to": [10, 14, 10],
			"rotation": {"angle": 0, "axis": "y", "origin": [8, 10, 8]},
			"faces": {
				"north": {"uv": [2, 2, 4, 4], "texture": "#3"},
				"east": {"uv": [0, 2, 2, 4], "texture": "#3"},
				"south": {"uv": [6, 2, 8, 4], "texture": "#3"},
				"west": {"uv": [4, 2, 6, 4], "texture": "#3"},
				"up": {"uv": [4, 2, 2, 0], "texture": "#3"},
				"down": {"uv": [6, 0, 4, 2], "texture": "#3"}
			}
		},
		{
			"name": "wind",
			"from": [5, 10, 5],
			"to": [11, 14, 11],
			"rotation": {"angle": 0, "axis": "y", "origin": [8, 10, 8]},
			"faces": {
				"north": {"uv": [3, 7.5, 6, 9.5], "texture": "#3"},
				"east": {"uv": [0, 7.5, 3, 9.5], "texture": "#3"},
				"south": {"uv": [9, 7.5, 12, 9.5], "texture": "#3"},
				"west": {"uv": [6, 7.5, 9, 9.5], "texture": "#3"},
				"up": {"uv": [6, 7.5, 3, 4.5], "texture": "#3"},
				"down": {"uv": [9, 4.5, 6, 7.5], "texture": "#3"}
			}
		},
		{
			"name": "wind",
			"from": [4, 11, 4],
			"to": [12, 13, 12],
			"rotation": {"angle": 0, "axis": "y", "origin": [8, 10, 8]},
			"faces": {
				"north": {"uv": [4, 14, 8, 15], "texture": "#3"},
				"east": {"uv": [0, 14, 4, 15], "texture": "#3"},
				"south": {"uv": [12, 14, 16, 15], "texture": "#3"},
				"west": {"uv": [8, 14, 12, 15], "texture": "#3"},
				"up": {"uv": [8, 14, 4, 10], "texture": "#3"},
				"down": {"uv": [12, 10, 8, 14], "texture": "#3"}
			}
		}
	],
	"display": {
		"thirdperson_righthand": {
			"rotation": [0, -51, 0],
			"scale": [0.3, 0.3, 0.3]
		},
		"thirdperson_lefthand": {
			"rotation": [0, -45, 0],
			"scale": [0.3, 0.3, 0.3]
		},
		"firstperson_righthand": {
			"rotation": [0, -45, 0],
			"scale": [0.4, 0.4, 0.4]
		},
		"firstperson_lefthand": {
			"rotation": [0, -45, 0],
			"scale": [0.4, 0.4, 0.4]
		},
		"ground": {
			"translation": [0, 2, 0],
			"scale": [0.25, 0.25, 0.25]
		},
		"gui": {
			"rotation": [30, 45, 0],
			"scale": [0.625, 0.625, 0.625]
		},
		"fixed": {
			"rotation": [-90, 0, 0],
			"translation": [0, 0, -16],
			"scale": [2.01, 2.01, 2.01]
		}
	}
}