{
	"credit": "Made with Blockbench",
	"texture_size": [64, 64],
	"textures": {
		"0": "item/deployer"
	},
	"elements": [
		{
			"from": [0, 0, 0],
			"to": [16, 16, 16],
			"faces": {
				"north": {"uv": [0, 0, 4, 4], "texture": "#0"},
				"east": {"uv": [0, 0, 4, 4], "texture": "#0"},
				"south": {"uv": [0, 0, 4, 4], "texture": "#0"},
				"west": {"uv": [0, 0, 4, 4], "texture": "#0"},
				"up": {"uv": [4, 8, 0, 4], "texture": "#0"},
				"down": {"uv": [4, 0, 0, 4], "texture": "#0"}
			}
		},
		{
			"from": [3, 17, 6],
			"to": [5, 20, 8],
			"rotation": {"angle": 0, "axis": "x", "origin": [7, 9, 5]},
			"faces": {
				"north": {"uv": [4, 8, 4.5, 8.75], "texture": "#0"},
				"east": {"uv": [4, 8, 4.5, 8.75], "texture": "#0"},
				"south": {"uv": [4, 8, 4.5, 8.75], "texture": "#0"},
				"west": {"uv": [4, 8, 4.5, 8.75], "texture": "#0"},
				"up": {"uv": [4.5, 8, 5, 8.5], "texture": "#0"},
				"down": {"uv": [4.5, 8, 5, 8.5], "texture": "#0"}
			}
		},
		{
			"from": [7, 17, 11],
			"to": [9, 21, 13],
			"rotation": {"angle": 0, "axis": "x", "origin": [7, 7, 4]},
			"faces": {
				"north": {"uv": [4, 8, 4.5, 9], "texture": "#0"},
				"east": {"uv": [4, 8, 4.5, 9], "texture": "#0"},
				"south": {"uv": [4, 8, 4.5, 9], "texture": "#0"},
				"west": {"uv": [4, 8, 4.5, 9], "texture": "#0"},
				"up": {"uv": [4.5, 8, 5, 8.5], "texture": "#0"},
				"down": {"uv": [4.5, 8, 5, 8.5], "texture": "#0"}
			}
		},
		{
			"from": [5, 17, 11],
			"to": [7, 22, 13],
			"rotation": {"angle": 0, "axis": "x", "origin": [7, 7, 4]},
			"faces": {
				"north": {"uv": [4, 8, 4.5, 9.25], "texture": "#0"},
				"east": {"uv": [4, 8, 4.5, 9.25], "rotation": 90, "texture": "#0"},
				"south": {"uv": [4, 8, 4.5, 9.25], "texture": "#0"},
				"west": {"uv": [4, 8, 4.5, 9.25], "texture": "#0"},
				"up": {"uv": [4.5, 8, 5, 8.5], "texture": "#0"},
				"down": {"uv": [4.5, 8, 5, 8.5], "texture": "#0"}
			}
		},
		{
			"from": [9, 17, 11],
			"to": [11, 21, 13],
			"rotation": {"angle": 0, "axis": "x", "origin": [7, 7, 4]},
			"faces": {
				"north": {"uv": [4, 8, 4.5, 9], "texture": "#0"},
				"east": {"uv": [4, 8, 4.5, 9], "texture": "#0"},
				"south": {"uv": [4, 8, 4.5, 9], "texture": "#0"},
				"west": {"uv": [4, 8, 4.5, 9], "texture": "#0"},
				"up": {"uv": [4.5, 8, 5, 8.5], "texture": "#0"},
				"down": {"uv": [4.5, 8, 5, 8.5], "texture": "#0"}
			}
		},
		{
			"from": [5, 16, 5],
			"to": [11, 19, 11],
			"faces": {
				"north": {"uv": [6, 8, 7.5, 8.75], "texture": "#0"},
				"east": {"uv": [6, 8, 7.5, 8.75], "texture": "#0"},
				"south": {"uv": [6, 8, 7.5, 8.75], "texture": "#0"},
				"west": {"uv": [6, 8, 7.5, 8.75], "texture": "#0"},
				"up": {"uv": [7.5, 8, 9, 9.5], "texture": "#0"},
				"down": {"uv": [7.5, 8, 9, 9.5], "texture": "#0"}
			}
		}
	],
	"display": {
		"thirdperson_righthand": {
			"rotation": [0, -51, 0],
			"scale": [0.3, 0.3, 0.3]
		},
		"thirdperson_lefthand": {
			"rotation": [0, -45, 0],
			"scale": [0.3, 0.3, 0.3]
		},
		"firstperson_righthand": {
			"rotation": [0, -45, 0],
			"scale": [0.4, 0.4, 0.4]
		},
		"firstperson_lefthand": {
			"rotation": [0, -45, 0],
			"scale": [0.4, 0.4, 0.4]
		},
		"ground": {
			"translation": [0, 2, 0],
			"scale": [0.25, 0.25, 0.25]
		},
		"gui": {
			"rotation": [30, 45, 0],
			"scale": [0.625, 0.625, 0.625]
		},
		"fixed": {
			"rotation": [-90, 0, 0],
			"translation": [0, 0, -16],
			"scale": [2.01, 2.01, 2.01]
		}
	},
	"groups": [
		0,
		{
			"name": "Hand",
			"origin": [8, 8, 8],
			"color": 0,
			"children": [1, 2, 3, 4, 5]
		}
	]
}