{
	"credit": "Made with Blockbench",
	"texture_size": [32, 32],
	"textures": {
		"1": "item/harvester_blade_0",
		"5": "item/powered_harvester",
		"particle": "item/powered_harvester"
	},
	"elements": [
		{
			"from": [0, 0, 0],
			"to": [16, 5, 16],
			"rotation": {"angle": 0, "axis": "y", "origin": [8, 8, 8]},
			"faces": {
				"north": {"uv": [0, 4, 4, 5.25], "texture": "#5"},
				"east": {"uv": [0, 4, 4, 5.25], "texture": "#5"},
				"south": {"uv": [0, 4, 4, 5.25], "texture": "#5"},
				"west": {"uv": [0, 4, 4, 5.25], "texture": "#5"},
				"up": {"uv": [4, 4, 0, 0], "rotation": 180, "texture": "#5"},
				"down": {"uv": [8, 0, 4, 4], "rotation": 270, "texture": "#5"}
			}
		},
		{
			"from": [1, -0.31371, 2],
			"to": [1, 11.68629, 14],
			"rotation": {"angle": 45, "axis": "x", "origin": [0, 9, 16]},
			"faces": {
				"north": {"uv": [0, 0, 0, 6], "texture": "#1"},
				"east": {"uv": [0, 0, 6, 6], "texture": "#1"},
				"south": {"uv": [0, 0, 0, 6], "texture": "#1"},
				"west": {"uv": [0, 0, 6, 6], "texture": "#1"},
				"up": {"uv": [0, 6, 0, 0], "texture": "#1"},
				"down": {"uv": [0, 0, 0, 6], "texture": "#1"}
			}
		},
		{
			"from": [15, -0.31371, 2],
			"to": [15, 11.68629, 14],
			"rotation": {"angle": 45, "axis": "x", "origin": [0, 9, 16]},
			"faces": {
				"north": {"uv": [0, 0, 0, 6], "texture": "#1"},
				"east": {"uv": [0, 0, 6, 6], "texture": "#1"},
				"south": {"uv": [0, 0, 0, 6], "texture": "#1"},
				"west": {"uv": [0, 0, 6, 6], "texture": "#1"},
				"up": {"uv": [0, 6, 0, 0], "texture": "#1"},
				"down": {"uv": [0, 0, 0, 6], "texture": "#1"}
			}
		},
		{
			"from": [0, 5, 7],
			"to": [2, 12, 9],
			"rotation": {"angle": 0, "axis": "y", "origin": [8, 8, 8]},
			"faces": {
				"north": {"uv": [0.75, 1.75, 2.5, 2.25], "rotation": 90, "texture": "#5"},
				"east": {"uv": [0.75, 1.75, 2.5, 2.25], "rotation": 270, "texture": "#5"},
				"south": {"uv": [0.75, 1.75, 2.5, 2.25], "rotation": 90, "texture": "#5"},
				"west": {"uv": [0.75, 1.75, 2.5, 2.25], "rotation": 90, "texture": "#5"},
				"up": {"uv": [1.25, 2.25, 0.75, 1.75], "texture": "#5"},
				"down": {"uv": [0.75, 2.25, 1.25, 1.75], "rotation": 180, "texture": "#5"}
			}
		},
		{
			"from": [14, 5, 7],
			"to": [16, 12, 9],
			"rotation": {"angle": 0, "axis": "y", "origin": [8, 8, 8]},
			"faces": {
				"north": {"uv": [0.75, 1.75, 2.5, 2.25], "rotation": 90, "texture": "#5"},
				"east": {"uv": [0.75, 1.75, 2.5, 2.25], "rotation": 270, "texture": "#5"},
				"south": {"uv": [0.75, 1.75, 2.5, 2.25], "rotation": 90, "texture": "#5"},
				"west": {"uv": [0.75, 1.75, 2.5, 2.25], "rotation": 90, "texture": "#5"},
				"up": {"uv": [1.25, 2.25, 0.75, 1.75], "texture": "#5"},
				"down": {"uv": [0.75, 2.25, 1.25, 1.75], "rotation": 180, "texture": "#5"}
			}
		},
		{
			"from": [0, 17, 8],
			"to": [16, 19, 9],
			"rotation": {"angle": 0, "axis": "x", "origin": [8, 12.3, 8]},
			"faces": {
				"north": {"uv": [0, 5.75, 4, 5.25], "rotation": 180, "texture": "#5"},
				"east": {"uv": [0, 5.25, 0.25, 5.75], "rotation": 270, "texture": "#5"},
				"south": {"uv": [4, 5.25, 0, 5.75], "texture": "#5"},
				"west": {"uv": [0, 5.25, 0.25, 5.75], "rotation": 90, "texture": "#5"},
				"up": {"uv": [0, 5.25, 4, 5.5], "rotation": 180, "texture": "#5"},
				"down": {"uv": [0, 5.5, 4, 5.75], "texture": "#5"}
			}
		},
		{
			"from": [0, 19, 6],
			"to": [16, 19, 8],
			"rotation": {"angle": 0, "axis": "y", "origin": [8, 12.3, 8]},
			"faces": {
				"north": {"uv": [0, 5.75, 4, 5.25], "rotation": 180, "texture": "#5"},
				"east": {"uv": [0, 5.25, 0.25, 5.75], "rotation": 270, "texture": "#5"},
				"south": {"uv": [4, 5.25, 0, 5.75], "texture": "#5"},
				"west": {"uv": [0, 5.25, 0.25, 5.75], "rotation": 90, "texture": "#5"},
				"up": {"uv": [0, 5.75, 4, 6.25], "rotation": 180, "texture": "#5"},
				"down": {"uv": [4, 5.75, 0, 6.25], "texture": "#5"}
			}
		},
		{
			"from": [0, 11.3, 12.7],
			"to": [16, 12.3, 14.7],
			"rotation": {"angle": 0, "axis": "x", "origin": [8, 12.3, 8]},
			"faces": {
				"north": {"uv": [0, 5.5, 4, 5.75], "rotation": 180, "texture": "#5"},
				"east": {"uv": [0, 5.25, 0.25, 5.75], "rotation": 180, "texture": "#5"},
				"south": {"uv": [0, 5.25, 4, 5.5], "rotation": 180, "texture": "#5"},
				"west": {"uv": [0, 5.25, 0.25, 5.75], "rotation": 180, "texture": "#5"},
				"up": {"uv": [0, 5.75, 4, 5.25], "texture": "#5"},
				"down": {"uv": [4, 5.25, 0, 5.75], "texture": "#5"}
			}
		},
		{
			"from": [0, 12.3, 14.7],
			"to": [16, 14.3, 14.7],
			"rotation": {"angle": 0, "axis": "x", "origin": [8, 12.3, 8]},
			"faces": {
				"north": {"uv": [4, 5.75, 0, 6.25], "rotation": 180, "texture": "#5"},
				"east": {"uv": [0, 5.25, 0.25, 5.75], "rotation": 180, "texture": "#5"},
				"south": {"uv": [0, 5.75, 4, 6.25], "rotation": 180, "texture": "#5"},
				"west": {"uv": [0, 5.25, 0.25, 5.75], "rotation": 180, "texture": "#5"},
				"up": {"uv": [0, 5.75, 4, 5.25], "texture": "#5"},
				"down": {"uv": [4, 5.25, 0, 5.75], "texture": "#5"}
			}
		},
		{
			"from": [0, 12.3, 1.3],
			"to": [16, 13.3, 3.3],
			"rotation": {"angle": 0, "axis": "x", "origin": [8, 12.3, 8]},
			"faces": {
				"north": {"uv": [0, 5.25, 4, 5.5], "texture": "#5"},
				"east": {"uv": [0, 5.25, 0.25, 5.75], "texture": "#5"},
				"south": {"uv": [0, 5.5, 4, 5.75], "texture": "#5"},
				"west": {"uv": [0, 5.25, 0.25, 5.75], "texture": "#5"},
				"up": {"uv": [4, 5.25, 0, 5.75], "texture": "#5"},
				"down": {"uv": [0, 5.75, 4, 5.25], "texture": "#5"}
			}
		},
		{
			"from": [0, 10.3, 1.3],
			"to": [16, 12.3, 1.3],
			"rotation": {"angle": 0, "axis": "x", "origin": [8, 12.3, 8]},
			"faces": {
				"north": {"uv": [0, 5.75, 4, 6.25], "texture": "#5"},
				"east": {"uv": [0, 5.25, 0.25, 5.75], "texture": "#5"},
				"south": {"uv": [4, 5.75, 0, 6.25], "texture": "#5"},
				"west": {"uv": [0, 5.25, 0.25, 5.75], "texture": "#5"},
				"up": {"uv": [4, 5.25, 0, 5.75], "texture": "#5"},
				"down": {"uv": [0, 5.75, 4, 5.25], "texture": "#5"}
			}
		},
		{
			"from": [0, 5.6, 7],
			"to": [16, 7.6, 8],
			"rotation": {"angle": 0, "axis": "x", "origin": [8, 12.3, 8]},
			"faces": {
				"north": {"uv": [4, 5.25, 0, 5.75], "rotation": 180, "texture": "#5"},
				"east": {"uv": [0, 5.25, 0.25, 5.75], "rotation": 90, "texture": "#5"},
				"south": {"uv": [0, 5.75, 4, 5.25], "texture": "#5"},
				"west": {"uv": [0, 5.25, 0.25, 5.75], "rotation": 270, "texture": "#5"},
				"up": {"uv": [0, 5.5, 4, 5.75], "texture": "#5"},
				"down": {"uv": [0, 5.25, 4, 5.5], "rotation": 180, "texture": "#5"}
			}
		},
		{
			"from": [0, 5.6, 8],
			"to": [16, 5.6, 10],
			"rotation": {"angle": 0, "axis": "x", "origin": [8, 12.3, 8]},
			"faces": {
				"north": {"uv": [4, 5.25, 0, 5.75], "rotation": 180, "texture": "#5"},
				"east": {"uv": [0, 5.25, 0.25, 5.75], "rotation": 90, "texture": "#5"},
				"south": {"uv": [0, 5.75, 4, 5.25], "texture": "#5"},
				"west": {"uv": [0, 5.25, 0.25, 5.75], "rotation": 270, "texture": "#5"},
				"up": {"uv": [4, 5.75, 0, 6.25], "texture": "#5"},
				"down": {"uv": [0, 5.75, 4, 6.25], "rotation": 180, "texture": "#5"}
			}
		}
	],
	"display": {
		"thirdperson_righthand": {
			"rotation": [75, 45, 0],
			"translation": [0, 2.5, 0],
			"scale": [0.375, 0.375, 0.375]
		},
		"thirdperson_lefthand": {
			"rotation": [75, 45, 0],
			"translation": [0, 2.5, 0],
			"scale": [0.375, 0.375, 0.375]
		},
		"firstperson_righthand": {
			"rotation": [0, 45, 0],
			"scale": [0.4, 0.4, 0.4]
		},
		"firstperson_lefthand": {
			"rotation": [0, 225, 0],
			"scale": [0.4, 0.4, 0.4]
		},
		"ground": {
			"translation": [0, 3, 0],
			"scale": [0.25, 0.25, 0.25]
		},
		"gui": {
			"rotation": [30, 225, 0],
			"scale": [0.625, 0.625, 0.625]
		},
		"head": {
			"translation": [0, -30.4, 0],
			"scale": [1.6, 1.6, 1.6]
		},
		"fixed": {
			"rotation": [-90, 0, 0],
			"translation": [0, 0, -16.01],
			"scale": [2.01, 2.01, 2.01]
		}
	}
}