{
	"credit": "Made with Blockbench",
	"texture_size": [32, 32],
	"textures": {
		"0": "item/powered_redstone_receiver",
		"particle": "item/powered_redstone_receiver"
	},
	"elements": [
		{
			"from": [2, 8, 2],
			"to": [14, 11, 14],
			"faces": {
				"north": {"uv": [6, 1.5, 12, 3], "texture": "#0"},
				"east": {"uv": [12, 0, 6, 1.5], "texture": "#0"},
				"south": {"uv": [6, 1.5, 12, 3], "texture": "#0"},
				"west": {"uv": [6, 0, 12, 1.5], "texture": "#0"},
				"up": {"uv": [6, 6, 0, 0], "texture": "#0"},
				"down": {"uv": [6, 6, 0, 12], "texture": "#0"}
			}
		},
		{
			"from": [11, 8, 1],
			"to": [12, 17, 2],
			"faces": {
				"north": {"uv": [6, 3, 6.5, 7.5], "texture": "#0"},
				"east": {"uv": [6, 3, 6.5, 7.5], "texture": "#0"},
				"south": {"uv": [6, 3, 6.5, 7.5], "texture": "#0"},
				"west": {"uv": [6, 3, 6.5, 7.5], "texture": "#0"},
				"up": {"uv": [6, 3, 6.5, 3.5], "texture": "#0"},
				"down": {"uv": [6, 7, 6.5, 7.5], "texture": "#0"}
			}
		},
		{
			"from": [9, 16, -1],
			"to": [14, 16, 4],
			"faces": {
				"north": {"uv": [7.5, 3, 10, 3], "texture": "#0"},
				"east": {"uv": [7.5, 3, 10, 3], "texture": "#0"},
				"south": {"uv": [7.5, 3, 10, 3], "texture": "#0"},
				"west": {"uv": [7.5, 3, 10, 3], "texture": "#0"},
				"up": {"uv": [7.5, 3, 10, 5.5], "texture": "#0"},
				"down": {"uv": [7.5, 3, 10, 5.5], "texture": "#0"}
			}
		}
	],
	"display": {
		"thirdperson_righthand": {
			"rotation": [0, -45, 0],
			"scale": [0.3, 0.3, 0.3]
		},
		"thirdperson_lefthand": {
			"rotation": [0, -45, 0],
			"scale": [0.3, 0.3, 0.3]
		},
		"firstperson_righthand": {
			"rotation": [0, -45, 0],
			"scale": [0.4, 0.4, 0.4]
		},
		"firstperson_lefthand": {
			"rotation": [0, -45, 0],
			"scale": [0.4, 0.4, 0.4]
		},
		"ground": {
			"scale": [0.25, 0.25, 0.25]
		},
		"gui": {
			"rotation": [30, 45, 0],
			"translation": [0, -1.75, 0],
			"scale": [0.625, 0.625, 0.625]
		},
		"fixed": {
			"rotation": [-90, 180, 0],
			"scale": [2, 2, 2]
		}
	}
}