{
	"credit": "Made with Blockbench",
	"textures": {
		"1": "item/grindstone_wheel",
		"2": "item/powered_millstone_top",
		"5": "item/millstone",
		"particle": "item/grindstone_wheel"
	},
	"elements": [
		{
			"from": [0, 0, 0],
			"to": [16, 8, 16],
			"rotation": {"angle": 0, "axis": "y", "origin": [8, 8, 8]},
			"faces": {
				"north": {"uv": [0, 4, 4, 6], "texture": "#5"},
				"east": {"uv": [0, 4, 4, 6], "texture": "#5"},
				"south": {"uv": [0, 4, 4, 6], "texture": "#5"},
				"west": {"uv": [0, 4, 4, 6], "texture": "#5"},
				"up": {"uv": [4, 4, 0, 0], "rotation": 180, "texture": "#5"},
				"down": {"uv": [4, 0, 0, 4], "rotation": 270, "texture": "#5"}
			}
		},
		{
			"from": [2, 8, 2],
			"to": [14, 16, 14],
			"rotation": {"angle": 0, "axis": "y", "origin": [8, 0, 8]},
			"faces": {
				"north": {"uv": [6, 0, 12, 4], "texture": "#1"},
				"east": {"uv": [6, 0, 12, 4], "texture": "#1"},
				"south": {"uv": [6, 0, 12, 4], "texture": "#1"},
				"west": {"uv": [6, 0, 12, 4], "texture": "#1"},
				"up": {"uv": [6, 6, 0, 0], "texture": "#1"},
				"down": {"uv": [6, 0, 0, 6], "texture": "#1"}
			}
		},
		{
			"from": [4, 17, 4],
			"to": [12, 19, 12],
			"faces": {
				"north": {"uv": [0, 8, 8, 10], "texture": "#2"},
				"east": {"uv": [0, 8, 8, 10], "texture": "#2"},
				"south": {"uv": [0, 8, 8, 10], "texture": "#2"},
				"west": {"uv": [0, 8, 8, 10], "texture": "#2"},
				"up": {"uv": [8, 8, 0, 0], "texture": "#2"},
				"down": {"uv": [8, 0, 0, 8], "texture": "#2"}
			}
		},
		{
			"from": [5, 16, 5],
			"to": [11, 17, 11],
			"faces": {
				"north": {"uv": [1, 9, 7, 10], "texture": "#2"},
				"east": {"uv": [1, 9, 7, 10], "texture": "#2"},
				"south": {"uv": [1, 9, 7, 10], "texture": "#2"},
				"west": {"uv": [1, 9, 7, 10], "texture": "#2"},
				"up": {"uv": [7, 7, 1, 1], "texture": "#2"},
				"down": {"uv": [7, 1, 1, 7], "texture": "#2"}
			}
		}
	],
	"display": {
		"thirdperson_righthand": {
			"rotation": [75, 45, 0],
			"translation": [0, 2.5, 0],
			"scale": [0.375, 0.375, 0.375]
		},
		"thirdperson_lefthand": {
			"rotation": [75, 45, 0],
			"translation": [0, 2.5, 0],
			"scale": [0.375, 0.375, 0.375]
		},
		"firstperson_righthand": {
			"rotation": [0, 45, 0],
			"scale": [0.4, 0.4, 0.4]
		},
		"firstperson_lefthand": {
			"rotation": [0, 225, 0],
			"scale": [0.4, 0.4, 0.4]
		},
		"ground": {
			"translation": [0, 3, 0],
			"scale": [0.25, 0.25, 0.25]
		},
		"gui": {
			"rotation": [30, 225, 0],
			"scale": [0.625, 0.625, 0.625]
		},
		"head": {
			"translation": [0, -30.4, 0],
			"scale": [1.6, 1.6, 1.6]
		},
		"fixed": {
			"rotation": [-90, 0, 0],
			"translation": [0, 0, -16.01],
			"scale": [2.01, 2.01, 2.01]
		}
	}
}