{
	"credit": "Made with Blockbench",
	"texture_size": [64, 64],
	"textures": {
		"0": "item/press",
		"particle": "item/press"
	},
	"elements": [
		{
			"from": [0, 4, 0],
			"to": [16, 16, 16],
			"rotation": {"angle": 0, "axis": "y", "origin": [0, 4, 0]},
			"faces": {
				"north": {"uv": [4, 0, 8, 3], "texture": "#0"},
				"east": {"uv": [4, 0, 8, 3], "texture": "#0"},
				"south": {"uv": [4, 0, 8, 3], "texture": "#0"},
				"west": {"uv": [4, 0, 8, 3], "texture": "#0"},
				"up": {"uv": [4, 4, 0, 0], "texture": "#0"},
				"down": {"uv": [4, 4, 0, 8], "texture": "#0"}
			}
		},
		{
			"from": [3, -16, 3],
			"to": [13, -12, 13],
			"rotation": {"angle": 0, "axis": "y", "origin": [0, -16, 0]},
			"faces": {
				"north": {"uv": [8, 0, 10.5, 1], "texture": "#0"},
				"east": {"uv": [8, 0, 10.5, 1], "texture": "#0"},
				"south": {"uv": [8, 0, 10.5, 1], "texture": "#0"},
				"west": {"uv": [8, 0, 10.5, 1], "texture": "#0"},
				"up": {"uv": [10.5, 6, 8, 3.5], "texture": "#0"},
				"down": {"uv": [10.5, 1, 8, 3.5], "texture": "#0"}
			}
		},
		{
			"from": [6, -12, 6],
			"to": [10, -4, 10],
			"rotation": {"angle": 0, "axis": "y", "origin": [0, -28, 0]},
			"faces": {
				"north": {"uv": [4, 6.5, 5, 8.5], "texture": "#0"},
				"east": {"uv": [4, 6.5, 5, 8.5], "texture": "#0"},
				"south": {"uv": [4, 6.5, 5, 8.5], "texture": "#0"},
				"west": {"uv": [4, 6.5, 5, 8.5], "texture": "#0"},
				"up": {"uv": [5.25, 4.25, 4.25, 3.25], "texture": "#0"},
				"down": {"uv": [5.25, 3.25, 4.25, 4.25], "texture": "#0"}
			}
		},
		{
			"from": [5, -4, 5],
			"to": [11, 4, 11],
			"rotation": {"angle": 0, "axis": "y", "origin": [-1, -20, -1]},
			"faces": {
				"north": {"uv": [4, 4.5, 5.5, 6.5], "texture": "#0"},
				"east": {"uv": [4, 4.5, 5.5, 6.5], "texture": "#0"},
				"south": {"uv": [4, 4.5, 5.5, 6.5], "texture": "#0"},
				"west": {"uv": [4, 4.5, 5.5, 6.5], "texture": "#0"},
				"up": {"uv": [5.5, 4.5, 4, 3], "texture": "#0"},
				"down": {"uv": [5.5, 3, 4, 4.5], "texture": "#0"}
			}
		}
	],
	"display": {
		"thirdperson_righthand": {
			"rotation": [0, -51, 180],
			"scale": [0.3, 0.3, 0.3]
		},
		"thirdperson_lefthand": {
			"rotation": [0, -45, 180],
			"scale": [0.3, 0.3, 0.3]
		},
		"firstperson_righthand": {
			"rotation": [0, -45, 0],
			"scale": [0.4, 0.4, 0.4]
		},
		"firstperson_lefthand": {
			"rotation": [0, -45, 0],
			"scale": [0.4, 0.4, 0.4]
		},
		"ground": {
			"translation": [0, 2, 0],
			"scale": [0.25, 0.25, 0.25]
		},
		"gui": {
			"rotation": [30, 45, 180],
			"scale": [0.625, 0.625, 0.625]
		},
		"fixed": {
			"rotation": [-90, 0, 0],
			"translation": [0, 0, -16],
			"scale": [2.01, 2.01, 2.01]
		}
	}
}