{
	"model": {
	  "type": "minecraft:select",
	  "property": "minecraft:display_context",
	  "cases": [
		{
		  "when": [
			"firstperson_righthand",
			"firstperson_lefthand",
			"thirdperson_righthand",
			"thirdperson_lefthand",
			"gui",
			"ground",
			"none"
		  ],
		  "model": {
			"type": "minecraft:model",
			"model": "vmag:item/magnet"
		  }
		},
		{
		  "when": [
			"head",
			"fixed"
		  ],
		  "model": {
			"type": "minecraft:composite",
			"models": [
			  {
				"type": "minecraft:model",
				"model": "vmag:item/as_magnet/0"
			  },
			  {
				"type": "minecraft:model",
				"model": "vmag:item/as_magnet/1"
			  },
			  {
				"type": "minecraft:model",
				"model": "vmag:item/as_magnet/2"
			  },
			  {
				"type": "minecraft:model",
				"model": "vmag:item/as_magnet/3"
			  },
			  {
				"type": "minecraft:model",
				"model": "vmag:item/as_magnet/4"
			  },
			  {
				"type": "minecraft:model",
				"model": "vmag:item/as_magnet/5"
			  }
			]
		  }
		}
	  ]
	}
  }