{
  "model": {
    "type": "minecraft:select",
    "property": "minecraft:display_context",
    "cases": [
      {
        "when": "firstperson_lefthand",
        "model": {
          "type": "minecraft:model",
          "model": "vmag:item/magnet_active"
        }
      },
      {
        "when": "firstperson_righthand",
        "model": {
          "type": "minecraft:model",
          "model": "vmag:item/magnet_active"
        }
      },
      {
        "when": "thirdperson_lefthand",
        "model": {
          "type": "minecraft:model",
          "model": "vmag:item/magnet_active"
        }
      },
      {
        "when": "thirdperson_righthand",
        "model": {
          "type": "minecraft:model",
          "model": "vmag:item/magnet_active"
        }
      },      
      {
        "when": [
        "head",
        "fixed"
        ],
        "model": {
        "type": "minecraft:composite",
        "models": [
          {
          "type": "minecraft:model",
          "model": "vmag:item/as_magnet/0"
          },
          {
          "type": "minecraft:model",
          "model": "vmag:item/as_magnet/1"
          },
          {
          "type": "minecraft:model",
          "model": "vmag:item/as_magnet/2"
          },
          {
          "type": "minecraft:model",
          "model": "vmag:item/as_magnet/3"
          },
          {
          "type": "minecraft:model",
          "model": "vmag:item/as_magnet/4"
          },
          {
          "type": "minecraft:model",
          "model": "vmag:item/as_magnet/5"
          }
        ]
        }
      }
    ],
    "fallback": {
      "type": "minecraft:model",
      "model": "vmag:item/magnet"
    }
  }
}
