{
  "parent": "cnk:cookbook/root",
  "criteria": {
    "minecraft:cod": {
      "trigger": "minecraft:inventory_changed",
      "conditions": {
        "items": [
          { 
            "items": "minecraft:cod"
          }
        ]
      }
    },
    "fathoms:cod": {
      "trigger": "minecraft:inventory_changed",
      "conditions": {
        "items": [
            {"predicates":{"minecraft:custom_data":{"fathoms":{"id":"cod"}}}}
        ]
      }
    }
  },
  "requirements": [
    [
      "minecraft:cod",
      "fathoms:cod"
    ]
  ],
  "rewards": {
    "function": "cnk:cookbook/grant/cod"
  }
}