{
  "textures": {
    "layer0": "simplenergy:item/gui/pulverizer_3",
    "particle": "simplenergy:item/gui/pulverizer_3"
  },
  "elements": [
    {
      "from": [
        -16,
        -16,
        15.9375
      ],
      "to": [
        32,
        32,
        16
      ],
      "faces": {
        "north": {
          "uv": [
            11,
            16,
            0,
            5
          ],
          "rotation": 180,
          "texture": "#layer0"
        },
        "south": {
          "uv": [
            0,
            5,
            11,
            16
          ],
          "texture": "#layer0"
        }
      }
    }
  ],
  "display": {
    "firstperson_lefthand": {
      "rotation": [
        0,
        0,
        0
      ],
      "translation": [
        0,
        0,
        0
      ],
      "scale": [
        0,
        0,
        0
      ]
    },
    "gui": {
      "rotation": [
        0,
        0,
        0
      ],
      "scale": [
        3.66,
        3.66,
        3.66
      ],
      "translation": [
        -78,
        75,
        -76
      ]
    },
    "ground": {
      "rotation": [
        0,
        0,
        0
      ],
      "translation": [
        0,
        0,
        0
      ],
      "scale": [
        0,
        0,
        0
      ]
    }
  },
  "gui_light": "front"
}
