{
	"textures": {
		"0": "vmag:item/as_magnet"
	},
	"elements": [
		{
			"from": [6.999, 3.996, 6.999],
			"to": [9.001, 12.004, 9.001],
			"light_emission": 0,
			"faces": {
				"north": {
					"uv": [4, 3, 5, 7],
					"texture": "#0"
				},
				"east": {
					"uv": [0, 5, 1, 9],
					"texture": "#0"
				},
				"south": {
					"uv": [1, 5, 2, 9],
					"texture": "#0"
				},
				"west": {
					"uv": [2, 5, 3, 9],
					"texture": "#0"
				},
				"up": {
					"uv": [10, 3, 9, 2],
					"texture": "#0"
				},
				"down": {
					"uv": [4, 9, 3, 10],
					"texture": "#0"
				}
			}
		}
	],
	"display": {
		"head": {
			"rotation": [0, 0, -12.5],
			"translation": [5.76884, 12.2939, 0],
			"scale": [1.5, 1.5, 1.5]
		},
		"fixed": {
			"rotation": [-90.25, 0, -12.5],
			"translation": [6.15343, 0.00561, -6.71351],
			"scale": [1.6, 1.6, 1.6]
		}
	}
}