{
	"textures": {
		"0": "vmag:item/as_magnet"
	},
	"elements": [
		{
			"from": [3.9916, 6.9979, 6.9979],
			"to": [12.0084, 9.0021, 9.0021],
			"light_emission": 0,
			"faces": {
				"north": {
					"uv": [0, 0, 4, 1],
					"texture": "#0"
				},
				"east": {
					"uv": [9, 0, 10, 1],
					"texture": "#0"
				},
				"south": {
					"uv": [0, 1, 4, 2],
					"texture": "#0"
				},
				"west": {
					"uv": [1, 9, 2, 10],
					"texture": "#0"
				},
				"up": {
					"uv": [4, 3, 0, 2],
					"texture": "#0"
				},
				"down": {
					"uv": [4, 3, 0, 4],
					"texture": "#0"
				}
			}
		}
	],
	"display": {
		"head": {
			"rotation": [0, 0, 0],
			"translation": [0, 7.5126, 0],
			"scale": [1.5, 1.5, 1.5]
		},
		"fixed": {
			"rotation": [-90.25, 0, 0],
			"translation": [0, 0.02787, -1.6135],
			"scale": [1.6, 1.6, 1.6]
		}
	}
}