{
	"textures": {
		"0": "vmag:item/as_magnet"
	},
	"elements": [
		{
			"from": [4, 7, 7],
			"to": [12, 9, 9],
			"light_emission": 0,
			"faces": {
				"north": {
					"uv": [0, 4, 4, 5],
					"texture": "#0"
				},
				"east": {
					"uv": [9, 1, 10, 2],
					"texture": "#0"
				},
				"south": {
					"uv": [4, 0, 8, 1],
					"texture": "#0"
				},
				"west": {
					"uv": [2, 9, 3, 10],
					"texture": "#0"
				},
				"up": {
					"uv": [8, 2, 4, 1],
					"texture": "#0"
				},
				"down": {
					"uv": [8, 2, 4, 3],
					"texture": "#0"
				}
			}
		}
	],
	"display": {
		"head": {
			"rotation": [0, 90, 0],
			"translation": [0, 7.5, 0],
			"scale": [1.5, 1.5, 1.5]
		},
		"fixed": {
			"rotation": [-90.25, 90, 0],
			"translation": [0, 0.02793, -1.60006],
			"scale": [1.6, 1.6, 1.6]
		}
	}
}