{
	"textures": {
		"0": "vmag:item/as_magnet"
	},
	"elements": [
		{
			"from": [6.999, 3.996, 6.999],
			"to": [9.001, 12.004, 9.001],
			"light_emission": 0,
			"faces": {
				"north": {
					"uv": [8, 0, 9, 4],
					"texture": "#0"
				},
				"east": {
					"uv": [8, 4, 9, 8],
					"texture": "#0"
				},
				"south": {
					"uv": [8, 8, 9, 12],
					"texture": "#0"
				},
				"west": {
					"uv": [0, 9, 1, 13],
					"texture": "#0"
				},
				"up": {
					"uv": [10, 8, 9, 7],
					"texture": "#0"
				},
				"down": {
					"uv": [10, 8, 9, 9],
					"texture": "#0"
				}
			}
		}
	],
	"display": {
		"head": {
			"rotation": [-12.5, -90, 0],
			"translation": [0, 12.2939, -5.76884],
			"scale": [1.5, 1.5, 1.5]
		},
		"fixed": {
			"rotation": [-102.75, -90, 0],
			"translation": [0, -6.14775, -6.68665],
			"scale": [1.6, 1.6, 1.6]
		}
	}
}