{
	"textures": {
		"0": "vmag:item/as_magnet"
	},
	"elements": [
		{
			"from": [6.999, 3.996, 6.999],
			"to": [9.001, 12.004, 9.001],
			"light_emission": 0,
			"faces": {
				"north": {
					"uv": [4, 7, 5, 11],
					"texture": "#0"
				},
				"east": {
					"uv": [5, 7, 6, 11],
					"texture": "#0"
				},
				"south": {
					"uv": [6, 7, 7, 11],
					"texture": "#0"
				},
				"west": {
					"uv": [7, 7, 8, 11],
					"texture": "#0"
				},
				"up": {
					"uv": [10, 6, 9, 5],
					"texture": "#0"
				},
				"down": {
					"uv": [10, 6, 9, 7],
					"texture": "#0"
				}
			}
		}
	],
	"display": {
		"head": {
			"rotation": [12.5, -90, 0],
			"translation": [0, 12.2939, 5.76884],
			"scale": [1.5, 1.5, 1.5]
		},
		"fixed": {
			"rotation": [-77.75, -90, 0],
			"translation": [0, 6.15898, -6.74035],
			"scale": [1.6, 1.6, 1.6]
		}
	}
}