{
  "model": {
    "type": "minecraft:range_dispatch",
    "property": "minecraft:custom_model_data",
    "entries": [
      {
        "threshold": 370,
        "model": {
          "type": "minecraft:model",
          "model": "minecraft:item/brownie"
        }
      },
      {
        "threshold": 371,
        "model": {
          "type": "minecraft:model",
          "model": "item/apple_pie"
        }
      },
      {
        "threshold": 372,
        "model": {
          "type": "minecraft:model",
          "model": "minecraft:item/berry_pie"
        }
      },
      {
        "threshold": 373,
        "model": {
          "type": "minecraft:model",
          "model": "minecraft:item/cupcake"
        }
      },
      {
        "threshold": 374,
        "model": {
          "type": "minecraft:model",
          "model": "minecraft:item/berry_muffin"
        }
      },
      {
        "threshold": 375,
        "model": {
          "type": "minecraft:model",
          "model": "minecraft:item/honeybun"
        }
      },
      {
        "threshold": 376,
        "model": {
          "type": "minecraft:model",
          "model": "minecraft:item/carrot_cake"
        }
      },
      {
        "threshold": 377,
        "model": {
          "type": "minecraft:model",
          "model": "minecraft:item/berry_cheese_cake"
        }
      },
      {
        "threshold": 378,
        "model": {
          "type": "minecraft:model",
          "model": "minecraft:item/red_velvet_cupcake"
        }
      },
      {
        "threshold": 379,
        "model": {
          "type": "minecraft:model",
          "model": "minecraft:item/blaze_donut"
        }
      },
      {
        "threshold": 380,
        "model": {
          "type": "minecraft:model",
          "model": "minecraft:item/fox_fudge"
        }
      }
    ],
    "index": 0,
    "fallback": {
      "type": "minecraft:composite",
      "models": [
        {
          "type": "minecraft:model",
          "model": "minecraft:item/bread"
        }
      ]
    }
  }
  }
  


