{
  "model": {
    "type": "minecraft:range_dispatch",
    "property": "minecraft:custom_model_data",
    "entries": [
      {
        "threshold": 120,
        "model": {
          "type": "minecraft:model",
          "model": "minecraft:item/lumen_beans"
        }
      },
      {
        "threshold": 121,
        "model": {
          "type": "minecraft:model",
          "model": "item/sickly_sweets"
        }
      },
      {
        "threshold": 122,
        "model": {
          "type": "minecraft:model",
          "model": "minecraft:item/boomin_bon_bon"
        }
      },
      {
        "threshold": 123,
        "model": {
          "type": "minecraft:model",
          "model": "minecraft:item/bubbling_beez"
        }
      },
      {
        "threshold": 124,
        "model": {
          "type": "minecraft:model",
          "model": "minecraft:item/chocolate_hopper"
        }
      }
    ],
    "index": 0,
    "fallback": {
      "type": "minecraft:composite",
      "models": [
        {
          "type": "minecraft:model",
          "model": "minecraft:item/dried_kelp"
        }
      ]
    }
  }
  }
  



