{
  "model": {
    "type": "minecraft:range_dispatch",
    "property": "minecraft:custom_model_data",
    "entries": [
      {
        "threshold": 600,
        "model": {
          "type": "minecraft:model",
          "model": "minecraft:item/coffee_pot"
        }
      },
      {
        "threshold": 601,
        "model": {
          "type": "minecraft:model",
          "model": "minecraft:item/coffee_pot_east"
        }
      },
      {
        "threshold": 602,
        "model": {
          "type": "minecraft:model",
          "model": "minecraft:item/coffee_pot_south"
        }
      },
      {
        "threshold": 603,
        "model": {
          "type": "minecraft:model",
          "model": "minecraft:item/coffee_pot_west"
        }
      },
      {
        "threshold": 610,
        "model": {
          "type": "minecraft:model",
          "model": "minecraft:item/bakers_oven"
        }
      },
      {
        "threshold": 611,
        "model": {
          "type": "minecraft:model",
          "model": "minecraft:item/bakers_oven_east"
        }
      },
      {
        "threshold": 612,
        "model": {
          "type": "minecraft:model",
          "model": "minecraft:item/bakers_oven_south"
        }
      },
      {
        "threshold": 613,
        "model": {
          "type": "minecraft:model",
          "model": "minecraft:item/bakers_oven_west"
        }
      },
      {
        "threshold": 700,
        "model": {
          "type": "minecraft:model",
          "model": "minecraft:item/register_oak"
        }
      },
      {
        "threshold": 701,
        "model": {
          "type": "minecraft:model",
          "model": "minecraft:item/register_oak_east"
        }
      },
      {
        "threshold": 702,
        "model": {
          "type": "minecraft:model",
          "model": "minecraft:item/register_oak_south"
        }
      },
      {
        "threshold": 703,
        "model": {
          "type": "minecraft:model",
          "model": "minecraft:item/register_oak_west"
        }
      },
      {
        "threshold": 704,
        "model": {
          "type": "minecraft:model",
          "model": "minecraft:item/register_acadia"
        }
      },
      {
        "threshold": 705,
        "model": {
          "type": "minecraft:model",
          "model": "minecraft:item/register_acadia_east"
        }
      },
      {
        "threshold": 706,
        "model": {
          "type": "minecraft:model",
          "model": "minecraft:item/register_acadia_south"
        }
      },
      {
        "threshold": 707,
        "model": {
          "type": "minecraft:model",
          "model": "minecraft:item/register_acadia_west"
        }
      },
      {
        "threshold": 708,
        "model": {
          "type": "minecraft:model",
          "model": "minecraft:item/register_bamboo"
        }
      },
      {
        "threshold": 709,
        "model": {
          "type": "minecraft:model",
          "model": "minecraft:item/register_bamboo_east"
        }
      },
      {
        "threshold": 710,
        "model": {
          "type": "minecraft:model",
          "model": "minecraft:item/register_bamboo_south"
        }
      },
      {
        "threshold": 711,
        "model": {
          "type": "minecraft:model",
          "model": "minecraft:item/register_bamboo_west"
        }
      },
      {
        "threshold": 712,
        "model": {
          "type": "minecraft:model",
          "model": "minecraft:item/register_birch"
        }
      },
      {
        "threshold": 713,
        "model": {
          "type": "minecraft:model",
          "model": "minecraft:item/register_birch_east"
        }
      },
      {
        "threshold": 714,
        "model": {
          "type": "minecraft:model",
          "model": "minecraft:item/register_birch_south"
        }
      },
      {
        "threshold": 715,
        "model": {
          "type": "minecraft:model",
          "model": "minecraft:item/register_birch_west"
        }
      },
      {
        "threshold": 716,
        "model": {
          "type": "minecraft:model",
          "model": "minecraft:item/register_cherry"
        }
      },
      {
        "threshold": 717,
        "model": {
          "type": "minecraft:model",
          "model": "minecraft:item/register_cherry_east"
        }
      },
      {
        "threshold": 718,
        "model": {
          "type": "minecraft:model",
          "model": "minecraft:item/register_cherry_south"
        }
      },
      {
        "threshold": 719,
        "model": {
          "type": "minecraft:model",
          "model": "minecraft:item/register_cherry_west"
        }
      },
      {
        "threshold": 720,
        "model": {
          "type": "minecraft:model",
          "model": "minecraft:item/register_crimson"
        }
      },
      {
        "threshold": 721,
        "model": {
          "type": "minecraft:model",
          "model": "minecraft:item/register_crimson_east"
        }
      },
      {
        "threshold": 722,
        "model": {
          "type": "minecraft:model",
          "model": "minecraft:item/register_crimson_south"
        }
      },
      {
        "threshold": 723,
        "model": {
          "type": "minecraft:model",
          "model": "minecraft:item/register_crimson_west"
        }
      },
      {
        "threshold": 724,
        "model": {
          "type": "minecraft:model",
          "model": "minecraft:item/register_dark_oak"
        }
      },
      {
        "threshold": 725,
        "model": {
          "type": "minecraft:model",
          "model": "minecraft:item/register_dark_oak_east"
        }
      },
      {
        "threshold": 726,
        "model": {
          "type": "minecraft:model",
          "model": "minecraft:item/register_dark_oak_south"
        }
      },
      {
        "threshold": 727,
        "model": {
          "type": "minecraft:model",
          "model": "minecraft:item/register_dark_oak_west"
        }
      },
      {
        "threshold": 728,
        "model": {
          "type": "minecraft:model",
          "model": "minecraft:item/register_jungle"
        }
      },
      {
        "threshold": 729,
        "model": {
          "type": "minecraft:model",
          "model": "minecraft:item/register_jungle_east"
        }
      },
      {
        "threshold": 730,
        "model": {
          "type": "minecraft:model",
          "model": "minecraft:item/register_jungle_south"
        }
      },
      {
        "threshold": 731,
        "model": {
          "type": "minecraft:model",
          "model": "minecraft:item/register_jungle_west"
        }
      },
      {
        "threshold": 732,
        "model": {
          "type": "minecraft:model",
          "model": "minecraft:item/register_mangrove"
        }
      },
      {
        "threshold": 733,
        "model": {
          "type": "minecraft:model",
          "model": "minecraft:item/register_mangrove_east"
        }
      },
      {
        "threshold": 734,
        "model": {
          "type": "minecraft:model",
          "model": "minecraft:item/register_mangrove_south"
        }
      },
      {
        "threshold": 735,
        "model": {
          "type": "minecraft:model",
          "model": "minecraft:item/register_mangrove_west"
        }
      },
      {
        "threshold": 736,
        "model": {
          "type": "minecraft:model",
          "model": "minecraft:item/register_spruce"
        }
      },
      {
        "threshold": 737,
        "model": {
          "type": "minecraft:model",
          "model": "minecraft:item/register_spruce_east"
        }
      },
      {
        "threshold": 738,
        "model": {
          "type": "minecraft:model",
          "model": "minecraft:item/register_spruce_south"
        }
      },
      {
        "threshold": 739,
        "model": {
          "type": "minecraft:model",
          "model": "minecraft:item/register_spruce_west"
        }
      },
      {
        "threshold": 740,
        "model": {
          "type": "minecraft:model",
          "model": "minecraft:item/register_warped"
        }
      },
      {
        "threshold": 741,
        "model": {
          "type": "minecraft:model",
          "model": "minecraft:item/register_warped_east"
        }
      },
      {
        "threshold": 742,
        "model": {
          "type": "minecraft:model",
          "model": "minecraft:item/register_warped_south"
        }
      },
      {
        "threshold": 743,
        "model": {
          "type": "minecraft:model",
          "model": "minecraft:item/register_warped_west"
        }
      },
      {
        "threshold": 744,
        "model": {
          "type": "minecraft:model",
          "model": "minecraft:item/register_pale_oak"
        }
      },
      {
        "threshold": 745,
        "model": {
          "type": "minecraft:model",
          "model": "minecraft:item/register_pale_oak_east"
        }
      },
      {
        "threshold": 746,
        "model": {
          "type": "minecraft:model",
          "model": "minecraft:item/register_pale_oak_south"
        }
      },
      {
        "threshold": 747,
        "model": {
          "type": "minecraft:model",
          "model": "minecraft:item/register_pale_oak_west"
        }
      },
      {
        "threshold": 800,
        "model": {
          "type": "minecraft:model",
          "model": "minecraft:item/prep_table_oak"
        }
      },
      {
        "threshold": 801,
        "model": {
          "type": "minecraft:model",
          "model": "minecraft:item/prep_table_spruce"
        }
      },
      {
        "threshold": 802,
        "model": {
          "type": "minecraft:model",
          "model": "minecraft:item/prep_table_birch"
        }
      },
      {
        "threshold": 803,
        "model": {
          "type": "minecraft:model",
          "model": "minecraft:item/prep_table_jungle"
        }
      },
      {
        "threshold": 804,
        "model": {
          "type": "minecraft:model",
          "model": "minecraft:item/prep_table_acadia"
        }
      },
      {
        "threshold": 805,
        "model": {
          "type": "minecraft:model",
          "model": "minecraft:item/prep_table_dark_oak"
        }
      },
      {
        "threshold": 806,
        "model": {
          "type": "minecraft:model",
          "model": "minecraft:item/prep_table_mangrove"
        }
      },
      {
        "threshold": 807,
        "model": {
          "type": "minecraft:model",
          "model": "minecraft:item/prep_table_cherry"
        }
      },
      {
        "threshold": 808,
        "model": {
          "type": "minecraft:model",
          "model": "minecraft:item/prep_table_bamboo"
        }
      },
      {
        "threshold": 809,
        "model": {
          "type": "minecraft:model",
          "model": "minecraft:item/prep_table_crimson"
        }
      },
      {
        "threshold": 810,
        "model": {
          "type": "minecraft:model",
          "model": "minecraft:item/prep_table_warped"
        }
      },
      {
        "threshold": 811,
        "model": {
          "type": "minecraft:model",
          "model": "minecraft:item/prep_table_pale_oak"
        }
      },
      {
        "threshold": 850,
        "model": {
          "type": "minecraft:model",
          "model": "minecraft:item/sweet_box_brownie"
        }
      },
      {
        "threshold": 851,
        "model": {
          "type": "minecraft:model",
          "model": "minecraft:item/sweet_box_apple_pie"
        }
      },
      {
        "threshold": 852,
        "model": {
          "type": "minecraft:model",
          "model": "minecraft:item/sweet_box_berry_pie"
        }
      },
      {
        "threshold": 853,
        "model": {
          "type": "minecraft:model",
          "model": "minecraft:item/sweet_box_cupcake"
        }
      },
      {
        "threshold": 854,
        "model": {
          "type": "minecraft:model",
          "model": "minecraft:item/sweet_box_berry_muffin"
        }
      },
      {
        "threshold": 855,
        "model": {
          "type": "minecraft:model",
          "model": "minecraft:item/sweet_box_honeybun"
        }
      },
      {
        "threshold": 856,
        "model": {
          "type": "minecraft:model",
          "model": "minecraft:item/sweet_box_carrot_cake"
        }
      },
      {
        "threshold": 857,
        "model": {
          "type": "minecraft:model",
          "model": "minecraft:item/sweet_box_berry_cheese_cake"
        }
      },
      {
        "threshold": 858,
        "model": {
          "type": "minecraft:model",
          "model": "minecraft:item/sweet_box_cupcake_red_velvet"
        }
      },
      {
        "threshold": 859,
        "model": {
          "type": "minecraft:model",
          "model": "minecraft:item/sweet_box_lumen_beans"
        }
      },
      {
        "threshold": 860,
        "model": {
          "type": "minecraft:model",
          "model": "minecraft:item/sweet_box_sickly_sweets"
        }
      },
      {
        "threshold": 861,
        "model": {
          "type": "minecraft:model",
          "model": "minecraft:item/sweet_box_boomin_bon"
        }
      },
      {
        "threshold": 862,
        "model": {
          "type": "minecraft:model",
          "model": "minecraft:item/sweet_box_whirlin_beez"
        }
      },
      {
        "threshold": 863,
        "model": {
          "type": "minecraft:model",
          "model": "minecraft:item/sweet_box_chocolate_hopper"
        }
      },
      {
        "threshold": 864,
        "model": {
          "type": "minecraft:model",
          "model": "minecraft:item/sweet_box_blaze_powder_donut"
        }
      },
      {
        "threshold": 865,
        "model": {
          "type": "minecraft:model",
          "model": "minecraft:item/sweet_box_fox_fudge"
        }
      },
      {
        "threshold": 866,
        "model": {
          "type": "minecraft:model",
          "model": "minecraft:item/sweet_box_pumpkin_pie"
        }
      },
      {
        "threshold": 1000,
        "model": {
          "type": "minecraft:model",
          "model": "minecraft:item/bushel_berry"
        }
      },
      {
        "threshold": 1001,
        "model": {
          "type": "minecraft:model",
          "model": "minecraft:item/bushel_beans"
        }
      },
      {
        "threshold": 1002,
        "model": {
          "type": "minecraft:model",
          "model": "minecraft:item/bushel_chorus"
        }
      },
      {
        "threshold": 1003,
        "model": {
          "type": "minecraft:model",
          "model": "minecraft:item/bushel_glow_berry"
        }
      },
      {
        "threshold": 1004,
        "model": {
          "type": "minecraft:model",
          "model": "minecraft:item/6-pack-honey"
        }
      }
    ],
    "index": 0,
    "fallback": {
      "type": "minecraft:composite",
      "models": [
        {
          "type": "minecraft:model",
          "model": "minecraft:item/glow_item_frame"
        }
      ]
    }
  }
  }
  