
{
  "model": {
    "type": "minecraft:range_dispatch",
    "property": "minecraft:custom_model_data",
    "entries": [
      {
        "threshold": 10,
        "model": {
          "type": "minecraft:model",
          "model": "minecraft:item/tea_roast"
        }
      },
      {
        "threshold": 20,
        "model": {
          "type": "minecraft:model",
          "model": "item/coffee_roast"
        }
      },
      {
        "threshold": 30,
        "model": {
          "type": "minecraft:model",
          "model": "minecraft:item/mixing_bowl"
        }
      },
      {
        "threshold": 40,
        "model": {
          "type": "minecraft:model",
          "model": "minecraft:item/batter_brownie"
        }
      },
      {
        "threshold": 50,
        "model": {
          "type": "minecraft:model",
          "model": "minecraft:item/batter_carrot_cake"
        }
      },
      {
        "threshold": 60,
        "model": {
          "type": "minecraft:model",
          "model": "minecraft:item/batter_berry_cheesecake"
        }
      },
      {
        "threshold": 70,
        "model": {
          "type": "minecraft:model",
          "model": "minecraft:item/batter_fox_fudge"
        }
      },
      {
        "threshold": 80,
        "model": {
          "type": "minecraft:model",
          "model": "minecraft:item/batter_cupcake"
        }
      },
      {
        "threshold": 90,
        "model": {
          "type": "minecraft:model",
          "model": "minecraft:item/batter_velvet_cupcake"
        }
      },
      {
        "threshold": 100,
        "model": {
          "type": "minecraft:model",
          "model": "minecraft:item/batter_berry_muffin"
        }
      },
      {
        "threshold": 110,
        "model": {
          "type": "minecraft:model",
          "model": "minecraft:item/batter_apple_pie"
        }
      },
      {
        "threshold": 120,
        "model": {
          "type": "minecraft:model",
          "model": "minecraft:item/batter_berry_pie"
        }
      },
      {
        "threshold": 130,
        "model": {
          "type": "minecraft:model",
          "model": "minecraft:item/batter_honeybun"
        }
      },
      {
        "threshold": 140,
        "model": {
          "type": "minecraft:model",
          "model": "minecraft:item/batter_blaze_donut"
        }
      },
      {
        "threshold": 150,
        "model": {
          "type": "minecraft:model",
          "model": "minecraft:item/batter_lumen_beans"
        }
      },
      {
        "threshold": 160,
        "model": {
          "type": "minecraft:model",
          "model": "minecraft:item/batter_sickly_sweets"
        }
      },
      {
        "threshold": 170,
        "model": {
          "type": "minecraft:model",
          "model": "minecraft:item/batter_bon_bon"
        }
      },
      {
        "threshold": 180,
        "model": {
          "type": "minecraft:model",
          "model": "minecraft:item/batter_hopper"
        }
      },
      {
        "threshold": 190,
        "model": {
          "type": "minecraft:model",
          "model": "minecraft:item/batter_beez"
        }
      },
      {
        "threshold": 200,
        "model": {
          "type": "minecraft:model",
          "model": "minecraft:item/plate_black"
        }
      },
      {
        "threshold": 201,
        "model": {
          "type": "minecraft:model",
          "model": "minecraft:item/plate_blue"
        }
      },
      {
        "threshold": 202,
        "model": {
          "type": "minecraft:model",
          "model": "minecraft:item/plate_brown"
        }
      },
      {
        "threshold": 203,
        "model": {
          "type": "minecraft:model",
          "model": "minecraft:item/plate_cyan"
        }
      },
      {
        "threshold": 204,
        "model": {
          "type": "minecraft:model",
          "model": "minecraft:item/plate_gray"
        }
      },
      {
        "threshold": 205,
        "model": {
          "type": "minecraft:model",
          "model": "minecraft:item/plate_green"
        }
      },
      {
        "threshold": 206,
        "model": {
          "type": "minecraft:model",
          "model": "minecraft:item/plate_light_blue"
        }
      },
      {
        "threshold": 207,
        "model": {
          "type": "minecraft:model",
          "model": "minecraft:item/plate_light_gray"
        }
      },
      {
        "threshold": 208,
        "model": {
          "type": "minecraft:model",
          "model": "minecraft:item/plate_lime_green"
        }
      },
      {
        "threshold": 209,
        "model": {
          "type": "minecraft:model",
          "model": "minecraft:item/plate_magenta"
        }
      },
      {
        "threshold": 210,
        "model": {
          "type": "minecraft:model",
          "model": "minecraft:item/plate_orange"
        }
      },
      {
        "threshold": 211,
        "model": {
          "type": "minecraft:model",
          "model": "minecraft:item/plate_pink"
        }
      },
      {
        "threshold": 212,
        "model": {
          "type": "minecraft:model",
          "model": "minecraft:item/plate_purple"
        }
      },
      {
        "threshold": 213,
        "model": {
          "type": "minecraft:model",
          "model": "minecraft:item/plate_red"
        }
      },
      {
        "threshold": 214,
        "model": {
          "type": "minecraft:model",
          "model": "minecraft:item/plate_white"
        }
      },
      {
        "threshold": 215,
        "model": {
          "type": "minecraft:model",
          "model": "minecraft:item/plate_yellow"
        }
      }
    ],
    "index": 0,
    "fallback": {
      "type": "minecraft:composite",
      "models": [
        {
          "type": "minecraft:model",
          "model": "minecraft:item/iron_nugget"
        }
      ]
    }
  }
  }
  



