{
    "model": {
      "type": "minecraft:range_dispatch",
      "property": "minecraft:custom_model_data",
      "entries": [
        {
          "threshold": 70,
          "model": {
            "type": "minecraft:model",
            "model": "minecraft:item/coffee"
          }
        },
        {
          "threshold": 71,
          "model": {
            "type": "minecraft:model",
            "model": "item/tea"
          }
        }
      ],
      "index": 0,
      "fallback": {
        "type": "minecraft:composite",
        "models": [
          {
            "type": "minecraft:model",
            "model": "minecraft:item/potion",
            "tints": [
              {
              "type": "minecraft:potion",
              "default": -13083194
              }
            ]
          }
        ]
      }
    }
  }
    
    
  
  
  
  
