{
  "model": {
    "type": "minecraft:range_dispatch",
    "property": "minecraft:custom_model_data",
    "entries": [
      {
        "threshold": 10,
        "model": {
          "type": "minecraft:model",
          "model": "minecraft:item/pumpkin_pie_plated"
        }
      }
    ],
    "index": 0,
    "fallback": {
      "type": "minecraft:composite",
      "models": [
        {
          "type": "minecraft:model",
          "model": "minecraft:item/pumpkin_pie"
        }
      ]
    }
  }
  }
  


