{
  "model": {
    "type": "minecraft:range_dispatch",
    "property": "minecraft:custom_model_data",
    "entries": [
      {
        "threshold": 200,
        "model": {
          "type": "minecraft:model",
          "model": "minecraft:item/plate_black"
        }
      },
      {
        "threshold": 201,
        "model": {
          "type": "minecraft:model",
          "model": "minecraft:item/plate_blue"
        }
      },
      {
        "threshold": 202,
        "model": {
          "type": "minecraft:model",
          "model": "minecraft:item/plate_brown"
        }
      },
      {
        "threshold": 203,
        "model": {
          "type": "minecraft:model",
          "model": "minecraft:item/plate_cyan"
        }
      },
      {
        "threshold": 204,
        "model": {
          "type": "minecraft:model",
          "model": "minecraft:item/plate_gray"
        }
      },
      {
        "threshold": 205,
        "model": {
          "type": "minecraft:model",
          "model": "minecraft:item/plate_green"
        }
      },
      {
        "threshold": 206,
        "model": {
          "type": "minecraft:model",
          "model": "minecraft:item/plate_light_blue"
        }
      },
      {
        "threshold": 207,
        "model": {
          "type": "minecraft:model",
          "model": "minecraft:item/plate_light_gray"
        }
      },
      {
        "threshold": 208,
        "model": {
          "type": "minecraft:model",
          "model": "minecraft:item/plate_lime_green"
        }
      },
      {
        "threshold": 209,
        "model": {
          "type": "minecraft:model",
          "model": "minecraft:item/plate_magenta"
        }
      },
      {
        "threshold": 210,
        "model": {
          "type": "minecraft:model",
          "model": "minecraft:item/plate_orange"
        }
      },
      {
        "threshold": 211,
        "model": {
          "type": "minecraft:model",
          "model": "minecraft:item/plate_pink"
        }
      },
      {
        "threshold": 212,
        "model": {
          "type": "minecraft:model",
          "model": "minecraft:item/plate_purple"
        }
      },
      {
        "threshold": 213,
        "model": {
          "type": "minecraft:model",
          "model": "minecraft:item/plate_red"
        }
      },
      {
        "threshold": 214,
        "model": {
          "type": "minecraft:model",
          "model": "minecraft:item/plate_white"
        }
      },
      {
        "threshold": 215,
        "model": {
          "type": "minecraft:model",
          "model": "minecraft:item/plate_yellow"
        }
      },
      {
        "threshold": 910,
        "model": {
          "type": "minecraft:model",
          "model": "minecraft:item/treasure_box_common"
        }
      },
      {
        "threshold": 911,
        "model": {
          "type": "minecraft:model",
          "model": "item/treasure_box_adventurous"
        }
      },
      {
        "threshold": 912,
        "model": {
          "type": "minecraft:model",
          "model": "minecraft:item/treasure_box_legendary"
        }
      }
    ],
    "index": 0,
    "fallback": {
      "type": "minecraft:composite",
      "models": [
        {
          "type": "minecraft:model",
          "model": "minecraft:item/squid_spawn_egg"
        }
      ]
    }
  }
  }
  



